source_term	standard_korean	reference_japanese	reference_chinese	category	forbidden_terms	notes
Maghre	마그흐레(Maghre)			place_name		고유명사 병기 기준
Toen Caric	토엔 캐릭(Toen Caric)			place_name		고유명사 병기 기준
Tath	타쓰(Tath)			place_name		고유명사 병기 기준
Thorodor	토로도르(Thorodor)			person_name		고유명사 병기 기준
Galdren	갈드렌(Galdren)			person_name		고유명사 병기 기준
Mal-Xlana	말-즐라나(Mal-Xlana)			person_name		고유명사 병기 기준
Ravan	라반(Ravan)			person_name		고유명사 병기 기준
Vrug	브루그(Vrug)			place_name		고유명사 병기 기준
Aldril	알드릴(Aldril)			place_name		고유명사 병기 기준
Annuvin	안누빈(Annuvin)			place_name		고유명사 병기 기준
Delwyn	델윈(Delwyn)			place_name		고유명사 병기 기준
Halstead	할스테드(Halstead)			place_name		고유명사 병기 기준
Aethenwood	아에텐우드(Aethenwood)			place_name		고유명사 병기 기준
Leonard	레너드(Leonard)			person_name		고유명사 병기 기준
Mebrin	메브린(Mebrin)			person_name		고유명사 병기 기준
Arne	아른(Arne)			person_name		고유명사 병기 기준
Bjarn	비아른(Bjarn)			person_name		고유명사 병기 기준
Barag Gór	바락 고르(Barag Gór)			place_name		고유명사 병기 기준
Thera	테라(Thera)			person_name		고유명사 병기 기준
Grubr	그루브르(Grubr)			person_name		고유명사 병기 기준
Prestim	프레스팀(Prestim)			place_name		고유명사 병기 기준
 | Right-click to remove	 | 오른쪽 클릭으로 제거	 | 右クリックで削除	 | 右击以移除	term		
#	#	#	#	identifier		
(Hard level, 10 scenarios.)	(어려움 난이도, 10개 시나리오.)	（上級レベル、10 シナリオ）	（困难级别，10幕场景。）	campaign_name		
(Invalid)	(잘못됨)	（無効）	（无效）	term		
(Novice level, 8 scenarios.)	(초보자 레벨, 8개 시나리오.)	（初級レベル、8 シナリオ。）	（新手级别，8幕场景。）	campaign_name		
(looks miffed)	(언짢아 보임)	（ムッとしている）	（面有怒色）	term		
(no attacks have taken place yet)	(아직 공격이 이루어지지 않음)	（まだ攻撃が行われていません）	（还没有进行攻击）	term		
(picks up the amulet)	(부적을 집어 듦)	(アミュレットを拾い上げる)	（拿起护身符）	term		
(there will be three waves)	(세 번의 웨이브가 진행됩니다)	（敵は 3 度押し寄せてきます）	（将有三波敌军）	term		
(this turn left)	(이번 턴 남음)	（残り $remaining_turns ターン）	（只剩余此回合了）	term		
* Required	* 필수	* 必須	* 必需	term		
* required fields	* 필수 항목	* 必須項目	* 必选字段	term		
...I can’t-	...나는-	……私には──	…我不能—	term		
10 gold	금화 10개	10 ゴールド	10金币	campaign_name		
11-3 ranged-arcane magical	11-3 사거리-비전 마법	11-3 遠隔秘術 魔法	11-3 远程-奥术 魔法	item_name		
115 gold	115 골드	115 ゴールド	115金币	campaign_name		
17-2 ranged-fire magical	17-2 원거리 마법 공격	17-2 遠隔火炎 魔法	17-2 远程-火焰 魔法	item_name		
19-1 ranged-cold slows	19-1 원거리-냉기 속도 감소	19-1 遠隔 氷の弓 鈍化	19-1 远程-冰寒 减速	item_name		
1x enemies	적 1배	難易度 20%	1倍敌军	campaign_name		
20 gold	금화 20개	20 ゴールド	20金币	campaign_name		
24 Hour Schedule	24시간 일정	24時間スケジュール	24小时日程表	term		
25 gold	금화 25개	25 ゴールド	25金币	campaign_name		
2p — Clearing Gushes	2인 — 급류 지대 정리	2p — 氾濫の後片付け	2p — 清理涌流	term		
2p — Hellhole	2인 — 지옥구덩이	2p — 地獄	2p — 地狱之门	term		
2p — Isle of Mists (Survival)	2인 — 안개의 섬(생존)	2p — 霧の島（サバイバル）	2p — 迷雾岛（生存）	term		
2p — Ruined Passage	2p — 폐허가 된 통로	2p — 滅びた通路	2p — 破败通路	proper_noun		
2p — Ruphus Isle	2p — 루퍼스(Ruphus) 섬	2p — Ruphus 島	2p — 鲁弗斯岛	proper_noun		
2p — Swamp of Dread	2인 — 공포의 늪	2p — 恐怖の沼地	2p — 恐惧沼泽	term		
2p — The Walls of Pyrennis	2인 — 피레니스(Pyrennis)의 성벽	2p — Pyrennis の城壁	2p — 菲伦尼斯之墙	term		
2p — Tombs of Kesorak	2인 — 케소락(Kesorak)의 무덤	2p — Kesorak の墓	2p — 科索拉克之墓	term		
3p - Elevation Test	3p - 고저차 지형 테스트	3p - 高低差地形テスト	3p - 高低差测试	proper_noun		
3x enemies	적 3배	難易度 60%	3倍敌军	campaign_name		
4p — Bath of Glory	4인 — 영광의 목욕탕	4p — 栄光の浴場	4p — 荣耀洗礼地	term		
4p — Geothermal	4인 — 지열	4p — 地は熱く	4p — 地热	term		
5x enemies	적 5배	難易度 100%	5倍敌军	campaign_name		
70 gold	금화 70개	70 ゴールド	70金币	campaign_name		
A Bargain is Struck	거래가 성사되다	取引成立	交易达成	campaign_name		
A Choice Must Be Made	선택해야 한다	避けられない選択	必须的抉择	campaign_name		
A Desperate Errand	절박한 여정	捨て身の訪問	急切使命	campaign_name		
A Final Spring	최후의 봄	最後の春	最后的春天	campaign_name		
A Former Friend	옛 친구	かつての戦友	故友	unit_name		
A Harrowing Escape	비참한 탈출	苦渋の脱出	悲伤撤离	campaign_name		
A Haunting in Winter	겨울의 유령	幽霊の冬	冬日闹鬼	campaign_name		
A Monolith of Stone	돌 기둥	石のモノリス	一块石碑	term		
A New Ally	새로운 아군	新たなる盟友	新同盟	campaign_name		
A New Land	새로운 땅	新天地	新大陆	campaign_name		
A Strategy of Hope	희망의 전략	希望への道筋	希望之军略	campaign_name		
A Subterranean Struggle	지하 투쟁	地中の闘争	地下挣扎	campaign_name		
A Summer of Storms	폭풍의 여름	騒乱の夏	风暴之夏	campaign_name		
A component	구성요소	コンポーネント	一个组件	term		
A swift victory	신속한 승리	迅速な勝利	迅速胜利	term		
AToTB	형제(AToTB)	AToTB	AToTB	campaign_name		
Abandoned Mine	버려진 광산	荒れた鉱山	废弃矿坑	item_name		
Abandoned Outpost	버려진 전초기지	荒れ果てた前哨基地	废弃哨所	campaign_name		
Abhai	아브하이(Abhai)	Abhai	安彼海	unit_name		
Abilities	능력	能力	能力	term		
Abman	압만(Abman)	Abman	亚布曼	faction		
Abmin	아브민(Abmin)	Abmin	阿明	proper_noun		
About Maintenance Tools GUI	유지 관리 도구 GUI 정보	Maintenance Tools GUI について	关于维护工具图形用户界面	term		
About the Game	게임 정보	このゲームについて	关于游戏	term		
Abraxas	아브라싸스(Abraxas)	Abraxas	埃布莱克斯	faction		원본 PO의 고유명사 문맥을 확인해 한국어 음차와 원문을 병기
Absu	압수(Absu)	Absu	阿布苏	unit_name		
Academy	아카데미	学院	学院	term		
Accelerated speed	가속	高速化	加速	term		
Accept whispers from friends only	친구의 귓속말만 허용	友人からのささやきのみを受け入れる	仅接受来自好友的悄悄话	term		
Accuracy	정확도	正確	精准	term		
Accurate Strikes	정확한 타격	打撃精度の向上	精准打击	term		
Achievements	업적	実績	成就	term		
Acquaintance in Need	위기에 처한 이웃	窮地の知人	危难中的熟人	campaign_name		
Across the Harsh Sands	거친 모래밭을 건너	過酷な砂漠を越えて	穿越黄沙	campaign_name		
Action	행동	動作	动作	term		
Action Bonus	행동 보너스	行動ボーナス	行动奖励	term		
Actions	행동 메뉴	アクション	行动	term		
Actions button	액션 버튼	アクションボタン	“行动”按钮	term		
Activates Planning Mode on game start	게임 시작 시 계획 모드 활성화	計画モードをゲーム開始時に有効にします	当游戏开始时，激活计划模式	term		
Adamant armor	아다만트 갑옷	堅牢の鎧	韧甲	item_name		
Adamar	아다마르(Adamar)	Adamar	阿达马尔	proper_noun		
Add	추가	追加	添加	term		
Add Friend	친구 추가	友人に追加	添加好友	term		
Add New Area	새 구역 추가	新たな領域の追加	添加新的区域	term		
Add New Side	새 진영 추가	新しい陣営の追加	添加新阵营	term		
Add Server	서버 추가	サーバーを追加	添加服务器	term		
Add a timestamp to chat messages	채팅 메시지에 타임스탬프 추가	チャットメッセージに時刻を表示します	在聊天消息上加上时间戳	term		
Add-on	부가 기능	アドオン	附加组件	proper_noun		
Add-on Deleted	부가 기능 삭제 완료	アドオンの削除完了	附加组件已删除	term		
Add-on Details	부가 기능 세부 정보	アドオンの詳細	附加组件细节	term		
Add-on ID	부가 기능 ID	アドオンの ID	附加组件ID	term		
Add-on Publishing Editor	부가 기능 게시 편집기	アドオン公開エディタ	附加组件发布编辑器	term		
Add-on Publishing Setup	부가 기능 게시 설정	アドオン公開のセットアップ	附加组件发布设置	term		
Add-on selection	부가 기능 선택	アドオンの選択	附加组件选择	term		
Add-ons	부가 기능	アドオン	附加组件	proper_noun		
Additional Artwork	추가 아트워크	追加のアートワーク	额外美工	term		
Additional thanks to	다른 고마운 분들	さらなる感謝を	鸣谢	term		
Addogin	아도긴(Addogin)	Addogin	阿道金	faction		원본 PO의 고유명사 문맥을 확인해 한국어 음차와 원문을 병기
Address	주소	アドレス	地址	term		
Adds 1 MP	이동력 1 증가	移動力を 1 増やす	增加1点移动点数	term		
Adds 2 MP	이동력 2 증가	移動力を 2 増やす	增加2点移动点数	term		
Adobe Village	어도비 마을	煉瓦の村	泥砖村庄	terrain		
Adran	아드란(Adran)	Adran	阿德兰	unit_name		
Advance Unit	유닛 레벨 업	ユニットのレベルアップ	升级单位	term		
Advanced	고급	上級	高级	term		
Advanced options	고급 선택사항	詳細オプション	高级选项	term		
Advancement	승급	レベルアップ	升级	term		
Aelion	애리온(Aelion)	Aelion	阿埃利翁	proper_noun		
Aeraeka	아에라에카(Aeraeka)	Aeraeka	艾瑞卡	unit_name		
Aeraery	아에라에리(Aeraery)	Aeraery	艾拉瑞	proper_noun		
Aethacyn	아이타신(Aethacyn)	Aethacyn	艾萨辛	proper_noun		
Aethec Corryn	아에텍 코린	Aethec Corryn	艾西克•科林	faction		
Affman	아프만(Affman)	Affman	阿福曼	unit_name		
Afrikaans Translation	아프리칸스어 번역 담당	アフリカーンス語翻訳	南非荷兰文翻译	term		
After the Fall	몰락 이후	「滅び」後	崩坏之后	term		
Aftermath	여파	その後	余波	term		
Afternoon	오후	午後	下午	term		
Agadla	아가들라(Agadla)	Agadla	阿伽德拉	faction		
Against the World	세계에 맞서	世界にはむかって	世界公敌	campaign_name		
Age of Heroes	영웅의 세기	英雄の時代	英雄时代	term		
Age of Heroes + Dunefolk	영웅의 시대 + 사막 민족	英雄の時代＋デューンフォーク	英雄时代 + 沙丘游民	term		
Aged	노련함	老化	年迈	term		
Aglizix	아글리직스(Aglizix)	Aglizix	阿格利兹克斯	faction		원본 PO의 고유명사 문맥을 확인해 한국어 음차와 원문을 병기
Aigaion	아이가이온(Aigaion)	Aigaion	艾该温	unit_name		
Aiglondur	아이글론두르(Aiglondur)	Aiglondur	艾格隆达	proper_noun		
Aigondur	아이곤두르(Aigondur)	Aigondur	艾贡达	unit_name		
Aigthaing	아이그타잉(Aigthaing)	Aigthaing	艾格夏	faction		
Aimucasur	아이무카수르(Aimucasur)	Aimucasur	艾姆卡苏尔	faction		원본 PO의 고유명사 문맥을 확인해 한국어 음차와 원문을 병기
Akranbral	아크란브랄(Akranbral)	Akranbral	阿克兰布雷尔	proper_noun		
Al'Tar	알타르(Al'Tar)	Al'Tar	阿尔·塔	faction		원본 PO의 고유명사 문맥을 확인해 한국어 음차와 원문을 병기
Alaithus	알라이투스(Alaithus)	Alaithus	艾尔艾萨斯	faction		
Alanin	알라닌(Alanin)	Alanin	阿拉宁	unit_name		
Alastra	알라스트라(Alastra)	Alastra	艾拉崔	faction		원본 PO의 고유명사 문맥을 확인해 한국어 음차와 원문을 병기
Alber	알베르(Alber)	Alber	阿尔伯	faction		원본 PO의 고유명사 문맥을 확인해 한국어 음차와 원문을 병기
Aldar	알다르(Aldar)	Aldar	阿尔达	unit_name		
Alderoth	알데로쓰(Alderoth)	Alderoth	奥尔德罗特	person_name		
Aldrin	알드린(Aldrin)	Aldrin	奥尔德林	proper_noun		
Aldun	알둔(Aldun)	Aldun	奥敦	unit_name		
Aleii	알레이(Aleii)	Aleii	艾里伊	faction		원본 PO의 고유명사 문맥을 확인해 한국어 음차와 원문을 병기
Aleron	알레론(Aleron)	Aleron	阿雷隆	unit_name		
Alerts	알림	通知	告警	term		
Alignment	정렬	アラインメント	立场	term		
Alkamar	알카마르(Alkamar)	Alkamar	艾卡玛	proper_noun		
All Corpses	모든 시체	すべての死体	所有的僵尸	unit_name		
All Scenarios	모든 시나리오	すべてのシナリオ	全部场景	term		
All-In	올인	ありったけ	全体上场	campaign_name		
Alliance	동맹	同盟軍	联盟	faction		
Allied village	동맹 소속 마을	同盟軍所有の村	友方村庄	term		
Allies	동맹	友軍	同盟军	faction	동맹들	
Alone at Last	마침내 홀로	独りぼっち	终为孤身	campaign_name		
Alpha Testing	알파(Alpha) 테스트	アルファテスト	Alpha测试	term		
Altar	제단	祭壇	祭坛	item_name		
Alternate Wesnoth Server	대체(Wesnoth) 웨스노스(Wesnoth) 서버	他のWesnothサーバー	备选韦诺服务器	term		
Althasol	알타솔(Althasol)	Althasol	艾尔萨索尔	faction		
Always rest heals	항상 휴식 회복	常時休息回復	总是能获得休息疗伤效果	trait		
Alwyn	알윈(Alwyn)	Alwyn	奥尔温	proper_noun		
Ambush	매복	伏兵	伏击	term		
Ambushers	매복병	伏兵	伏兵	faction		
Ammon	암몬(Ammon)	Ammon	阿蒙	faction		원본 PO의 고유명사 문맥을 확인해 한국어 음차와 원문을 병기
An Elven Interlude	엘프와의 막간	エルフとの一時	精灵的插曲	campaign_name		
An Unexpected Appearance	불의의 조우	思わぬ登場	意外的露面	campaign_name		
An enemy moves onto the forge	적이 대장간으로 이동함	敵が鍛冶場に移動する	敌人移动至熔炉处	term		
Anarion	아나리온(Anarion)	Anarion	艾纳瑞	unit_name		
Ancestor	조상	始祖	先祖	campaign_name		
Ancient Guardian	고대의 지킴이	古代の守護者	远古守卫	proper_noun		
Ancient Lich	고대의 리치(Lich)	古代リッチ	上古巫妖	unit_name		
Ancient Ogre	고대 오우거(Ogre)	古代オーガ	上古食人魔	unit_name		
Ancient Stone Floor	고대 돌바닥	古代の石の床	古老石地板	terrain		
Ancient Stone Wall	고대 돌벽	古代の石壁	古老石墙	terrain		
Ancient Wose	먼 옛적의 나모	古代ウーズ	上古树人	unit_name		
Anduilas	안두이라스(Anduilas)	Anduilas	安杜拉斯	proper_noun		
Angarthing	앙가르팅(Angarthing)	Angarthing	安伽辛	proper_noun		
Angedd	앙게드(Angedd)	Angedd	安格德	proper_noun		
Angry Crab	화난 게	怒ったカニ	生气的螃蟹	proper_noun		
Angry Farmer	분노한 농군	怒れる農民	愤怒的农夫	proper_noun		
Angry Ghost	화난 유령	怒った幽霊	生气的幽灵	term		
Angthur	앙투르(Angthur)	Angthur	安哥萨	proper_noun		
Animals	동물	動物	动物	faction		
Animate Map	맵의 움직임 보기	マップのアニメーション	开启地图动画	term		
Animate map	맵의 움직임 보기	マップのアニメーション	显示地图动画	term		
Animate water	물 애니메이션	水のアニメーション	显示水面动画	term		
Anioh	안니오흐(Anioh)	Anioh	艾尼欧	person_name		
Ankh Necklace	앙크 목걸이	アンクのの首飾り	圆环十字项链	item_name		
Ankh Talisman	앙크 십자 부적	アンクのお守り	生命十字护身符	item_name		
Announcements	공지	アナウンスメント	公告	term		
Ant Ambrosia	개미의 암브로시아	アリのアンブロシア	蚁蜜	item_name		
Ant Queen	개미 여왕	女王アリ	蚁后	unit_name		
Antaril	안타릴(Antaril)	Antaril	安泰瑞尔	faction		원본 PO의 고유명사 문맥을 확인해 한국어 음차와 원문을 병기
Antolos	안토로스(Antolos)	Antolos	安特勒斯	unit_name		
Antrasis	안트라시스(Antrasis)	Antrasis	安崔斯	faction		원본 PO의 고유명사 문맥을 확인해 한국어 음차와 원문을 병기
Anvil	모루	鉄床	铁砧	item_name		
Any	모두	全て	任意	term		
Apalala	아팔랄라(Apalala)	Apalala	阿帕拉拉	unit_name		
Apply Mask	마스크를 적용	マスクを適用	应用遮罩	term		
Apply a Mask	마스크 적용	マスクを適用	应用遮罩	term		
Apprentice	견습생	見習い	学徒	campaign_name		
Apprentice Mage	견습 마법사	見習い魔術師	法师学徒	unit_name		
Apprentice Necromancer	견습 강령술사	見習い降霊術師	死灵法师学徒	unit_name		
Aquagar	아쿠아가르(Aquagar)	Aquagar	阿库阿伽	faction		원본 PO의 고유명사 문맥을 확인해 한국어 음차와 원문을 병기
Aquatic Castle	수중 성	水の城	水中城堡	terrain		
Aquatic Encampment	수중 야영지	水の野営地	水中营地	terrain		
Aquatic Encampment Keep	수중 야영지 본영	水の野営地の主塔	水中营地主楼	terrain		
Aquatic Keep	수중 본영	水の主塔	水中主楼	terrain		
Ar-Dant	아르-단트(Ar-Dant)	Ar-Dant	亚单	faction		원본 PO의 고유명사 문맥을 확인해 한국어 음차와 원문을 병기
Arabic Translation	아랍어 번역 담당	アラビア語翻訳	阿拉伯文翻译	term		
Arakar	아라카르(Arakar)	Arakar	阿拉卡	person_name		
Arch Mage	고위 마법사	熟練魔術師	大法师	unit_name		
Archarel	아르카렐(Archarel)	Archarel	艾查雷尔	faction		원본 PO의 고유명사 문맥을 확인해 한국어 음차와 원문을 병기
Ardonna	아르도나(Ardonna)	Ardonna	阿冬娜	proper_noun		
Ardryn-Na	아르드린-나(Ardryn-Na)	Ardryn-Na	阿德琳-娜	proper_noun		
Areas	영역	領域	区域	term		
Arinexis	아리넥시스(Arinexis)	Arinexis	阿瑞尼克西斯	proper_noun		
Arisen Warrior	되살아난 전사	蘇った戦士	被召唤的战士	proper_noun		
Arkan-thoria	아르칸-토리아(Arkan-thoria)	Arkan-thoria	阿坎-索丽亚	proper_noun		
Arkildur	아르킬두르(Arkildur)	Arkildur	阿克尔杜	proper_noun		
Armageddon Drake	종언의 반룡	アルマゲドンドレーク	末日龙战士	unit_name		
Armor	갑옷	鎧	铠甲	item_name		
Armory	무기고	武器庫	军械库	term		
Arpus	아르푸스(Arpus)	Arpus	阿普斯	person_name		
Arrkud	흉터의 아르쿠드(Arrkud)	Arrkud	艾库德	unit_name		
Arryn	아라인(Arryn)	Arryn	艾伦	proper_noun		
Art	미술	美術	美工	term		
Art Placeholder	아트 자리표시자	アートのプレースホルダー	素材占位标记	terrain		
Arthain	아르타인(Arthain)	Arthain	亚瑟因	faction		원본 PO의 고유명사 문맥을 확인해 한국어 음차와 원문을 병기
Arthen	아르텐(Arthen)	Arthen	阿尔滕	proper_noun		
Artifacts	유물	アーティファクト	神器	term		
Artificial Intelligence	인공지능	人工知能	人工智能	term		
Artor	아르토르(Artor)	Artor	阿托	proper_noun		
Artuman	아르투만(Artuman)	Artuman	阿图曼	proper_noun		
Artwork	삽화	アートワーク	美工	term		
Artwork and Graphics	아트워크 및 그래픽	アートワークとグラフィック	美工与图像	term	미술과 그래픽	
Artwork and Graphics Design	삽화 및 그래픽 설계	アートワークとグラフィックスデザイン	美工和图像设计	term	미술과 그래픽 디자인; 미술과 그래픽 디자인 담당; 삽화 및 그래픽 디자인; 삽화와 그래픽 디자인	
Arvith	아르비쓰(Arvith)	Arvith	阿维斯	proper_noun		
Asheviere	아셰비에레(Asheviere)	Asheviere	艾什薇尔	faction		내부 고유명사: 한국어 음차와 원문을 병기
Aspirant	큰 뜻을 품은 자	志願者	竞位者	campaign_name		
Assassin	암살자	暗殺者	刺客	unit_name		
Assign Local Time	현지 시간 설정	ローカルタイムを指定する	指定本地时间	term		
Assign Local Time Schedule	현지 시간 일정	ローカルタイムスケジュールを指定する	指定本地日程表	term		
Assign Time Schedule	시간 일정 설정	タイムスケジュールを指定する	指定日程表	term		
Assign sides to players at random	플레이어에게 진영을 무작위로 배정	プレイヤーへの陣営の割り当てがランダムに行われます	随机将各阵营指定给玩家	term		
Asterisks match all characters	별표는 모든 문자와 일치합니다	アスタリスクは全ての文字とマッチします。	星号匹配所有字符	term		
At the East Gate	동쪽 관문에서	東の門にて	在东之门	campaign_name		
Atellas	아텔라스(Atellas)	Atellas	阿泰拉斯	faction		
Atrag	아트라그(Atrag)	Atrag	阿特拉格	proper_noun		
Attack	공격	攻撃	攻击	term		
Attack Enemy	적 공격	敵を攻撃	攻击敌人	term		
Attack Type	공격 유형	ダメージ型	攻击类型	term		
Attack types	공격 유형	ダメージ型	攻击类型	term		
Attacker	공격자	攻撃側	进攻方	faction		
Attacker resistance vs	공격자의 저항력:	攻撃側の耐性：	进攻方抗性 vs	term		
Attacker vulnerability vs	공격자의 취약성:	攻撃側の弱点：	进攻方弱点 vs	term		
Attacking	공격	攻撃	攻击	term		
Attacks	공격	攻撃	攻击手段	term		
Atul	아툴(Atul)	Atul	阿图	faction		원본 PO의 고유명사 문맥을 확인해 한국어 음차와 원문을 병기
Authenticate	인증	認証	身份认证	term		
Author	만든이	作者	作者	term		
Authors	만든이	作成者	作者	term		
Auto-Save	자동 저장	自動保存	自动存档	term		
Auto-update Terrain Transitions	지형 전환 자동 갱신	地形の繋ぎ目の自動更新	自动更新地形过渡	term		
Auto-update Terrain Transitions: No	지형 전환 자동 갱신: 안 함	地形の繋ぎ目の自動更新：OFF	自动更新地形过渡：否	term		
Auto-update Terrain Transitions: Partial	지형 전환 자동 갱신: 부분	地形の繋ぎ目の自動更新：一部	自动更新地形过渡：部分	term		
Available at main menu	주 메뉴에서 사용 가능	タイトル画面（メインメニュー）	主菜单中可用	term		
Available in editor	편집기에서 사용 가능	エディタ	编辑器中可用	term		
Available in game	게임에서 사용 가능	ゲーム中	游戏中可用	term		
Avatar of Nova	노바(Nova)의 화신	Nova の化身	新星化身	person_name		
Axe	도끼	斧	斧	item_name		
Axhamr	악스하므르(Axhamr)	Axhamr	阿克斯哈姆	proper_noun		
Axios	악시오스(Axios)	Axios	阿克肖斯	unit_name		
Axiz	악시즈(Axiz)	Axiz	阿克希斯	faction		원본 PO의 고유명사 문맥을 확인해 한국어 음차와 원문을 병기
Azkotep	아즈코텝(Azkotep)	Azkotep	阿兹卡提	faction		원본 PO의 고유명사 문맥을 확인해 한국어 음차와 원문을 병기
Azure pearl	푸른 진주	蒼海の真珠	蔚蓝珍珠	item_name		
Back	뒤로	戻る	返回	term		
Back Home	고향으로	帰郷	回家	campaign_name		
Back to Start	처음으로 돌아감	初ターンに戻る	回到开头	term		
Back to Turn 	지정 턴으로 돌아가기	指定ターンに戻る：	回到回合	term		
Backstab	배후 공격	奇襲	背刺	term		
Backu	박쿠(Backu)	Backu	巴克	proper_noun		
Bad Ending	나쁜 결말	バッドエンド	坏结局	term		
Baglur	바글루르(Baglur)	Baglur	巴格拉	unit_name		
Bagork	바고크(Bagork)	Bagork	巴郭克	faction		원본 PO의 고유명사 문맥을 확인해 한국어 음차와 원문을 병기
Baldras	발드라스(Baldras)	Baldras	巴尔德拉斯	faction		원본 PO의 고유명사 문맥을 확인해 한국어 음차와 원문을 병기
Bale of Straw	짚 더미	麦俵	稻草包	item_name		
Bandit	날강도	山賊	强盗	unit_name		
Bandits	도적단	山賊	强盗	campaign_name		
Bane	불운	破滅	祸害	term		
Baneblade	파멸의 칼날	死の剣	毒刃	proper_noun		
Banebow	죽음의 궁수	ベインボウ	毁灭射手	unit_name		
Banish the Mists	안개를 몰아내기	霧を追い払え。	驱散迷雾	term		
Banished the Mists	안개를 몰아냈음	霧を追い払った。	已驱散迷雾	term		
Banneret	기수대장	バナレット	方旗骑士	unit_name		
Bar'Gathor	바르가토르(Bar'Gathor)	Bar'Gathor	巴·嘎萨	unit_name		
Baran	바란(Baran)	Baran	巴兰	unit_name		
Bare Branch	벗긴 나뭇가지	裸の木の枝	秃枝	item_name		
Barrel	통	樽	桶	item_name		
Barrow Wight	무덤 망령	亡霊騎士	古墓尸妖	unit_name		
Barth-Malal	바르쓰-말랄(Barth-Malal)	Barth-Malal	巴思-玛拉	person_name		
Base damage	기본 피해	基本ダメージ	基础伤害	term		
Base.x	기준점(Base.x).x	Base.x	基础X	term		
Base.y	기준점(Base.y).y	Base.y	基础Y	term		
Bashnark	바쉬나르크(Bashnark)	Bashnark	巴什纳克	faction		원본 PO의 고유명사 문맥을 확인해 한국어 음차와 원문을 병기
Basic Stone Bridge	기본 돌다리	普通の石橋	基本石桥	terrain		
Basic Stone Floor	기본 돌 바닥	普通の石の床	基本石地板	terrain		
Basic Strategy	기본 전략	基本戦略	基本战略	term		
Basic Wooden Floor	기본 나무 바닥	普通の木の床	基本木地板	terrain		
Basilica of Li’sar	리사르(Li’sar) 대성당	Li’sar 大聖堂	莉莎大教堂	place_name		
Basque Translation	바스크어 번역 담당	バスク語翻訳	巴斯克文翻译	term		
Bats	박쥐	コウモリ	蝙蝠	faction		
Battery	배터리	バッテリー	电池	term		
Battle Epic	전투 서사시	Battle Epic	史诗之战	music_title		
Battle For Wesnoth Help	웨스노스(Wesnoth) 전쟁 도움말	Battle For Wesnoth ヘルプ	韦诺之战帮助	term		
Battle Music	전투 음악	Battle Music	战斗音乐	music_title		
Battle Training	전투 훈련	戦闘訓練	战斗训练	campaign_name		
Battle for Wesnoth	웨스노스(Wesnoth) 전쟁	Battle for Wesnoth	韦诺之战	term		
Battle of the Book	마법서 쟁탈전	本を巡る戦い	法书之战	campaign_name		
Battleground	전장	戦場	战场	campaign_name		
Bay	만	入り江	海湾	term		
Bay Horse	갈색 말	鹿毛馬	赤骏	unit_name		
Be more aggressive	더 공격적으로 행동	攻撃重視	更注重进攻	term		
Be more defensive	더 방어적으로 행동	防衛重視	更注重防守	term		
Beach Sands	바닷가 모래	砂浜	海滩沙砾	terrain		
Beacon	봉화	かがり火	信标	term		
Beaky	딱딱이(Beaky)	Beaky	贝奇	unit_name		
Beam of Light	빛줄기	差し込む光	光束	terrain		
Beast of the Lake	호수의 괴수	湖の怪物	湖怪	unit_name		
Beasts	야수	獣	野兽	faction		
Becalmed	무풍	凪	无风难行	campaign_name		
Beginner	초심자	初心者	初学者	campaign_name		
Bellerin	벨레린(Bellerin)	Bellerin	贝勒宁	proper_noun		
Bellrok	벨록(Bellrok)	Bellrok	贝尔洛克	unit_name		
Beloved Pet	사랑스런 애완동물	かわいいイカちゃん	受宠的宠物	unit_name		
Berserk	광전사	狂戦	狂暴	term		
Best Possible Enemy Moves	적의 최선의 행동	最も可能性のある敵の動き	显示敌方最大可能移动范围	term		
Best of	최고:	次のうち良い方：	最佳	term		
Bezoar	베조아	緑の胃石	牛黄	item_name		
Biased RNG (experimental)	편향된 난수(RNG)(실험적)	偏った RNG（試験的）	偏心的随机数生成器（实验性）	term		
Big Baby Bo	큰 아기(Bo) 보	大きな赤子 Bo	大小子阿波	unit_name		
Big Baby Dro	큰 아기 드로(Dro)	大きな赤子 Dro	大小子啊多	unit_name		
Bilheld	빌헬드(Bilheld)	Bilheld	比尔希尔德岛	campaign_name		
Bitey the Serpent	큰 뱀 깨물이	Bitey the Serpent	海蛇比泰伊	proper_noun		
Black	검은색	黒	黑	term		
Black Flag	검은 깃발	黒旗	黑色旗帜	campaign_name		
Black Hand Bandit	검은 손 날강도	黒の手の山賊	黑手党强盗	proper_noun		
Black Horse	검은 말	黒馬	乌骏	unit_name		
Black Lieutenant	검은 부관	黒の小隊長	黑手党中尉	proper_noun		
Black Stallion	검은 종마	黒雄馬	乌骁	term		
Blackwater	검은물(Blackwater)	黒水港	黑水港	campaign_name		
Blackwater Port	검은물(Blackwater) 항구	黒水港	黑水港	place_name		
Blaust	블라우스트(Blaust)	Blaust	布劳斯特	unit_name		
Bled	블레드(Bled)	Bled	布莱德	proper_noun		
Blemaker	블레마커(Blemaker)	Blemaker	布列马克	unit_name		
Blessed Kali	축복받은 칼리(Kali)	祝福された Kali	被祝福的凯利	proper_noun		
Blianxkep	블리안셉(Blianxkep)	Blianxkep	连克斯克普	faction		원본 PO의 고유명사 문맥을 확인해 한국어 음차와 원문을 병기
Block	차단	ブロック	拉黑	proper_noun		
Blocked players	차단된 플레이어	ブロックされたプレイヤー	拉黑的玩家	term		
Blollyn	블롤린(Blollyn)	Blollyn	布洛林	proper_noun		
Blood Bat	피의 박쥐	吸血コウモリ	血色蝙蝠	unit_name		
Blood ring	피의 반지	鮮血の指輪	血戒	item_name		
Blud	블루드(Blud)	Blud	布卢德	proper_noun		
Blue	청색	青	蓝	term		
Blue Ball	청색 공	青い玉	蓝球	item_name		
Blue Potion	파랑 물약	青い薬	蓝色药剂	item_name		
Blue orb	파란색 구슬	青の宝珠	蓝色球	term		
Bluff	절벽	絶壁	悬崖	terrain		
Blum Duk	블룸 둑(Blum Duk)	Blum Duk	布拉姆·达克	faction		
Board Cart	수레에 타기	トロッコに乗る	上矿车	term		
Boat	보트	小舟	小艇	unit_name		
Boatworks	조선소	造船所	造船厂	proper_noun		
Boblin	보블린(Boblin)	Boblin	保博林	faction		원본 PO의 고유명사 문맥을 확인해 한국어 음차와 원문을 병기
Bog	늪	湿地	沼泽	proper_noun		
Bogdush	보그두시(Bogdush)	Bogdush	博格达什	faction		원본 PO의 고유명사 문맥을 확인해 한국어 음차와 원문을 병기
Boja	보자(Boja)	Boja	博加	proper_noun		
Bolaship	팔매질	投げ縄術	流星锤术	proper_noun		
Bolwuldelman	볼울델만(Bolwuldelman)	Bolwuldelman	波尔乌尔德蒙	proper_noun		
Bomb	폭탄	爆弾	炸弹	item_name		
Bona-Melodia	보나-멜로디아(Bona-Melodia)	Bona-Melodia	波娜-梅洛蒂娅	faction		원본 PO의 고유명사 문맥을 확인해 한국어 음차와 원문을 병기
Bone Bird	해골 새	ボーンバード	骸骨鸟	unit_name		
Bone Captain	해골 선장	骸骨船長	骸骨队长	unit_name		
Bone Shooter	뼈화살 사수	ボーンシューター	枯骨射手	unit_name		
Bone Talisman	뼈 부적	骨のお守り	骨护身符	item_name		
Bones	뼈다귀(Bones)	Bones	白骨	item_name		
Bones of Malin Keshar	말린 케샤르(Malin Keshar)의 뼈	Malin Keshar の骨	马林·凯沙的骨头	unit_name		
Book	책	本	书	item_name		
Bookmarks the current folder	현재 폴더를 책갈피에 추가	現在のフォルダをブックマークに追加します	在将当前文件夹上夹上书签	term		
Bor	보르(Bor)	Bor	博	faction		원본 PO의 고유명사 문맥을 확인해 한국어 음차와 원문을 병기
Borderer	국경의 주민	辺境人	巡界人	unit_name		
Born to the Banner	기수로 태어난 자	軍旗のもとに生まれて	为旗而生	campaign_name		
Borth	보르트(Borth)	Borth	博斯	faction		원본 PO의 고유명사 문맥을 확인해 한국어 음차와 원문을 병기
Bots	IRC 봇	ボット	机器人	proper_noun		
Bounty Hunters	현상금 사냥꾼들	賞金稼ぎ	赏金猎人	campaign_name		
Bowman	궁수	弓兵	弓手	unit_name		
Bowmanship Training	궁술 훈련	弓術訓練	弓术训练	term		
Box	상자	箱	盒子	item_name		
Boyicht	보이크트(Boyicht)	Boyicht	波依奇	faction		원본 PO의 고유명사 문맥을 확인해 한국어 음차와 원문을 병기
Braga	브라가(Braga)	Braga	布拉戛	faction		원본 PO의 고유명사 문맥을 확인해 한국어 음차와 원문을 병기
Bragdash Gar	브라그다시 가르(Gar)	Bragdash Gar	布拉戈达什·嘎	faction		
Bramwythl	브람위슬(Bramwythl)	Bramwythl	布拉姆维斯尔	faction		
Branch	나뭇가지	木の枝	树枝	item_name		
Brazier	화로	火鉢	火盆	terrain		
Breaking the Chains	부숴지는 사슬	Breaking the Chains	冲破锁链	campaign_name	사슬을 부수다	
Breaking the Siege	포위를 깨뜨려라	包囲の撃破	反围攻	campaign_name		
Bregalad	브레갈라드(Bregalad)	Bregalad	布莱格莱德	proper_noun		
Brek	브렉(Brek)	Brek	雷克	faction		원본 PO의 고유명사 문맥을 확인해 한국어 음차와 원문을 병기
Bremen	브레멘(Bremen)	Bremen	布雷门	unit_name		
Brena	브렌나(Brena)	Brena	布雷纳	proper_noun		
Brent	브렌트(Brent)	Brent	布伦特	proper_noun		
Bridge	다리	橋	桥梁	terrain		
Bright green	밝은 녹색	ブライトグリーン	亮绿	term		
Bright orange	밝은 오렌지색	ブライトオレンジ	亮橙	term		
Brightleaf Wood	빛나는 이파리(Brightleaf) 숲	輝く葉の森	亮叶树林	place_name		
Brim	브림(Brim)	Brim	布儒姆	unit_name		
Brown	갈색	茶	棕	term		
Brown Ring	갈색 반지	茶色の指輪	棕色戒指	item_name		
Brox	브록스(Brox)	Brox	布罗克斯	unit_name		
Brugg	브루그(Brugg)	Brugg	布鲁格	faction		원본 PO의 고유명사 문맥을 확인해 한국어 음차와 원문을 병기
Brush NW-SE	북서-남동 브러시	北西-南東ブラシ	西北-东南笔刷	term		
Brush SW-NE	남서-북동 브러시	南西-北東ブラシ	西南-东北笔刷	term		
Buckler	방패	盾	小圆盾	item_name		
Budrin	부드린(Budrin)	Budrin	布德林	unit_name		
Bugg	버그(Bugg)	Bugg	巴戈	unit_name		
Build Castle	성채 건축	城を建設する	建造城堡	term		
Build Mine	광산 건설	鉱山を掘る	建造矿场	term		
Build Village	마을 건축	村を作る	建造村庄	term		
Build a Keep	본영 건설	主塔を建設する	建造要塞	term		
Building terrain rules	지형 규칙 빌드 중	地形ルールの構築	正在构建地形规则	term		
Bulgarian Translation	불가리아어 번역 담당	ブルガリア語翻訳	保加利亚文翻译	term		
Bulrod	불로드(Bulrod)	Bulrod	布勒罗德	unit_name		
Burin the Lost	길잃은 부린(Burin)	はぐれ者 Burin	迷路者布林	unit_name		
Burlin	벌린(Burlin)	Burlin	巴尔林	proper_noun		
Burumardir-Athelorand	부루마르디르-아텔로란드(Burumardir-Athelorand)	Burumardir-Athelorand	布鲁玛迪尔-艾瑟洛兰德	faction		원본 PO의 고유명사 문맥을 확인해 한국어 음차와 원문을 병기
Byorn	비오른(Byorn)	Byorn	毕勇	unit_name		
Cache	캐시	キャッシュ	缓存	term		
Cache Cleaned	캐시 정리 완료	キャッシュのクリーン完了	缓存已清理	term		
Cache Purged	캐시 비우기 완료	キャッシュの削除完了	缓存已完全清除	term		
Cadell	카델(Cadell)	Cadell	卡戴尔	proper_noun		
Cadry	캐드리(Cadry)	Cadry	卡德里	proper_noun		
Cage	우리	檻	笼子	item_name		
Caladon	칼라돈(Caladon)	Caladon	卡拉东	unit_name		
Calendar	달력	暦	历法	term		
Call stack	호출 스택	コールスタック	调用栈	term		
Calter	칼테르(Calter)	Calter	阔特	faction		원본 PO의 고유명사 문맥을 확인해 한국어 음차와 원문을 병기
Camdun	캄둔(Camdun)	Camdun	卡姆顿	proper_noun		
Camerin	카메린(Camerin)	Camerin	卡梅林	proper_noun		
Camp	기지	not found	not found	terrain		
Campaign	캠페인	キャンペーン	战役	term		
Campaign Design	캠페인 기획	キャンペーンデザイン	战役设计	term	캠페인 설계 담당	
Campaign Design, Programming, and Artwork	캠페인 설계, 프로그래밍 및 아트워크	キャンペーンデザイン、プログラミング、アートワーク	战役设计，编程及美工	term		
Campaign Maintenance	캠페인 유지보수	キャンペーンメンテナンス	战役维护	term	캠페인 유지; 캠페인 유지/보수	
Campaign Redesign Playtesters	캠페인 개편 테스트 플레이어	キャンペーン再設計後のテストプレイ	战役重制游戏测试者	term		
Campaign design and programming	캠페인 기획 및 프로그래밍	キャンペーンデザインとプログラミング	战役设计与编程	term		
Campaigns	캠페인들	キャンペーン	战役	term		
Can Recruit	모집 가능	雇用の可否の切り替え	可被征募	term		
Can be Renamed	이름 변경 가능	リネームの可否の切り替え	可被重命名	term		
Cancel	취소	キャンセル	取消	term		
Cancel orders	명령 취소	命令の取り消し	取消命令	term		
Capture every village	모든 마을을 점령하십시오	全ての村を確保する	占领每一座村庄	term		
Captured	포로가 되다	虜囚	被俘	campaign_name		
Capturing the Ogres	오우거 포획	オーガの捕獲	捕捉食人魔	campaign_name		
Caradoc	카라독(Caradoc)	Caradoc	卡拉多克	proper_noun		
Carallcyn	카랄신(Carallcyn)	Carallcyn	卡拉尔辛	unit_name		
Caravan	대상	隊商	大篷车	unit_name		
Caravel	카라벨	カラベル船	卡拉维尔帆船	unit_name		
Carcyn	카르신(Carcyn)	Carcyn	卡辛	campaign_name		
Carcyn Fisher	카르신(Carcyn) 어부	Carcyn Fisher	卡辛·费希尔	faction		
Carcyn’s Pride	카르신(Carcyn)의 자존심	Carcyn の誇り	卡辛的骄傲	faction		
Cargo	화물	積荷	货物	term		
Caribe	카리베	ピラニア	食人鱼	unit_name		
Carmyna	카르미나(Carmyna)	Carmyna	卡麦那	unit_name		
Carron	카론(Carron)	Carron	卡伦	faction		원본 PO의 고유명사 문맥을 확인해 한국어 음차와 원문을 병기
Castle	성채	城	城堡	terrain	성	
Castle Guard	성채 경비병	城の見張り	城堡守卫	unit_name		
Castle Overlay	성 오버레이	城のオーバーレイ	城堡覆盖层	terrain		
Castle in the Ice	얼음 속의 성	氷原の城	冰中城堡	campaign_name		
Casualties of War	전사자	Casualties of War	战争伤亡	music_title		
Catacombs Stone Wall	지하 묘지 돌벽	地下墓地の石壁	墓穴石墙	terrain		
Catacombs Wall	지하 묘지 벽	地下墓地の壁	墓穴墙	terrain		
Catalan Translation	카탈로니아어 번역 담당	カタロニア語翻訳	加泰罗尼亚文翻译	term		
Cavalier	중기병	精鋭竜騎士	弩骑士	unit_name		
Cavalry	기병	騎兵	骑兵	faction		
Cavalryman	기병	竜騎兵	骑兵	unit_name		
Cave	동굴	洞窟	洞穴	terrain		
Cave Bear	동굴 곰	洞窟熊	穴居熊	unit_name		
Cave Chasm Bridge	동굴 낭떠러지 다리	洞窟の裂け目の橋	洞穴裂隙上的桥	terrain		
Cave Floor	동굴 바닥	洞窟の床	洞穴地面	terrain		
Cave Path	동굴 통로	洞窟の道	洞穴小径	terrain		
Cave Rug	동굴 깔개	洞窟の敷物	洞穴地毯	terrain		
Cave Spider	동굴 거미	洞窟グモ	洞穴蜘蛛	unit_name		
Cave Village	동굴 마을	洞窟の村	洞穴村庄	terrain		
Cave Wall	동굴 벽	洞窟の壁	洞穴墙	terrain		
Cave Wyrm	동굴 웜(Wyrm)	洞窟ワーム	洞爬龙	unit_name		
Cave Wyrmlet	동굴 웜(Wyrm) 새끼	小さな洞窟ワーム	幼洞爬龙	unit_name		
Caverns of Flame	불꽃의 동굴	炎の洞窟	火炎洞窟	campaign_name		
Cebrun	세브룬(Cebrun)	Cebrun	克布鲁	unit_name		
Cemetery	공동묘지	墓地	墓地	proper_noun		
Center	중앙	中央	中心	term		
Central Body	중앙부	中心部	中枢躯体	unit_name		
Ceoran	세오란(Ceoran)	Ceoran	希欧兰	proper_noun		
Cfrul	크프룰(Cfrul)	Cfrul	卡弗尔	unit_name		
Challenging	도전	挑戦的	挑战	campaign_name	까다로움	
Champion	투사	守護者	斗士	campaign_name		
Chance of being unscathed	무사할 확률	無傷の可能性	毫发无伤率	term		
Chance to hit	명중 확률	命中率	命中率	term		
Change Add-on ID	부가 기능 ID를 변경	アドオン ID の変更	修改附加组件ID	term		
Change Control	조종자 변경	コントロールの変更	改变控制方	term		
Change Language	언어 변경	言語の変更	改变语言	term		
Change Palette Group	팔레트 그룹 변경	パレットグループの変更	改变调色板组	term		
Change Unit ID	유닛 ID 변경	ユニットIDを変更	变更单位ID	term		
Change the AI side’s behaviour	AI 진영의 행동 방식을 변경합니다	AI 陣営の挙動を変更します	改变AI阵营的行为	term		
Change the bell volume	벨 음량을 변경합니다	ベルの音量を変更します	改变铃声的音量大小	term		
Change the game window size	게임 창 크기 변경	ゲームウィンドウのサイズを変更します	改变游戏窗口大小	term		
Change the language	적용 언어를 변경합니다	言語を変更します	切换语言	term		
Change the music volume	음악의 음량을 변경합니다	BGMの音量を変更します	改变音乐的音量大小	term		
Change the side’s controller	진영의 조종자를 변경합니다	陣営のコントローラーを変更します	改变阵营的控制者	term		
Chantal	샨탈(Chantal)	Chantal	香黛尔	faction		원본 PO의 고유명사 문맥을 확인해 한국어 음차와 원문을 병기
Chaotic	혼돈	混沌	混沌	proper_noun		
Charge	돌격	突撃	冲锋	proper_noun		
Chasm	간극	裂け目	裂隙	terrain		
Chat Log	채팅 기록	チャットログ	聊天记录	term		
Chat message aging	채팅 메시지 만료	チャットメッセージの寿命	聊天信息过期	term		
Chat timestamping	채팅 시간 표시	チャットメッセージの送信時刻を表示する	开启聊天时间戳	term		
Check Status	상태 확인	ステータスのチェック	检查状态	term		
Chico	치코(Chico)	Chico	崔寇	unit_name		
Chief Bir-brish	비르-브리시(Bir-brish) 족장	族長 Bir-brish	比尔-布里什酋长	person_name		
Chief Dra-Nak	족장(Dra-Nak) 드라-나크	族長 Dra-Nak	德拉-纳克酋长	faction		
Child King	어린이 왕	幼き王	年幼之王	unit_name		
Chinese Translation	중국어 번역 담당	中国語翻訳	简体中文翻译	term		
Chocobone	초코본	チョコボーン	骷髅鸟骑手	unit_name		
Choice in the Fog	안개 속의 선택	霧の中の選択	雾中抉择	campaign_name		
Chompey the Serpent	큰 뱀 우적이	Chompey the Serpent	海蛇乔穆佩	term		
Choose File	파일을 선택하세요	ファイルを選択	选择文件	term		
Choose New Recruit	새로운 소집 부대를 선택	新しい雇用の選択	选择新兵	term		
Choose Orb/Minimap Colors	구슬/미니맵 색상 선택	宝珠とミニマップの色を変更	选择状态球/小地图颜色	term		
Choose Starting Scenario	시작 시나리오 선택	開始シナリオの選択	选择起始场景	term		
Choose Test Scenario	테스트 시나리오 선택	テストシナリオを選択	选择测试场景	term		
Choose Theme	테마 선택	テーマ選択	选择主题	term		
Choose Your Leader	지도자 선택	リーダー選択	选择你的首领	term		
Choose a Corpse	시체 선택	死体の選択	选择一种僵尸	term		
Choose an icon	아이콘 선택	アイコンの選択	选择一个图标	term		
Choose next scenario	다음 시나리오 선택	次のシナリオを選択します。	选择下一幕场景	term		
Chop Down Forest	나무 베기	森を切り開く	砍伐森林	term		
Chumet	추멧(Chumet)	Chumet	丘梅特	proper_noun		
Cicyn	시신(Cicyn)	Cicyn	希辛	unit_name		
Cinry	신리(Cinry)	Cinry	辛里	proper_noun		
Citadel	요새	砦	要塞	campaign_name		
Citizen	시민	一般人	居民	campaign_name		
City Guard	도시 경비병	街の衛兵	城市守卫	faction		
Civil Disobedience	시민 불복종	民の反抗	温和反抗	campaign_name		
Civil War	내전	内戦	内战	campaign_name		
Civilian	시민	一般市民	平民	campaign_name		
Claiomh Dubh	클라이오흐 두브	Claiomh Dubh	克莱欧·达博	unit_name		
Clan	일족(Clan)	not found	not found	faction	씨족	
Clan Captain	부족 대장	クランの隊長	氏族队长	unit_name		
Clan Whitefang	하얀(Whitefang) 송곳니 일족(Clan)	Whitefang 氏族	白牙氏族	faction		
Clartakis	클라르타키스(Clartakis)	Clartakis	克拉塔基斯	person_name		
Clarustus	클라루스투스(Clarustus)	Clarustus	卡拉鲁斯图斯	faction		원본 PO의 고유명사 문맥을 확인해 한국어 음차와 원문을 병기
Clash at the Manor	저택에서의 충돌	荘園での激突	采邑激战	campaign_name		
Clash of Armies	군대들의 격돌	軍勢の衝突	混战之军	campaign_name		
Clayey	진흙	粘土	粘土	proper_noun		
Clean	지움	クリーン（Clean）	清理	term		
Clean Gray Cobbles	깨끗한 회색 자갈	綺麗な石畳	干净的灰色卵石	terrain		
Clean Stone Wall	깨끗한 돌벽	綺麗な石壁	干净石墙	terrain		
Clear	지움	クリアする	清除	term		
Clear Chat	채팅 지우기	チャットの消去	清除对话	term		
Clear Console	콘솔 지우기	コンソールのクリア	清除控制台	term		
Clear Hotkey	단축키 제거	ホットキーの消去	清除快捷键	term		
Clear Labels	딱지를 지움	ラベルの消去	清除标签	term		
Clear Selected Item Set	선택한 아이템 집합 지우기	選択したアイテムセットの消去	清除选定的物品集合	term		
Clear Weather	맑은 날	晴天	晴天	term		
Clear output	출력물을 지움	出力内容をクリアします	清除输出	term		
Clear stale and unused cache files	오래되었거나 사용하지 않는 캐시 파일 삭제	不要な、使われていないキャッシュをクリアします	将陈旧及未使用的缓存文件清除	term		
Clear the log area	로그 영역 지우기	ログを消去します	清除日志区域	term		
Clearing the Mines	광산 정리	鉱山の掃除	清理矿脉	campaign_name		
Clearwater Lake	맑은물(Clearwater) 호수	透水湖	清水湖	place_name		
Clearwater Port	맑은물(Clearwater) 항구	透水港	清水港	campaign_name		
Cleodil	클레오딜(Cleodil)	Cleodil	科柳迪	proper_noun		
Cleon	클레온(Cleon)	Cleon	克里昂	faction		원본 PO의 고유명사 문맥을 확인해 한국어 음차와 원문을 병기
Cliff	절벽	断崖	悬崖	proper_noun		
Cliffs of Thoria	토리아(Thoria)의 절벽	Thoria の断崖	索丽亚悬崖	campaign_name		
Clipboard and Paste Tool	클립보드 및 붙여넣기 도구	クリップボードと貼り付けツール	剪贴板和粘贴工具	term		
Cloaked Figure	복면의 인물	覆面の人影	戴斗篷者	unit_name		
Clock	시계	時計	时钟	proper_noun		
Clockwork Boy	태엽 소년	機械仕掛けの少年	发条小子	unit_name		
Clogrin	클로그린(Clogrin)	Clogrin	克洛格林	proper_noun		
Close	닫기	閉じる	关闭	term		
Close Map	맵 닫기	マップを閉じる	关闭地图	term		
Closed Coffin	닫힌 관	閉じた棺桶	关着的棺材	item_name		
Closed Dwarven Doors	닫힌 난쟁이의 문	閉じたドワーフの戸口	关着的矮人门	item_name		
Closed Plain Chest	닫힌 평범한 상자	閉じた質素な箱	关着的普通箱子	item_name		
Closed Trapdoor	닫힌 바닥문	閉じた落とし戸	关闭的活版门	item_name		
Closing the Gates	문 닫기	門を封鎖しろ	紧闭大门	campaign_name		
Club	몽둥이	棍棒	棍棒	item_name		
Clurka	클루르카(Clurka)	Clurka	克鲁克	faction		원본 PO의 고유명사 문맥을 확인해 한국어 음차와 원문을 병기
Co-Authors	공동 저자	共同著作者	合作作者	proper_noun		
Coal	석탄	石炭	煤	term		
Coast	해안	海岸	海岸	term		
Coastal	해안	沿岸	滨海	proper_noun		
Coastal Reef	산호초	岩礁	礁石	terrain		
Code and Translation Assistance	코드 및 번역 지원	コードと翻訳支援	编程和翻译辅助	term		
Cold Blade	냉기의 칼	凍てつく刃	寒冷之剑	item_name		
Color	색상	色	颜色	term		
Combat	전투	戦闘	战斗	term		
Combat Experience	전투 경험	戦闘経験	战斗经验	term		
Combat damage indicators	전투 피해 표시기	戦闘ダメージの表示	战斗伤害标识	term		
Combat outcomes remain constant when reloading	다시 불러와도 전투 결과가 일정하게 유지됩니다	再開しても戦闘結果は変化しません。	战斗结果不受重新载入存档影响	term		
Commander	사령관	指揮官	指挥官	campaign_name	지휘관	
Commander Aethyr	애띠르(Aethyr) 사령관	Aethyr 司令	艾瑟指挥官	faction		
Commanders	지휘관	指揮官	指挥官	proper_noun		
Commands	명령어	コマンド	命令	term		
Community	커뮤니티	コミュニティ	社区	term		
Completed	완료	完了率	已完成	term		
Completed the Tutorial	자습서를 완료했습니다	チュートリアルを完了しました	完成教程	term		
Computer Player	컴퓨터 상대	コンピュータープレイヤー	电脑玩家	term		
Concealment	은폐	潜伏	隐蔽	proper_noun		
Concentrating	집중 중	集中	正在集中注意力	proper_noun		
Conclave	회의	秘密会議	秘密会议	proper_noun		
Configure Options	옵션 설정	オプション設定	配置选项	term		
Configure multiplayer notification settings	멀티플레이 알림 설정	マルチプレイヤー時の通知を設定します	配置多人游戏提醒设置	term		
Confirm	확인	確認	确认	term		
Confirm deleting saves	저장 파일 삭제 확인	セーブデータの削除時には確認する	删除存档时需要确认	term		
Confirm overwrite	덮어쓰기 확인	上書きの確認	确认覆盖	term		
Connect	연결	接続	连接	term		
Connect to Server	서버에 연결	サーバーに接続	连接到服务器	term		
Connected Players	연결된 플레이어	接続済みプレイヤー	已连接的玩家	term		
Connecting to redirected server	리디렉션된 서버에 연결 중	リダイレクトされたサーバーへ接続中	正在连接到重定向目标服务器	term		
Connecting to server	서버에 연결 중	サーバーへ接続中	正在连接服务器	term		
Contender Gorlack	경쟁자(Gorlack) 고를락(Gorlack)	闘士 Gorlack	竞位者戈拉克	faction		
Contender Karron	경쟁자(Karron) 카르론(Karron)	闘士 Karron	竞位者卡戎	faction		
Continentals	대륙인(Continentals)	Continentals	泰陆居民	faction		
Continue	계속	続行	继续	term		
Continue Interrupted Move	중단된 이동 계속	中断された移動の続行	继续被中断的移动	term		
Continue Network Game	게임 계속 플레이	通信対戦の再開	继续联机游戏	term		
Continue as before	이전처럼 계속	以前のものを継続する	继续照旧	term		
Controls	조작	操作	控制	term		
Convert to Grassland	풀밭으로 전환	草原に作り変える	化为草原	term		
Cooperative	협동	協力	协作	proper_noun		
Copy	복사	コピー	复制	term		
Copy edge terrain	가장자리 지형 복사	端の地形をコピー	复制边界地形	term		
Copy the full report to clipboard	전체 보고서를 클립보드에 복사	リポートを全てクリップボードにコピーします	将完整的报告复制到剪贴板	term		
Copy this log to clipboard	이 로그를 클립보드에 복사	ログをクリップボードにコピーします	将此日志复制到剪贴板	term		
Copy this path to clipboard	이 경로를 클립보드에 복사	パスをクリップボードにコピーします	将路径复制到剪贴板	term		
Copy this report to clipboard	이 보고서를 클립보드에 복사	このリポートをクリップボードにコピーします	将此报告复制到剪贴板	term		
Core	핵심	コア	核心	term		
Corrupt	타락한	腐敗	腐败不堪	campaign_name		
Corrupted Elf	타락한 엘프	堕落したエルフ	堕落精灵	unit_name		
Cosmetic	꾸미기	外観	装饰性	proper_noun		
Costly Revenge	값비싼 복수	代償伴う復讐	昂贵的复仇	campaign_name		
Cottage	오두막	コテージ	小农舍	terrain		
Council Ruling	평의회의 결정	評議会の裁定	评议会的裁决	campaign_name		
Council in Weldyn	웰딘(Weldyn)에서의 평의회	Weldyn の評議会	维尔帝会议	campaign_name		
Council of Hard Choices	평의회의 어려운 선택	評議会の厳しい選択	评议会的艰难选择	campaign_name		
Cowardly Goblin	겁쟁이 고블린	臆病なゴブリン	懦弱的地精	proper_noun		
Crater	구덩이	クレーター	火山口	terrain		
Crawling Horror	기어 다니는 공포	這い寄る恐怖	爬行恐怖怪	unit_name		
Create	생성	作成	创建	term		
Create Game	방 만들기	ゲームを作成	创建游戏	term		
Create Mask	마스크 생성	マスクを作成	创建遮罩	term		
Create Unit	유닛 생성	ユニット作成	创建单位	term		
Creator and Lead Designer	제작 및 책임 설계자	制作者および主任デザイナー	制作者与主要设计者	term		
Creator and Original Designer	제작자 및 원 디자이너	製作者およびオリジナルデザイナー	创作者与原设计者	term		
Creatures	생물	生き物	怪物	faction		
Credits	만든 이들	クレジット	制作者	term		
Creepytentacles	소름 끼치는 촉수들(Creepytentacles)	Creepytentacles	恐怖触手	proper_noun		
Crelanu	크렐라누(Crelanu)	Crelanu	克雷拉努	faction		원본 PO의 고유명사 문맥을 확인해 한국어 음차와 원문을 병기
Criminal	범죄자	犯罪者	罪犯	faction		
Crintil	크린틸(Crintil)	Crintil	库鲁丁	faction		원본 PO의 고유명사 문맥을 확인해 한국어 음차와 원문을 병기
Croatian Translation	크로아티아어 번역 담당	クロアチア語翻訳	克罗地亚文翻译	term		
Crod	크로드(Crod)	Crod	克罗德	proper_noun		
Crossbow	석궁	クロスボウ	十字弩	item_name		
Crossroads	갈림길	三叉路	交叉路口之战	campaign_name		
Crosswind	횡풍	横風	侧风	campaign_name		
Crowns	왕관 표시	王冠	王冠	proper_noun		
Crowns and loyal markers	왕관 및 충성 마커	冠と忠義マーカー	王冠和忠诚标记	term		
Cruel spike	잔인한 창	残虐な角	残忍之刺	item_name		
Crum	크룸(Crum)	Crum	克拉姆	proper_noun		
Crypt	지하묘	遺体安置所	地窖	proper_noun		
Crypt Guardian	무덤의 지킴이	墓場の番人	地穴守卫	proper_noun		
Crystal Bow	수정 활	水晶の弓	水晶弓	item_name		
Crystal Caves	수정 동굴	水晶の洞窟	水晶洞穴	terrain		
Crystal Quiver	수정 화살통	水晶の矢筒	水晶箭筒	item_name		
Cultists	광신도	Cultists	科尔蒂茨	faction		
Cures	치유	治療	疗毒	proper_noun		
Current Status	현재 상태	現在の状況	当前状态	term		
Current hex type	현재 육각 타일 유형	マウスカーソルのあるヘクスの種類	当前六角格类型	term		
Curse	저주	呪い	诅咒	term		
Cursed Isle	저주받은 섬	呪われた島	诅咒之岛	campaign_name		
Cursed symbol of life	저주받은 생명의 상징	呪われた命の魔除け	被诅咒的生命象征	item_name		
Custom Command	사용자 지정 명령	カスタムコマンド	自定义命令	term		
Custom Maps	사용자 지정 지도	カスタムマップ	自定义地图	term		
Custom Options	사용자 지정 옵션	カスタムオプション	自定义选项	term		
Custom Scenarios	사용자 지정 시나리오	カスタムシナリオ	自定义场景	term		
Custom WML Commands	사용자 지정 WML 명령	カスタムWMLコマンド	自定义WML命令	term		
Customize orb colors	보석 색상 사용자지정	宝珠の色のカスタマイズ	自定义状态球颜色	term		
Cut	잘라내기	切り取り	剪切	term		
Cuttle Fish	갑오징어	イカ	乌贼怪	proper_noun		
Cylanna	실라나(Cylanna)	Cylanna	赛兰娜	unit_name		
Czech Translation	체코어 번역 담당	チェコ語翻訳	捷克文翻译	term		
DESCRIPTION	설명	説明	描述	proper_noun		
DM	회고(DM)	DM	DM	campaign_name		
DW	바다(DW)	DW	DW	campaign_name		
Dacayan	다카얀(Dacayan)	Dacayan	达卡扬	proper_noun		
Dacyn	다신(Dacyn)	Dacyn	达辛	proper_noun		
Daellyn the Red	적색의 댈린(Daellyn)	赤き Daellyn	红袍法师戴林	faction		
Dafeis	다페이스(Dafeis)	Dafeis	达非伊斯	faction		원본 PO의 고유명사 문맥을 확인해 한국어 음차와 원문을 병기
Dagger	단검	ダガー	匕首	item_name		
Dallben	달벤(Dallben)	Dallben	达尔本	proper_noun		
Damage	피해	ダメージ	伤害	term		
Damage Calculation	피해 계산	ダメージ計算	伤害计算	term		
Damage Calculations	피해 계산	ダメージ計算	伤害计算	term		
Damage Types and Resistance	피해 유형 및 저항력	ダメージ型と耐性	伤害类型与抗性	term		
Damaged Cave Wall	손상된 동굴 벽	傷付いた洞窟の壁	受损的洞穴墙	terrain		
Damaged Stone Wall	손상된 돌벽	傷付いた石壁	受损的石墙	terrain		
Danish Translation	덴마크어 번역 담당	デンマーク語翻訳	丹麦文翻译	term		
Dannen	단넨(Dannen)	Dannen	丹能	proper_noun		
Danu	다누(Danu)	Danu	达努	person_name		
Darglen	다글렌(Darglen)	Darglen	达格朗	unit_name		
Darius	다리우스(Darius)	Darius	达瑞斯	faction		원본 PO의 고유명사 문맥을 확인해 한국어 음차와 원문을 병기
Dark	어두운	ダーク	黑暗	term		
Dark Adept	검은 수련자	暗黒僧	黑暗狂徒	unit_name		
Dark Assassin	어둠의 암살자	闇の暗殺者	黑暗刺客	unit_name		
Dark Business	어둠의 거래	闇の取引	低调行事	campaign_name		
Dark Dirt	어두운 흙밭	黒っぽい荒地	暗色尘土	terrain		
Dark Flagstones	어두운 석판 바닥	黒っぽい敷石	暗色石子路	terrain		
Dark Mage	검은 마법사	闇魔術師	黑暗法师	unit_name		
Dark Red	검붉은색	ダークレッド	暗红	term		
Dark Sanctuary	어두운 성소	闇の聖域	黑暗圣殿	campaign_name		
Dark Sky Over Weldyn	웰딘(Weldyn)에 드리운 암운	Weldyn にたちこめる暗雲	帝都阴云	campaign_name		
Dark Sorcerer	흑마술사	黒魔術師	黑暗巫师	unit_name		
Dark Sorceress	흑마녀	女黒魔術師	黑暗巫师	term		
Darken Volk	다켄 볼크(Darken Volk)	Darken Volk	达肯·沃克	unit_name		
Darstang	다르스탕(Darstang)	Darstang	靼斯湯	faction		원본 PO의 고유명사 문맥을 확인해 한국어 음차와 원문을 병기
Data Migration	데이터 이전	データの移行	数据迁移	term		
Date	날짜	日付	日期	term		
Dawarf	다워프	ダワーフ	达瓦夫	unit_name		
Dawn	새벽	夜明け	黎明	term		
Day-phase	주간 단계	時間帯	时段	term		
Dead Great Oak Tree	죽은 큰 참나무	枯れたオークの大木	已死的参天橡树	terrain		
Dead Great Tree	죽은 거목	枯れた大木	已死的参天树	terrain		
Dead Water	죽음의 바다	死の海	死水	campaign_name		
Dealing with Dwarves	난쟁이족과의 거래	ドワーフとの取引	面对矮人	campaign_name		
Dealings	거래	取り引き	交易	campaign_name		
Death	사망	死	死亡	term		
Death Guard	죽음의 수호대	死の護衛	死亡卫队	proper_noun		
Death Knight	죽음의 기사	死の騎士	死亡骑士	unit_name		
Death Squire	죽음의 기사 견습생	死の従者	死亡扈从	unit_name		
Death of Alanin	알라닌(Alanin)의 죽음	Alanin の死	阿拉宁死亡	term		
Death of Ardonna	아르도나(Ardonna)의 죽음	Ardonnaの死	阿冬娜死亡	term		
Death of Baglur	바글루르(Baglur)의 죽음	Baglur の死	巴格拉死亡	term		
Death of Chief Dra-Nak	족장(Dra-Nak) 드라-나크의 사망	族長 Dra-Nak の死	德拉-纳克酋长死亡	term		
Death of Durstorn	두르스토른(Durstorn)의 죽음	Durstorn の死	达司拓恩死亡	term		
Death of Gweddry or Dacyn	그웨드리 또는 다킨의 사망	Gweddry か Dacyn の死	格威德利或达辛死亡	term		
Death of Gweddry, Dacyn, or Owaec	그웨드리, 다킨 또는 오웨크의 사망	Gweddry か Dacyn か Owaec の死	格威德利、达辛或欧瓦埃克死亡	term		
Death of Krawg	크라그(Krawg)의 죽음	Krawg の死	克拉格死亡	term		
Death of Ras-Tabahn	라스-타반 사망	Ras-Tabahnの死	拉斯-塔班死亡	term		
Death of Rugnur	룩누르(Rugnur)의 죽음	Rugnur の死	拉格纳死亡	term		
Death of Terraent	테라엔트(Terraent)의 사망	Terraent の死	特拉恩特死亡	term		
Death of Thursagan	투르사간(Thursagan)의 죽음	Thursagan の死	瑟萨冈死亡	term		
Death of Urza Afalas	우르자 아팔라스(Urza Afalas)의 죽음	Urza Afalas の死	乌扎·阿法拉斯死亡	term		
Death of all five dark adepts	어둠의 수행자 다섯 명 모두 사망	5人の暗黒僧の全滅	所有五名黑暗狂徒死亡	term		
Death of your team leaders	팀 지도자의 사망	チームリーダーの死。	你队首领全部死亡	term		
Deathblade	죽음의 칼날	デスブレード	死亡剑士	unit_name		
Debug Commands	디버그 명령	デバッグコマンド	调试命令	term		
Debug level logging: maximum information	디버그 수준 로그: 최대 정보	Debug レベルログ：すべての情報	调试级日志：最多信息量	term		
Decay	부패	腐敗	衰败	term		
Deep Dwellers	심층 거주자	穴居人	深居者	faction		
Deep One	엉큼한 사람	深きもの	深渊乌贼	unit_name		
Deep Underground	지하 심층	深い地下	深层地下	term		
Deep Water	깊은 물	深水	深水	terrain		
Deep water	깊은 물	深水	深水	term		
Default	기본	デフォルト	默认	term		
Default + Dunefolk	기본 + 사막 민족	標準＋デューンフォーク	默认 + 沙丘游民	term		
Default Brush	기본 브러시	デフォルトブラシ	默认笔刷	term		
Default RNG	기본 난수(RNG) 생성기	デフォルト RNG	默认的随机数生成器	term		
Default Zoom	기본 화면	ズームを初期値に戻す	默认缩放比例	term		
Defaults	기본값	デフォルト	默认	term		
Defeat	패배	敗北	失败	term		
Defeat Asheviere	아셰비에레(Asheviere)를 물리치십시오	Asheviere を倒す	击败艾什薇尔	term		
Defeat Crelanu	크렐라누(Crelanu)를 물리치십시오	Crelanu を倒す	击败克雷拉努	term		
Defeat Glonoin, the Shorbear clan leader	쇼어베어(Shorbear) 부족장 글로노인(Glonoin)을 물리치세요	Shorbear クランの指導者 Glonoin を倒す	击败格罗诺因，矮熊氏族首领	term		
Defeat Izziasch	이자이아슈(Izziasch)를 물리치세요	Izziasch を倒す	击败伊兹亚赫	term		
Defeat Mal-Ravanal	말-라바날을 물리치십시오	Mal-Ravanal を倒す	击败玛尔-拉瓦纳尔	term		
Defeat Mal-Skraat	말-스크라트를 물리치십시오	Mal-Skraat を倒す	击败玛尔-斯克拉特	term		
Defeat Mal-un-Karad	말-운-카라드를 물리치십시오	Mal-un-Karad を倒す	击败玛尔-昂-卡拉德	term		
Defeat Rilaka	릴라카(Rilaka)를 물리치십시오	Rilaka を倒す	击败里拉卡	term		
Defeat Urza Nalmath, the bandit leader	도적 우두머리 우르자(Urza) 날마스를 물리치세요	無法者のリーダー、Urza Nalmath を倒す	击败土匪首领，乌扎·纳尔马什	term		
Defeat all Death Knights first	먼저 모든 죽음의 기사를 물리치십시오	最初に全ての死の騎士を倒す	首先击败所有死亡骑士	term		
Defeat all drake leaders	모든 드레이크 지도자를 물리치십시오	全てのドレークのリーダーを倒す	击败所有龙人首领	term		
Defeat either of the enemy leaders	적 지도자 중 하나를 물리치십시오	どちらかの敵のリーダーを倒す	击败任意一名敌方首领	term		
Defeat one more enemy unit	적 유닛을 하나 더 물리치세요	$units_to_slay 体以上のユニットを倒す	再击败一个敌方单位	term		
Defeat the Lich-Lord Aimucasur	리치 군주 아이무카수르(Aimucasur)를 물리치십시오	リッチの王 Aimucasur を倒す	击败巫妖王艾姆卡苏尔	term		
Defeat the sanctum guard	성소 경비병을 물리치십시오	聖域の守護者を倒す	击败密室守卫	term		
Defeat the southern necromancer	남쪽의 강령술사를 물리치십시오	南のネクロマンサーを倒す	击败南面的死灵法师	term		
Defeat the spirits	영혼들을 물리치십시오	魂達を倒す	击败鬼魂	term		
Defend this location	이 지점을 방어	この地点を防衛する	把守此位置	term		
Defender	수비자	防御側	防守方	faction		
Defender resistance vs	방어자의 저항력:	防御側の耐性：	防守方抗性 vs	term		
Defender vulnerability vs	방어자의 취약성:	防御側の弱点：	防守方弱点 vs	term		
Defenders	수비자들	防衛隊	守卫者	faction		
Defense	방어도	回避	防御	term		
Defenses	방어도	回避	防御	term		
DejaVu Sans Mono	DejaVu Sans Mono	DejaVu Sans Mono	DejaVu Sans Mono,Droid Sans Fallback	identifier		
Dela Keshar	델라 케샤르(Dela Keshar)	Dela Keshar	德拉·凯沙	unit_name		
Delay Shroud Updates	안개/장막 상태 갱신을 미룬다	幕の更新を遅らせる	暂缓更新黑幕	term		
Delete	삭제	削除	删除	term		
Delete Save	저장 파일 삭제	セーブデータの削除	删除存档	term		
Delete ToD	시간대 삭제	時刻の削除	删除时段	term		
Delete Unit	유닛 삭제	ユニットを削除	删除单位	term		
Delete add-on	부가 기능 삭제	アドオンの削除	删除附加组件	term		
Delete add-on from server	서버에서 부가 기능 삭제	サーバーからアドオンを削除します	从服务器上删除附加组件	term		
Delete back-up files	백업 파일을 삭제	バックアップファイルを削除します	删除备份文件	term		
Delfador	델파도르(Delfador)	Delfador	德法多	unit_name		
Delinquent	불량 소녀	不良	不良少女	unit_name		
Delirium	광기	錯乱	谵妄	proper_noun		
Delurin	델루린(Delurin)	Delurin	德鲁林	unit_name		
Delzath	델자쓰(Delzath)	Delzath	德尔扎斯	faction		원본 PO의 고유명사 문맥을 확인해 한국어 음차와 원문을 병기
Den	굴	アジト	兽窝	proper_noun		
Denogyc	데노지크(Denogyc)	Denogyc	德诺吉克	proper_noun		
Dense Palm Forest	울창한 야자수 숲	ヤシの密林	棕榈密林	terrain		
Deoran	데오란(Deoran)	Deoran	德欧兰	faction		원본 PO의 고유명사 문맥을 확인해 한국어 음차와 원문을 병기
Dependencies Installation Failed	종속 항목 설치 실패	依存関係のインストール失敗	依赖项目安装失败	term		
Deprecated	사용 중단됨	非推奨	已弃用	terrain		
Derrin	데린(Derrin)	Derrin	德林	proper_noun		
Dert	데르트(Dert)	Dert	德尔	proper_noun		
Descending into Darkness	어둠 속으로 내려가기	闇に降りる	前路漆黑	campaign_name		
Descent into Darkness	어둠 속으로의 추락	闇へ堕ちて	堕入黑暗	campaign_name		
Description	설명	解説	描述	term		
Deselect Hex	육각 칸 선택 해제	ヘクス選択解除	取消选择六角格	term		
Desert	사막	砂漠	沙漠	terrain		
Desert Castle	사막의 성채	砂漠の城	沙漠城堡	terrain		
Desert Impassable Mountains	사막의 통과 불가 산맥	砂漠の通れない山	沙漠中的高不可攀的山岭	terrain		
Desert Keep	사막 본영	砂漠の主塔	沙漠主楼	terrain		
Desert Mountains	사막 산맥	砂漠の山	沙漠山岭	terrain		
Desert Plants	사막 식물	砂漠の植物	沙漠植物	terrain		
Desert Plants without Bones	뼈를 뺀 사막 식물	砂漠の植物（動物の骨無し）	没有茎干的沙漠植物	terrain		
Desert Sands	사막 모래톱	砂漠の砂地	沙漠沙砾	terrain		
Desert Tent Village	사막 천막 마을	砂漠のテントの村	沙漠帐篷村庄	terrain		
Deserter	탈영병	脱走兵	逃兵	proper_noun		
Deserters	탈영병	脱走兵	逃兵	proper_noun		
Desire	욕망	願望	欲望	term		
Desktop Notification	데스크톱 알림	デスクトップ通知	桌面提醒	term		
Desolation	황폐	荒地	荒芜	term		
Despair	절망	絶望	绝望	term		
Destiny	운명	運命	命运	term		
Destroy all the undead units	모든 언데드 유닛을 처치하십시오	全てのアンデッドユニットを倒す	摧毁所有的亡灵单位	term		
Destruction	파괴	残骸	毁坏	term		
Dextrous	손재주 좋음	器用	灵巧	proper_noun		
DiD	하드코어(DiD)	DiD	DiD	campaign_name		
Diabolic	악마적인	悪魔	群魔乱舞	campaign_name		
Diff	차이점	差分（Diff）	差异	proper_noun		
Difficult	어려움	難しい	困难	campaign_name		
Difficulty	난이도	難易度 	难度	term		
Dim	어둠	凡愚	愚笨	proper_noun		
Diplomacy	외교	外交	外交	proper_noun		
Diplomatic Options	외교 옵션	外交オプション	外交选择	term		
Dirator	디아토르(Dirator)	Dirator	迪拉托	person_name		
Direwolf	큰 이리	ダイアウルフ	恐狼	unit_name		
Direwolf Rider	이리에 탄 고블린	ダイアウルフライダー	恐狼骑手	unit_name		
Dirt	흙밭	荒地	尘土	terrain		
Disable Background Image	배경 이미지 비활성화	背景画像の無効化	禁用背景图片	term		
Disable automatic moves	자동 이동 사용 안 함	自動移動を無効にする	禁用自动移动	term		
Disable logging	로깅 사용 안 함	ログの無効化	禁用日志	term		
Disable spellchecking	맞춤법 검사를 사용 안함 설정	スペルチェックを無効にする	禁用拼写检查	term		
Disaster	재난	惨事	灾难	proper_noun		
Discord	Discord	Discord	Discord	proper_noun		
Dismiss	닫기	解雇	解散	term		
Dismiss Unit	유닛 해고	ユニットの解雇	开除单位	term		
Display animated terrain graphics	애니메이션 지형 그래픽 표시	地形グラフィックをアニメーションします	显示地形动画效果	term		
Do not show again	다시 표시하지 않기	二度と表示しない	不再显示	term		
Dolburras	돌부라스(Dolburras)	Dolburras	多尔布拉斯	unit_name		
Dolmannumbil	돌만눔빌(Dolmannumbil)	Dolmannumbil	多尔蔓纳姆比尔	proper_noun		
Dolmathengalin	돌마센갈린(Dolmathengalin)	Dolmathengalin	多尔玛森伽林	unit_name		
Dolphin	돌고래	イルカ	海豚	unit_name		
Domain	영역	領域	领域	proper_noun		
Dominant	지배하는 자	族長	翼主	campaign_name		
Dommel	돔멜(Dommel)	Dommel	多梅尔	faction		원본 PO의 고유명사 문맥을 확인해 한국어 음차와 원문을 병기
Donate	기부하기	寄付	捐款	term		
Donc	돈크(Donc)	Donc	东克	unit_name		
Done	끝	終了	完成	term		
Door	문	扉	门	terrain		
Dorcyn	도르신(Dorcyn)	Dorcyn	多辛	unit_name		
Download	다운로드	ダウンロード	下载	term		
Downloading lobby data	로비 데이터 다운로드 중	ロビーデータをダウンロード中	正在下载大厅数据	term		
Downloads	다운로드	ダウンロード数	下载数	term		
Draglar	드라그라르(Draglar)	Draglar	达格拉	unit_name		
Dragon Statue	용 석상	竜の石像	龙之雕像	item_name		
Dragonfly Naiad	잠자리 유충	ヤゴ	蜻蜓幼虫	unit_name		
Dragoon	용기병	熟練竜騎士	龙骑兵	unit_name		
Drain	흡수	生命吸収	吸血	proper_noun		
Drakanal	드라카날(Drakanal)	Drakanal	德拉卡纳尔	proper_noun		
Drake Arbiter	반룡 심판자	ドレークの裁定者	龙人仲裁者	unit_name		
Drake Blademaster	반룡 검제	ドレークの熟練剣士	龙人剑圣	unit_name		
Drake Burner	불꽃의 반룡	ドレークの焼却者	龙人灼烧者	unit_name		
Drake Clasher	반룡 돌격병	ドレークの粉砕者	龙人冲击者	unit_name		
Drake Enforcer	반룡 집행관	ドレークの執行官	龙人执行者	unit_name		
Drake Fighter	반룡 투사	ドレークの戦士	龙人战士	unit_name		
Drake Flameheart	심홍의 반룡	ドレークフレイムハート	龙人熔火之心	unit_name		
Drake Flare	홍염의 반룡	ドレークフレア	龙人闪耀者	unit_name		
Drake Glider	반룡 활공하는 자	滑空ドレーク	龙人滑翔者	unit_name		
Drake Thrasher	반룡 매타작하는 자	ドレークの処罰者	龙人痛击者	unit_name		
Drake Village	드레이크 마을	ドレークの村	龙人村庄	terrain		
Drake Warden	반룡 관리장	ドレークの長官	龙人守望者	unit_name		
Drake Warrior	반룡 전사	ドレークの熟練戦士	龙人武士	unit_name		
Drakes	반룡들	ドレーク	龙人	race_name	Drakes; 반룡족	
Dran	드란(Dran)	Dran	杜安	unit_name		
Drapug	드라푸그(Drapug)	Drapug	德拉普	proper_noun		
Draug	전쟁의 망령	ドラウグ	战魂	unit_name		
Draw Hex Coordinates	육각 타일 좌표 그리기	ヘクスの座標を描画	绘制六角格坐标	term		
Draw Number of Bitmaps	비트맵 수 표시	ビットマップの数を表示	绘制位图数量	term		
Draw Terrain Codes	지형 코드 표시	地形コードを描画	绘制地形编码	term		
Dread Bat	공포의 박쥐	戦慄コウモリ	恐惧蝙蝠	unit_name		
Dread Lich	공포의 리치(Lich)	恐怖のリッチ	恐惧巫妖	unit_name		
Dreadred	드레아드레드(Dreadred)	Dreadred	红色恐怖	proper_noun		
Dream	꿈	夢	梦想	term		
Drogan	드로간(Drogan)	Drogan	德罗甘	unit_name		
Drolg	드롤그(Drolg)	Drolg	道尔格	unit_name		
Droni	드로니(Droni)	Droni	德罗尼	proper_noun		
Drop Baneblade	재앙의 검 내려놓기	死の剣を落とす	放下毒刃	term		
Drop Crystal Quiver	수정 화살통 내려놓기	水晶の矢筒を落とす	放下水晶箭筒	term		
Drop Holy Amulet	신성한 부적 버리기	聖なるお守りを落とす	放下神圣护身符	term		
Drop Plague Staff	역병의 지팡이 내려놓기	疫病の杖を落とす	放下瘟疫法杖	term		
Drop Ring of Invisibility	투명화의 반지 내려놓기	不可視の指輪を落とす	放下隐身之环	term		
Drop Shield of the Sentinel	파수꾼의 방패 내려놓기	衛士の盾を落とす	放下哨兵之盾	term		
Drought	가뭄	干ばつ	干旱	term		
Drowsk Calbeht	드로우스크 칼베흐트	Drowsk Calbeht	多斯克·卡尔本特	unit_name		
Drung	드렁(Drung)	Drung	泽乱	faction		원본 PO의 고유명사 문맥을 확인해 한국어 음차와 원문을 병기
Drunken Fist Style	취권	酔拳	醉拳风格	term		
Dry Dirt	마른 흙밭	乾いた荒地	干燥尘土	terrain		
Dry Grass	마른 잔디	乾いた草原	干草	terrain		
Dry Hills	건조한 언덕	乾いた丘	干燥丘陵	terrain		
Dry Impassable Mountains	건조한 통과 불능 산맥	乾いた通行不能の山	干燥的高不可攀的山岭	terrain		
Dry Mountains	건조한 산	乾いた山	干燥山岭	terrain		
Dry run	시험 실행	試験実行（Dry Run）	试运行	term		
Ducatithil	두카티실(Ducatithil)	Ducatithil	杜卡提希尔	faction		원본 PO의 고유명사 문맥을 확인해 한국어 음차와 원문을 병기
Dudan	두단(Dudan)	Dudan	杜丹	unit_name		
Duduril	두두릴(Duduril)	Duduril	杜德里尔	proper_noun		
Duelist	결투사	決闘者	决斗士	unit_name		
Dulalas	둘라라스(Dulalas)	Dulalas	杜拉那斯	faction		
Dulcatas	둘카타스(Dulcatas)	Dulcatas	杜凯特斯	unit_name		
Dulcatulos	둘카툴로스(Dulcatulos)	Dulcatulos	杜尔卡图洛斯	proper_noun		
Dune Apothecary	사막 약제사	デューンの薬師	沙丘药剂师	unit_name		
Dune Cataphract	사막 중기병	デューンの騎甲兵	沙丘重装骑	unit_name		
Dune Firetrooper	사막 화염병사	デューンの火炎兵	沙丘火炎兵	unit_name		
Dune Marauder	사막 약탈자	デューンの略奪兵	沙丘掠袭骑	unit_name		
Dune Rover	사막 방랑자	デューンの放浪者	沙丘浪游者	unit_name		
Dune Scorcher	사막 화염병사	デューンの焦痕兵	沙丘焦燃者	unit_name		
Dune Soldier	사막 병사	デューンの兵士	沙丘士兵	unit_name		
Dune Spearguard	사막 창병	デューンの槍衛兵	沙丘矛卫	unit_name		
Dune Sunderer	사막 파괴자	デューンの突撃騎兵	沙丘裂断骑	unit_name		
Dunefolk	사막 민족	デューンフォーク	沙丘游民	faction		
Dunes	모래 언덕	砂丘	沙丘	terrain		
Dungeon	던전	迷宮	地牢	term		
During the scenario	시나리오 진행 중	シナリオの途中	场景进行时	term		
Dursil	두르실(Dursil)	Dursil	杜斯尔	faction		원본 PO의 고유명사 문맥을 확인해 한국어 음차와 원문을 병기
Durstorn	두르스토른(Durstorn)	Durstorn	达司拓恩	unit_name		
Durth	두르쓰(Durth)	Durth	德斯	proper_noun		
Dushab	두샤브(Dushab)	Dushab	杜沙布	proper_noun		
Dusk	황혼	夕暮れ	黄昏	term		
Dust Devil	먼지 악마	ダストデビル	尘土魔	unit_name		
Dustbok	더스트복	サンドボック	尘步兽	unit_name		
Dutch Translation	네덜란드어 번역 담당	オランダ語翻訳	荷兰文翻译	term		
Dwaba-Kukai	드와바-쿠카이(Dwaba-Kukai)	Dwaba-Kukai	达瓦巴-库凯	faction		
Dwalim	드왈림(Dwalim)	Dwalim	瓦林	unit_name		
Dwar-Ni	드와르-니(Dwar-Ni)	Dwar-Ni	德瓦-尼	faction		
Dwarf Ally	동맹 난쟁이	ドワーフの友軍	矮人同盟	faction		
Dwarf Avenger	복수자 난쟁이	ドワーフの復讐者	矮人复仇者	unit_name		
Dwarf Chieftain	추장 난쟁이	ドワーフの族長	矮人领主	unit_name		
Dwarf Conscript	징집병 난쟁이	ドワーフの徴集兵	矮人新兵	unit_name		
Dwarf Defender	수비병 난쟁이	ドワーフの防衛隊	矮人守卫	unit_name		
Dwarf Ghost	난쟁이 유령	ドワーフの幽霊	矮人幽灵	unit_name		
Dwarf Grenadier	폭탄투척병 난쟁이	ドワーフの擲弾兵	矮人掷弹兵	unit_name		
Dwarf Guard	경비병 난쟁이	ドワーフの衛兵	矮人守卫	unit_name		
Dwarf Hermit	은둔자 난쟁이	ドワーフの隠者	矮人隐居者	unit_name		
Dwarf High Guard	드워프 고위 경비대	ドワーフの上級衛兵	矮人高阶守卫	unit_name		
Dwarf Leader	난쟁이 대장	ドワーフのリーダー	矮人首领	unit_name		
Dwarf Scout	정찰꾼 난쟁이	ドワーフの斥候	矮人哨兵	unit_name		
Dwarf Sergeant	하사 난쟁이	ドワーフの軍曹	矮人军士	unit_name		
Dwarf Skirmisher	척후병 난쟁이	ドワーフの散兵	矮人散兵	unit_name		
Dwarf Thunderer	천둥사 난쟁이	ドワーフの雷撃兵	矮人雷霆战士	unit_name		
Dwarven Belt	난쟁이제 허리띠	ドワーフのベルト	矮人腰带	item_name		
Dwarven Castle	드워프 성채	ドワーフの城	矮人城堡	terrain		
Dwarven Castle Keep	드워프 성채 본영	ドワーフの城の主塔	矮人城堡主楼	terrain		
Dwarven Castle Ruins	드워프 성 폐허	ドワーフの荒城	矮人城堡废墟	terrain		
Dwarven Ruin Keep	폐허가 된 드워프 본영	ドワーフの廃墟の主塔	矮人废墟主楼	terrain		
Dwarven Underground Castle	드워프 지하 성	ドワーフの地下城	矮人地下城堡	terrain		
Dwarven Underground Keep	드워프 지하 본영	ドワーフの地下主塔	矮人地下城堡主楼	terrain		
Dwarven Village	드워프식 마을	ドワーフの村	矮人村庄	terrain		
Dwarves	난쟁이족	ドワーフ	矮人	race_name	난쟁이들; 드워프들	
Dwarvish Annalist	난쟁이 연대기 기록자	ドワーフの年代記編者	矮人述史者	unit_name		
Dwarvish Arcanister	난쟁이의 비전의 명인	ドワーフの秘儀術師	矮人奥术师	unit_name		
Dwarvish Berserker	난쟁이의 광전사	ドワーフの熟練狂戦士	矮人狂熊战士	unit_name		
Dwarvish Dragonguard	난쟁이의 뇌룡근위대	ドワーフのドラゴン衛兵	矮人龙卫士	unit_name		
Dwarvish Explorer	난쟁이의 탐험가	ドワーフの探検家	矮人探险者	unit_name		
Dwarvish Fighter	난쟁이의 투사	ドワーフの戦士	矮人战士	unit_name		
Dwarvish Guardsman	난쟁이의 경비병	ドワーフの警護兵	矮人卫兵	unit_name		
Dwarvish Lord	난쟁이의 군주	ドワーフの貴族	矮人领主	unit_name		
Dwarvish Loremaster	난쟁이제 전승의 대가	ドワーフの伝承者	矮人博学士	unit_name		
Dwarvish Masked Berserker	난쟁이제 가면 쓴 광전사	ドワーフの覆面熟練狂戦士	戴面具的矮人狂熊战士	unit_name		
Dwarvish Masked Dragonguard	난쟁이제 가면 쓴 뇌룡근위대	ドワーフの覆面ドラゴン衛兵	戴面具的矮人龙卫士	unit_name		
Dwarvish Masked Fighter	난쟁이제 가면 쓴 싸움꾼	ドワーフの覆面戦士	戴面具的矮人战士	unit_name		
Dwarvish Masked Guardsman	난쟁이제 가면 쓴 경비병	ドワーフの覆面警護兵	戴面具的矮人卫兵	unit_name		
Dwarvish Masked Lord	난쟁이제 가면 쓴 영주	ドワーフの覆面貴族	戴面具的矮人领主	unit_name		
Dwarvish Masked Sentinel	난쟁이제 가면 쓴 보초병	ドワーフの覆面精鋭防御兵	戴面具的矮人哨卫	unit_name		
Dwarvish Masked Stalwart	난쟁이제 가면 쓴 충실한 일꾼	ドワーフの覆面守備兵	戴面具的矮人坚守者	unit_name		
Dwarvish Masked Steelclad	난쟁이제 가면 쓴 갑옷입은	ドワーフの覆面装甲歩兵	戴面具的矮人铁甲兵	unit_name		
Dwarvish Masked Thunderer	난쟁이제 가면 쓴 천둥사	ドワーフの覆面銃撃兵	戴面具的矮人雷霆战士	unit_name		
Dwarvish Masked Thunderguard	난쟁이제 가면 쓴 천둥경비병	ドワーフの覆面精鋭銃撃兵	戴面具的矮人雷霆卫士	unit_name		
Dwarvish Masked Ulfserker	난쟁이제 가면 쓴 광투사	ドワーフの覆面狂戦士	戴面具的矮人狂狼战士	unit_name		
Dwarvish Pathfinder	난쟁이 길잡이	ドワーフの坑道探査人	矮人寻路者	unit_name		
Dwarvish Runemaster	난쟁이 룬의 달인	ドワーフのルーンマスター	矮人符文大师	unit_name		
Dwarvish Runesmith	난쟁이 룬의 대장장이	ドワーフのルーンスミス	矮人符文工匠	unit_name		
Dwarvish Scout	난쟁이 정찰꾼	ドワーフの斥候	矮人侦察兵	unit_name		
Dwarvish Sentinel	난쟁이 감시병	ドワーフの精鋭防御兵	矮人哨卫	unit_name		
Dwarvish Stalwart	난쟁이 방비병	ドワーフの守備兵	矮人坚守者	unit_name		
Dwarvish Steelclad	난쟁이 철갑병	ドワーフの装甲歩兵	矮人铁甲兵	unit_name		
Dwarvish Thunderer	난쟁이 천둥사	ドワーフの雷撃兵	矮人雷霆战士	unit_name		
Dwarvish Thunderguard	난쟁이의 천둥 수호자	ドワーフの雷撃衛兵	矮人雷霆卫士	unit_name		
Dwarvish Ulfserker	난쟁이 광투사	ドワーフの狂戦士	矮人狂狼战士	unit_name		
Dwarvish Witness	난쟁이제 목격자	ドワーフの証人	矮人见证者	unit_name		
EI	침동(EI)	EI	EI	campaign_name		
ENLIGHTENED	깨달음	覚醒	觉悟	term		
Eagle eye longbow	독수리 눈의 장궁	鷹の目の長弓	鹰眼长弓	item_name		
Early Arrival	조기 도착	早過ぎた到着	先至	campaign_name		
Earooa	에라오아(Earooa)	Earooa	伊洛阿	unit_name		
Earthy Cave Floor	흙 동굴 바닥	土色の洞窟の床	泥土洞穴地面	terrain		
Earthy Chasm	흙 낭떠러지	土色の裂け目	泥土裂隙	terrain		
Earthy Rockbound Cave	흙빛 바위 동굴	土色の岩に囲まれた洞窟	多土岩石洞穴	terrain		
East Barracks	동부 병영	東兵舎	东部兵营	campaign_name		
East Gate	동쪽 관문	東門	东之门	place_name		
East Tower	동쪽 탑	東の塔	东塔	place_name		
East: Study and Vaults	동쪽: 서재 및 보물고	東：書斎と金庫	东面：书房和地窖	term		
Easy	쉬움	易しい	简单	campaign_name		
Echarp	에챠르프(Echarp)	Echarp	以查普	proper_noun		
Economic Recession	경제 불황	景気低迷	经济衰退	term		
Ed	에드	エド	埃德	proper_noun		
Edit Scenario	시나리오 편집	シナリオの編集	编辑场景	term		
Edit Scenario Settings	시나리오 설정 편집	シナリオ設定の編集	编辑场景设置	term		
Edit Side	진영 편집	陣営の編集	编辑阵营	term		
Edit Time Schedule	시간 일정 편집	タイムスケジュールの編集	编辑日程表	term		
Editor Clipboard	편집기 클립보드	エディタのクリップボード	编辑器剪贴板	term		
Editor Mask Usage	편집기 마스크 사용법	エディタマスクの使い方	编辑器遮罩用法	term		
Editor Palette	편집기 팔레트	エディタパレット	编辑器调色板	term		
Editor Palettes	편집기 팔레트	エディタのパレット	编辑器调色版	term		
Editor Terrain-Overlay Graphics	편집기 지형 오버레이 그래픽	エディタの地形オーバーレイグラフィック	编辑器地形遮罩图形	term		
Editor Tools	편집기 도구	エディタのツール	编辑器工具	term		
Editor recent files limit	편집기 최근 파일 숫자	エディタのファイル履歴の上限	编辑器中最近使用的文件的最大数量	term		
Eera	에라(Eera)	Eera	艾拉	proper_noun		
Efran	에프란(Efran)	Efran	埃夫兰	proper_noun		
Egg Sac	알주머니	卵嚢	卵囊	unit_name		
Egrok	달걀의 에그로크(Egrok)	Egrok	依格洛克	unit_name		
Eidolon	환영	アイドウロン	幻象	proper_noun		
Elbridge	엘브리지(Elbridge)	Elbridge	艾尔桥	proper_noun		
Elcmar	엘크마르(Elcmar)	Elcmar	艾尔克玛	unit_name		
Elder Mage	원로 마법사	老魔術師	老法师	unit_name		
Elder Wose	원로 나모	老ウーズ	树人长者	unit_name		Wose의 기존 표준 번역 `나모`를 유지하고 Elder만 `원로`로 번역
Eldred	엘드레드(Eldred)	Eldred	埃雷德	person_name		
Eleben	엘레벤(Eleben)	Eleben	艾勒本	proper_noun		
Elemental	원소	精霊	元素	term		
Elendor	엘렌도르(Elendor)	Elendor	埃伦德	proper_noun		
Elenia	엘레니아(Elenia)	Elenia	伊莱妮雅	proper_noun		
Elensefar	엘렌세파르(Elensefar)	Elensefar	埃仁撒伐	proper_noun		원본 PO의 고유명사 문맥을 확인해 한국어 음차와 원문을 병기
Eleventh Hour	마지막 순간	瀬戸際	最后时刻	campaign_name		
Elf Land	엘프의 땅	Elf Land	精灵之地	music_title		
Elilmaldur-Rithrandil	엘릴말두르-리트란딜(Elilmaldur-Rithrandil)	Elilmaldur-Rithrandil	艾利梅度•瑞斯温迪尔	faction		원본 PO의 고유명사 문맥을 확인해 한국어 음차와 원문을 병기
Elixir of Elements	원소의 영약	属性の霊薬	元素药水	item_name		
Elixir of Fury	분노의 영약	狂戦の霊薬	狂怒药水	term		
Elixir of Haste	신속의 영약	高速の霊薬	疾行药水	term		
Elixir of Water Breathing	수중 호흡의 영약	冬の吐息の霊薬	水下呼吸药水	item_name		
Eloh	엘로(Eloh)	Eloh	伊洛	unit_name		
Eloh Cultists	엘로(Eloh)의 광신도	Eloh の狂信者	伊洛信徒	faction		
Elomyr	엘로미르(Elomyr)	Elomyr	埃洛米尔	proper_noun		
Eloshi	엘로시(Eloshi)	Eloshi	艾路丝	proper_noun		
Elrian	엘리안(Elrian)	Elrian	艾尔利安	unit_name		
Eltenmir	엘텐미르(Eltenmir)	Eltenmir	埃尔滕米尔	unit_name		
Elurin	엘루린(Elurin)	Elurin	艾鲁林	unit_name		
Elven Bow	엘프 활	エルフの弓	精灵弓	item_name		
Elven Castle	엘프 성	エルフの城	精灵城堡	terrain		
Elven Castle Keep	엘프 성채 본영	エルフの城の主塔	精灵城堡主楼	terrain		
Elven Castle Ruin	폐허가 된 엘프 성	エルフの荒城	精灵城堡废墟	terrain		
Elven Keep Ruin	폐허가 된 엘프 본영	エルフの廃墟の主塔	精灵主楼废墟	terrain		
Elven Village	엘프식 마을	エルフの村	精灵村庄	terrain		
Elves	엘프들	エルフ	精灵	race_name	엘프; 엘프족; 요정들	
Elvish Archer	요정 궁수	エルフの射手	精灵弓箭手	unit_name		
Elvish Assassins	엘프의 암살자	エルフの暗殺者	精灵刺客	campaign_name		
Elvish Avenger	요정 복수자	エルフの復讐者	精灵复仇者	unit_name		
Elvish Bodyguard	엘프 경호원	エルフのボディーガード	精灵保镖	unit_name		
Elvish Captain	요정 대장	エルフの隊長	精灵队长	unit_name		
Elvish Champion	요정 투사	エルフのチャンピオン	精灵冠军	unit_name		
Elvish Fighter	요정 투사	エルフの戦士	精灵战士	unit_name		
Elvish Hero	요정 영웅	エルフの英雄	精灵英雄	unit_name		
Elvish High Lord	요정 대군주	エルフの大貴族	精灵高领主	unit_name		
Elvish Lord	요정 군주	エルフの貴族	精灵领主	unit_name		
Elvish Marksman	요정 저격수	エルフの射撃手	精灵精准射手	unit_name		
Elvish Marshal	요정 집행관	エルフの元帥	精灵元帅	unit_name		
Elvish Outrider	요정 선도자	エルフの騎馬従者	精灵游骑兵	unit_name		
Elvish Princess	요정 공주	エルフの王女	精灵公主	campaign_name		
Elvish Ranger	요정 유격병	エルフのレンジャー	精灵巡林者	unit_name		
Elvish Rebel	엘프의 반역자	エルフの反逆者	精灵叛徒	proper_noun		
Elvish Rider	요정 승마병	エルフの騎兵	精灵骑手	unit_name		
Elvish Scout	요정 정찰꾼	エルフの斥候	精灵侦察兵	unit_name		
Elvish Sharpshooter	요정 명사수	エルフの狙撃手	精灵神射手	unit_name		
Elvish theme	엘프의 테마	Elvish theme	精灵主题	music_title		
Elyn	엘린(Elyn)	Elyn	埃林	faction		
Elyssa	엘리싸(Elyssa)	Elyssa	伊丽莎	unit_name		
El’rien	엘리엔(El’rien)	El’rien	艾尔林恩	faction		
Emerald Wand of Poison	에메랄드 독 마술봉	エメラルドの毒杖	剧毒翡翠魔杖	item_name		
Empire	제국	帝国	帝国	campaign_name		
Empty file	빈 파일	ファイルが空です	空文件	term		
Empty slot	빈 슬롯	空席	空置位置	term		
Empty variable name	변수 이름이 비었습니다	変数名が空です	空变量名	term		
Enable custom time limits	사용자 지정 시간 제한 활성화	ターンごとに持ち時間（時間制限）を設けます	启用自定义时限	term		
Encampment	기지	野営地	营地	terrain		
Encampment Keep	기지 본영	野営地の主塔	营地主楼	terrain		
Enclave	영토	飛び地	飞地	term		
Encyclopedia	백과사전	事典	大百科	term		
End Replay	리플레이 종료	リプレイ終了	结束播放录像	term		
End Scenario	시나리오 마치기	シナリオ終了	结束场景	term		
End Turn	차례 종료	ターン終了	结束回合	term	턴 끝내기	
End Turn button	턴 종료 버튼	ターン終了ボタン	“结束回合”按钮	term		
End Unit Turn	유닛 행동 완료	ユニットのターンを終了	结束单位的回合	term		
End of Peace	평화의 끝	平和の終わり	和平的终结	campaign_name		
End of War	전쟁의 끝	終戦	战争的尽头	campaign_name		
End your turn	차례를 종료합니다	ターンを終了しましょう	结束你的回合	proper_noun		
Endless Night	끝없는 밤	終わらない夜	无尽长夜	campaign_name		
Endurance Training	지구력 훈련	耐久力の強化訓練	耐受力训练	term		
Enemies	적	敵	敌人	faction	적들	
Enemy village	적군 소속 마을	敵所有の村	敌方村庄	term		
Enraged Elves	분노한 엘프들	激昂のエルフ	愤怒的精灵	faction		
Enter Blindfolded	맹목적으로 참가	目隠しで入る	蒙眼进入	term		
Enter Command	명령 입력	コマンドの入力	输入命令	term		
Entering the Northlands	북부로 들어가기	北の地へ	进入北陆	campaign_name		
Eonihar	에오니하르(Eonihar)	Eonihar	艾尼哈尔	unit_name		
Eowarar	에오와라르(Eowarar)	Eowarar	埃尔沃勒	faction		원본 PO의 고유명사 문맥을 확인해 한국어 음차와 원문을 병기
Epilogue	에필로그	エピローグ	尾声	campaign_name	종막(終幕); 종막終幕; 종장(終章)	
Era	시대	時代	时代	term		
Eradicate the liches	리치들을 제거할 것	リッチを殲滅する	根除所有巫妖	term		
Eradion	에라디온(Eradion)	Eradion	埃拉迪翁	proper_noun		
Eranor	에라노르(Eranor)	Eranor	艾拉诺	proper_noun		
Erart	에라르트(Erart)	Erart	伊莱特	faction		원본 PO의 고유명사 문맥을 확인해 한국어 음차와 원문을 병기
Eras	시대	時代	时代	term		
Erbru	에르브루(Erbru)	Erbru	厄布鲁	unit_name		
Erdog	에르도그(Erdog)	Erdog	厄道格	unit_name		
Erdug	에르두그(Erdug)	Erdug	厄达格	unit_name		
Erethean	에레테안(Erethean)	Erethean	埃雷森	proper_noun		
Error	오류	エラー	错误	term		
Error level logging: minimum information	오류 수준 로그: 최소 정보	Error レベルログ：最小限の情報	错误级日志：最少信息量	term		
Error loading map	지도 불러오기 오류	マップの読み込みに失敗	载入地图时发生错误	term		
Error loading mask	마스크 불러오기 오류	マスクの読み込みに失敗	载入遮罩时发生错误	term		
Eryssa	에릿사(Eryssa)	Eryssa	伊蕊莎	unit_name		
Esanoo	에사누(Esanoo)	Esanoo	伊瑟努	unit_name		
Escape	탈출	逃げる	逃走	term		
Escort	호위	護衛	护卫	unit_name		
Esperanto Translation	에스페란토어 번역 담당	エスペラント語翻訳	世界语翻译	term		
Essarn	에산(Essarn)	Essarn	埃萨恩	proper_noun		
Establish University	대학 건립	大学を設立する	设立大学	term		
Estmark Hills	샛자리(Estmark) 산맥	not found	not found	place_name		
Estonian Translation	에스토니아어 번역 담당	エストニア語翻訳	爱沙尼亚文翻译	term		
Etheliel	에델리엘(Etheliel)	Etheliel	伊希利尔	faction		원본 PO의 고유명사 문맥을 확인해 한국어 음차와 원문을 병기
Ethereal Abyss	초현실적 심연	神秘の裂け目	无底深渊	terrain		
Ethereal Ghost	미묘한 유령	幽玄なるゴースト	飘渺幽灵	unit_name		
Ethereal Nightgaunt	신비한 나이트건트	幽玄なるナイトゴーント	飘渺夜荒	unit_name		
Ethereal Shadow	미묘한 그림자	幽玄なるシャドウ	飘渺暗影	unit_name		
Ethereal Spectre	미묘한 요괴	幽玄なるスペクター	飘渺幽鬼	unit_name		
Ethereal Wraith	미묘한 망령	幽玄なるレイス	飘渺幽魂	unit_name		
Ethiliel	에틸리엘(Ethiliel)	Ethiliel	艾茜莉尔	unit_name		
Evacuation	철수 작전	退却	撤退	campaign_name		
Everlore	에버로어(Everlore)	Everlore	艾芙洛尔	unit_name		
Evil	악	悪	邪恶	faction	악당	
Evil Altar	악의 제단	邪悪な祭壇	邪恶圣坛	item_name		
Evoker	소환술사	招待者	秘法师	campaign_name		
Execution trace	실행 추적	実行トレース	执行轨迹	term		
Exile	추방	追放	流亡	proper_noun		
Exit	나가기	終了	退出	term	종료; 출구	
Exit Confirmation	종료 확인	終了の確認	退出确认	term		
Expected Battle Result (HP)	예상 전투 결과(HP)	予想される戦闘結果（HP）	期望战斗结果（HP）	term		
Expedition	탐험	探検隊	远征	proper_noun		
Experience	경험치	経験値	经验值	term		
Experience Modifier	경험치 보정	必要経験値の変更（%）	经验值修正	term		
Expert	전문가	達人	专家	campaign_name		
Explore	탐험	探索する	探索	term		
Export Selected Coordinates to System Clipboard	선택한 좌표를 시스템 클립보드로 내보내기	選択した座標をクリップボードにコピー	导出所选坐标至系统剪贴板	term		
Extra Hairy Bat	유난히 털이 많은 박쥐	やけに毛深いコウモリ	毛特多蝙蝠	unit_name		
Eye Guardian	지킴이 눈	監視する目玉	灵眼守卫	proper_noun		
Eyestalk	눈자루	カニの目	眼茎	unit_name		
Fabstep	파브스테프(Fabstep)	Fabstep	法布斯坦普	proper_noun		
Face of the Enemy	적의 얼굴	敵の顔	敌人的面目	campaign_name		
Faction	진영	党派	阵营	term		
Factions	당파	党派	派系	term		
Faery	요정	妖精	仙境	proper_noun		
Failed Experiment	실패한 실험체	実験失敗作	失败的实验品	proper_noun		
Fair	공정한	展示場	集市	term		
Fake Map Border	가짜 지도 경계	フェイクマップボーダー	伪地图边缘	terrain		
Fake Shroud	가짜 장막	フェイクの幕	虚假黑幕	terrain		
Fal Khag	팔 크하그(Fal Khag)	Fal Khag	法尔·卡格	faction		고유명사 병기 기준
Falcon	매	隼	猎隼	unit_name		
Fall Deciduous Forest	가을 낙엽수림	秋の落葉樹林	秋季落叶林	terrain		
Fall Mixed Forest	가을 혼합수림	秋の混交林	秋季混交林	terrain		
Fallen Clansman	쓰러진 부족민	戦死したクランメンバー	堕落的氏族成员	proper_noun		
Fallen Lich Point	몰락한 리치(Lich) 곶	リッチの倒れた地	战败巫妖之岬	campaign_name		
Fallen Mage	타락한 마법사	堕ちた魔術師	堕落法师	unit_name		
Fallen Soul	타락한 영혼	堕ちた魂	堕落的灵魂	proper_noun		
Familiar	사역마	使い魔	仆从	unit_name		
Fanatical Saurian	광신적인 사우리안족	トカゲの狂信者	狂热的蜥蜴人	proper_noun		
Fancy Red Tent	멋진 빨간 텐트	ファンシーな赤いテント	靓丽的红帐篷	item_name		
Fancy Spear	화려한 창	ファンシーな槍	华丽长矛	item_name		
Fang	독니	Fang	梵格	term		
Far North	극북	極北（Far North）	极北之地	place_name		
Far Travelers	먼 곳에서 온 여행자들	異邦人	远方旅行者	faction		
Faren	파렌(Faren)	Faren	法伦	proper_noun		
Farm	농장	農場	农场	proper_noun		
Farmland	논밭	農地	农场	terrain		
Farms	농장	農地	农田	proper_noun		
Faster Strikes	더 빠른 타격	打撃速度の向上	更快的打击	term		
Fatal error	치명적인 오류	致命的なエラー	严重错误	term		
Father Morvin	모르빈(Morvin) 신부	Morvin 神父	莫文神父	term		
Fear	두려움	恐怖	恐惧	campaign_name		
Fearless	두려움 없음	勇敢	无惧	proper_noun		
Fearsome Bat	무시무시한 박쥐	恐るべきコウモリ	恐怖蝙蝠	unit_name		
Features	기능	機能	特性	term		
Feeding	흡혈	摂食	食尸	proper_noun		
Female	여성	女性	女	term		
Fence	울타리	柵	篱笆	terrain		
Fence-Bottom	울타리 아래	柵の下部	栅栏底部	terrain		
Fence-Top	울타리 위	柵の上部	栅栏顶部	terrain		
Fencer	펜싱 선수	剣術士	剑客	unit_name		
Feorth	페오르쓰(Feorth)	Feorth	费奥思	proper_noun		
Feral	야생적	野生	野生	proper_noun		
Feru	페루(Feru)	Feru	菲鲁	person_name		
Fervin	퍼빈(Fervin)	Fervin	弗林	faction		원본 PO의 고유명사 문맥을 확인해 한국어 음차와 원문을 병기
Festival	축제	祭り	节日	term		
Feudal	봉건	封建領主	封建	proper_noun		
Field	밭	野原	农田	term		
Fighter	투사	戦士	战士	campaign_name	싸움꾼	
Fighting	전투	戦闘	战斗	proper_noun		
File	파일	ファイル	文件	term		
File not found	파일을 찾을 수 없습니다	ファイルが見つかりません	未找到文件	term		
Filipino Translation	필리핀어 번역 담당	フィリピン語翻訳	菲律宾文翻译	term		
Fill Selection	선택 영역 채우기	選択部分を塗りつぶす	填充选定区域	term		
Fill Tool	채우기 도구	塗り潰しツール	填充工具	term		
Filters on hotkey description	단축키 설명으로 필터링	ホットキーの説明でフィルターします	按照热键描述来筛选	term		
Final Battle	최종 전투	最終戦	决战	term		
Final Departure	마지막 이륙	最後の離陸	终途启程	campaign_name		
Find File	파일 찾기	ファイル探索	查找文件	term		
Find Gweddry, Dacyn and Owaec	그웨드리, 다친, 오와에크(Owaec)를 찾으세요	GweddryとDacyn、Owaecを見つける	找到格威德利、达辛和欧瓦埃克	term		
Find Label or Unit	레이블 또는 유닛 찾기	ラベルまたはユニットの検索	查找标签或单位	term		
Find Server Application	서버 애플리케이션 찾기	サーバープログラムの探索	查找服务器应用	term		
Find both gate keys	성문 열쇠 두 개를 찾으세요	ゲートの鍵を両方とも見つける	找到两个大门的钥匙	term		
Finde	핀드(Finde)	Finde	芬德	proper_noun		
Finding Your Way	길 찾기	Wesnoth の開始	新手上路	term		
Findlas	핀들라스(Findlas)	Findlas	法恩德拉斯	proper_noun		
Finnish Translation	핀란드어 번역 담당	フィンランド語翻訳	芬兰文翻译	term		
Fire Dragon	불의 드래곤(Dragon)	ファイアドラゴン	火龙	unit_name		
Fire Drake	열화의 반룡	火炎ドレーク	火焰龙战士	unit_name		
Fire Guardian	불의 지킴이	炎の守護者	烈火卫士	unit_name		
Fire Meets Steel	불과 강철의 만남	炎と鋼鉄の遭遇	火焰遇上钢铁	campaign_name		
First Oracle	첫번째 예언자	第一の賢人	第一先知	faction		
First Watch	초경	夜	前半夜	term		
Firststrike	선제 공격	先制	先制	proper_noun		
Fizztsars	피츠차르스(Fizztsars)	Fizztsars	菲兹萨斯	unit_name		
Flags	플래그	フラグ	标志	proper_noun		
Flames	불길	炎	火焰	item_name		
Flaming Sword	불타는 칼	炎の剣	烈焰神剑	item_name	화염 검	
Flat	평지	平地	平原	terrain		
Flawless Teamwork	완벽한 팀워크	完璧なチームワーク	无懈可击的团队合作	term		
Flesh Golem	육체 골렘(Golem)	肉のゴーレム	肉魔像	unit_name		
Flesh of Malin Keshar	말린 케샤르(Malin Keshar)의 살점	Malin Keshar の肉体	马林·凯沙的肉体	unit_name		
Flight	도망	逃走	瞬息万变	campaign_name		
Flight Gorlack	고를락(Gorlack) 비행단	Gorlack の飛族	戈拉克的翼群	faction		
Flight Karron	카르론(Karron) 비행단	Karron の飛族	卡戎翼群	faction		
Flight Omakon	오마콘(Omakon) 비행단	Omakon の飛族	奥玛孔翼群	faction		
Flip Clipboard Horizontally	클립보드를 가로로 뒤집기	クリップボードの内容を水平反転	水平翻转剪贴板	term		
Flip Clipboard Vertically	클립보드를 세로로 뒤집기	クリップボードの内容を垂直反転	垂直翻转剪贴板	term		
Flip Selection	선택 영역 뒤집기	選択部分を反転する	翻转选定区域	term		
Flip horizontally	수평으로 뒤집습니다.	水平方向に反転させます。	水平翻转	term		
Flip vertically	수직으로 뒤집습니다.	垂直方向に反転させます。	垂直翻转	term		
Flixta	플릭스타(Flixta)	Flixta	佛里克斯塔	proper_noun		
Flood Water	홍수 물	氾濫した水域	洪水	terrain		
Flood the Field	물을 끌어들인다	平地を氾濫させる	水淹此地	term		
Flowering Water Lilies	피어있는 연꽃	花咲く睡蓮	盛开的睡莲	terrain		
Flying Corpse	날아다니는 시체	飛ぶ死体	飞行僵尸	unit_name		
Fog	안개	霧	战争迷雾	terrain		
Fog of War	전쟁의 안개	戦雲（霧）	战争迷雾	term		
Fog of war	전쟁의 안개	霧	战争迷雾	term		
Follow unit actions	유닛 움직임 추적	ユニットの行動を追随する	跟随单位行动	term		
Following the Shadow	그림자 따라가기	影に従って	追随暗影	campaign_name		
Fool Prince	어리석은 왕자	愚かな王太子	愚蠢王子	proper_noun		
Foolish Hero	어리석은 영웅	愚かな勇者	愚蠢的英雄	unit_name		
Footpad	노상강도	追いはぎ	走卒	unit_name		
Footwork	발놀림	フットワーク	步法	proper_noun		
Forbidden Forest	금지된 숲	禁じられた森	禁绝森林	campaign_name		
Forbidden grimoire	금지된 마법서	禁断の魔導書	禁忌法书	item_name		
Force	힘	力	力量	term		
Force Li’sar’s surrender	리사르(Li’sar)를 항복시키십시오	Li'sar を降伏させる	逼迫莉莎投降	term		
Forcefield	힘의 장벽	フォースフィールド	力场	item_name		
Ford	냇가	川瀬	浅滩	terrain		
Ford of Alyas	알리아스(Alyas)의 여울	Alyas の渡り場	阿亚斯浅滩	place_name		원본 PO의 고유명사 문맥을 확인해 한국어 음차와 원문을 병기
Ford of Tifranur	티프라누르(Tifranur)의 시내	Tifranur の渡り場	迪弗兰努浅滩	place_name		원본 PO의 고유명사 문맥을 확인해 한국어 음차와 원문을 병기
Foresight of Triumph	승리의 선견지명	勝利の予感	胜利的远见	term		
Forest	숲	森	森林	faction	숲속 거주민	
Former Slaves	옛 노예들	農民の奴隷	曾为奴者	faction		
Formula debugger	수식 디버거	フォーミュラデバッガ	公式调试器	term		
Fort	진지	not found	not found	terrain		
Fort Brell	브렐(Brell) 성채	Brell 砦	布雷尔要塞	place_name		
Fort Elense	엘렌세(Elense) 요새	Elense の砦	埃伦斯要塞	faction		
Fort Miryen	미리엔(Miryen) 성채	Miryen 砦	米利恩要塞	place_name		
Forum URL	포럼 URL	フォーラムの URL	论坛URL	term		
Forums	포럼	フォーラム	论坛	term		
Forward Wing	전방 날개	前衛部隊	前翼	faction		
Fourth Oracle	네번째 예언자	第四の賢人	第四先知	faction		
Frantic	광란(Frantic)	Frantic	狂躁	music_title		
Fredor	프레도르(Fredor)	Fredor	弗雷德	faction		원본 PO의 고유명사 문맥을 확인해 한국어 음차와 원문을 병기
French Translation	프랑스어 번역 담당	フランス語翻訳	法文翻译	term		
Friend message	친구 메시지	友人のメッセージ	好友消息	term		
Friendly Bat	아군 박쥐	人懐っこいコウモリ	友好的蝙蝠	unit_name		
Friendly unit sighted	우호 유닛 × $friends 발견	味方ユニット × $friends 発見！ 	发现$friends|个友方单位	term		
Friends	친구 있는 방	友人	好友	proper_noun		
Friulian Translation	프리울리 어 번역 담당	フリウリ語翻訳	弗留利文翻译	term		
Frontier Lieutenant	국경 담당 부관	辺境の副官	前线尉官	unit_name		
Frontier Sergeant	변경 지역 하사	辺境の軍曹	前线军士	unit_name		
Frozen	동결	凍土	冻原	terrain	냉동; 설빙 지역	
Fugitive	탈주자	逃亡者	亡命徒	campaign_name		
Full Nest	가득찬 둥지	卵のある巣	满巢	item_name		
Full Void	완전한 공허	空っぽ	完全虚空	terrain		
Full screen	전체 화면	フルスクリーン	全屏	term		
Fundin	푼딘(Fundin)	Fundin	凡丁	unit_name		
Fungus	버섯들	キノコ	真菌	terrain		
Gaelir	게일리르(Gaelir)	Gaelir	嘉艾利尔	unit_name		
Gaennell	가에넬(Gaennell)	Gaennell	盖内尔	unit_name		
Gaga-Breuk	가가-브루크(Gaga-Breuk)	Gaga-Breuk	加加-布鲁克	faction		원본 PO의 고유명사 문맥을 확인해 한국어 음차와 원문을 병기
Gains the cannibalize ability	동족 포식 능력 획득	共食いの能力を獲得します	获得同类相食能力	term		
Gains the consumption ability	소모 능력 획득	消費の能力を獲得します	获得消耗能力	term		
Galdrad	갈드라드(Galdrad)	Galdrad	伽德拉德	unit_name		
Galdred	친위병 갈드레드(Galdred)	Galdred	格尔德	proper_noun		
Galenor	갈레노르(Galenor)	Galenor	盖乐诺	unit_name		
Galga	갈가(Galga)	Galga	伽尔伽	faction		
Galician Translation	갈리시아어 번역 담당	ガリシア語翻訳	巴伦西亚文翻译	term		
Galim	가림(Galim)	Galim	伽利姆	unit_name		
Galleon	갤리언(Galleon)	ガレオン船	大帆船	unit_name		
Galtrid	갈트리드(Galtrid)	Galtrid	加尔泰德	proper_noun		
Game Lobby	게임 로비	ゲームロビー	游戏大厅	term		
Game Mechanics	게임 메커니즘	ゲームの特殊設定	游戏机制	term		
Game Modes	게임 모드	ゲームモード	游戏模式	term		
Game Over	게임 오버	ゲームオーバー	游戏结束	term		
Game Screen	게임 화면	ゲーム画面	游戏界面	term		
Game Settings	게임 설정	ゲーム設定	游戏设置	term		
Game Stats	게임 통계	ゲームの状況	游戏统计	term		
Game created	게임 생성됨	ゲームの作成	游戏已创建	term		
Game has begun	게임이 시작되었습니다	ゲームの開始	游戏已开始	term		
Game state is corrupted	게임 상태가 손상됨	ゲームの状態が破損しています	游戏状态已损毁	term		
Gameplay	게임 플레이	ゲームの遊び方	游戏玩法	proper_noun		
Games	게임	ゲーム	游戏	proper_noun		
Gamestate Inspector	게임 상태 검사기	ゲーム状態インスペクタ	游戏状态观察器	term		
Gamlel	감렐(Gamlel)	Gamlel	伽姆蕾儿	unit_name		
Ganthos	간토스(Ganthos)	Ganthos	甘瑟斯	unit_name		
Gaoler	간수	獄吏	狱卒	proper_noun		
Gar	가르(Gar)	Gar	加尔	proper_noun		
Garak	가라크(Garak)	Garak	伽拉克	proper_noun		
Garard II	가라르드(Garard) 2세	Garard II世	伽拉德二世	term		
Garard’s Hold	가라르드(Garard)의 요새	Garard の要塞	加拉德要塞	place_name		
Garcyn	가르신(Garcyn)	Garcyn	伽辛	unit_name		원본 PO의 고유명사 문맥을 확인해 한국어 음차와 원문을 병기
Garrath	가라쓰(Garrath)	Garrath	加勒思	person_name		
Garrison	수비군(Garrison)	not found	not found	faction	주둔지	
Garrugch	가루그치(Garrugch)	Garrugch	嘎拉格奇	faction		원본 PO의 고유명사 문맥을 확인해 한국어 음차와 원문을 병기
Gashnok	가쉬노크(Gashnok)	Gashnok	嘎什诺克	faction		원본 PO의 고유명사 문맥을 확인해 한국어 음차와 원문을 병기
Gate	문	門	大门	unit_name	관문	
Gate Guard	관문 경비병	門番	城门守卫	faction		
Gatekeeper	문지기	門番	门卫	unit_name		
Gates	관문들	ゲート	大门	faction		
Gathering Materials	재료 모으기	材料収集	收集原料	campaign_name		
Gatrakh	가트라크흐(Gatrakh)	Gatrakh	戈特克	proper_noun		
Gawffus the Dim	어리숙한(Gawffus) 가우푸스	おぼろげなGawffus	愚笨者高法斯	unit_name		
Gaxmail	각쓰마일(Gaxmail)	Gaxmail	伽克丝梅儿	faction		원본 PO의 고유명사 문맥을 확인해 한국어 음차와 원문을 병기
Ga’all	가알(Ga’all)	Ga’all	盖尔	proper_noun		
Gdal	그달(Gdal)	Gdal	格达	proper_noun		
Geldar	겔다르(Geldar)	Geldar	格尔达	faction		원본 PO의 고유명사 문맥을 확인해 한국어 음차와 원문을 병기
Gelgar	겔가르(Gelgar)	Gelgar	格尔伽	unit_name		
Gel’ka	젤카(Gel’ka)	Gel’ka	杰尔卡	proper_noun		
General	장군	将軍	将军	campaign_name		
General Heravan	헤라반(Heravan) 장군	Heravan 将軍	哈拉文将军	faction		
General Kafka	카프카(Kafka) 장군	Kafka 将軍	卡夫卡将军	term		
General Lobby	일반 로비	一般ロビー	通用大厅	term		
Generate	생성	生成	生成	term		
Generate Map	지도 생성	マップ生成	生成地图	term		
Geography	지리	地理	地理	term		
Georan	게오란(Georan)	Georan	杰奥兰	faction		원본 PO의 고유명사 문맥을 확인해 한국어 음차와 원문을 병기
Gerd	게르드(Gerd)	Gerd	戈德	person_name		
German Translation	독일어 번역 담당	ドイツ語翻訳	德文翻译	term		
Gerrick	게릭(Gerrick)	Gerrick	格瑞克	faction		
Get This Item	이 아이템 획득	このアイテムを入手	获取此物品	term		
Get the Gold	금화 획득	資金を取り戻せ	夺回金币	campaign_name		
Getting Help	도움을 얻다	援軍	得到援助	campaign_name		
Getting Started	시작하기	Wesnoth 入門	让我们开始吧	term		
Getting game data	게임 데이터 가져오는 중	ゲームデータの取得中	正在获取游戏数据	term		
Ghast	가스트	ガスト	食尸妖鬼	unit_name		
Ghost	유령	ゴースト	鬼魂	unit_name		
Ghoul	구울	グール	食尸鬼	unit_name		
Giant Mudcrawler	거대 진흙 벌레	巨大泥蟲	巨黏土怪	unit_name		
Giant Rat	거대 쥐	大ネズミ	巨鼠	unit_name		
Giant Scorpion	거대 전갈	大サソリ	巨蝎	unit_name		
Giant Spider	대왕거미	巨大蜘蛛	巨蛛	unit_name		
Gilak	길라크(Gilak)	Gilak	吉拉克	faction		원본 PO의 고유명사 문맥을 확인해 한국어 음차와 원문을 병기
Ginmera	긴메라(Ginmera)	Ginmera	金梅拉	unit_name		
Ginvan	긴반(Ginvan)	Ginvan	金凡	unit_name		
Giving Some Back	약간 되돌려주기	お礼参り	以牙还牙	campaign_name		
Glaciers	빙하	氷河	冰川	term		
Glade	숲속 공터	低湿地	林间空地	term		
Glamcatsil	글람카트실(Glamcatsil)	Glamcatsil	格拉姆卡希尔	faction		
Glamdrsol	글람드솔(Glamdrsol)	Glamdrsol	格拉姆德利索尔	faction		
Glant	글란트(Glant)	Glant	格朗特	proper_noun		
Glarilon	글라릴론(Glarilon)	Glarilon	格拉利洛	proper_noun		
Glasar	글라사르(Glasar)	Glasar	格拉萨	unit_name		
Glildur	글릴두르(Glildur)	Glildur	基利尔达	unit_name		
Glimir	그리미르(Glimir)	Glimir	格力米尔	faction		원본 PO의 고유명사 문맥을 확인해 한국어 음차와 원문을 병기
Glinan	글리난(Glinan)	Glinan	吉利兰	faction		원본 PO의 고유명사 문맥을 확인해 한국어 음차와 원문을 병기
Glinar	글리나르(Glinar)	Glinar	葛里纳	unit_name		
Glonoin	글로노인(Glonoin)	Glonoin	格罗诺因	faction		원본 PO의 고유명사 문맥을 확인해 한국어 음차와 원문을 병기
Glory	영광	栄光	荣耀	campaign_name		
Glowing Magic Circle	빛나는 마법진	輝く魔法陣	发光魔法环	item_name		
Glowing Rune	빛나는 룬	輝くルーン	发光符文	item_name		
Glu	글루(Glu)	Glu	格鲁	faction		원본 PO의 고유명사 문맥을 확인해 한국어 음차와 원문을 병기
Gnaba	그나바(Gnaba)	Gnaba	格纳巴	proper_noun		
Gnarl	그나(Gnarl)	Gnarl	诺尔	unit_name		
Go Here Overlay	여기로 이동 오버레이	目的地のオーバーレイ	“来这儿”覆盖签	item_name		
Go To	이동	地点へ向かう	前往	term		
Goag	고아그(Goag)	Goag	戈格	faction		원본 PO의 고유명사 문맥을 확인해 한국어 음차와 원문을 병기
Goblin Coward	겁쟁이 고블린	ゴブリンの臆病者	地精懦夫	proper_noun		
Goblin Explorers	탐험 고블린	ゴブリン探検団	地精探险家	faction		
Goblin Impaler	고블린 장창병	ゴブリンの熟練槍兵	地精穿刺兵	unit_name		
Goblin Knight	고블린 기사	ゴブリンの騎士	地精骑士	unit_name		
Goblin Leader	고블린 지휘관	ゴブリンリーダー	地精首领	proper_noun		
Goblin Pillager	고블린 약탈자	ゴブリンの略奪兵	地精掠夺者	unit_name		
Goblin Raiders	고블린 약탈대	ゴブリンライダーズ	地精掠袭者	faction		
Goblin Rouser	고블린 깃발병	ゴブリンの鼓舞兵	地精煽动者	unit_name		
Goblin Scout	정찰꾼 고블린	ゴブリンの斥候	地精侦察兵	proper_noun		
Goblin Spearman	고블린 창병	ゴブリンの槍兵	地精矛兵	unit_name		
Goblins	고블린	ゴブリン	地精	race_name		
Gol Goroth	골 고로쓰	Gol Goroth	格尔·格罗斯	faction		
Golbanduth	골반두스(Golbanduth)	Golbanduth	戈尔班达斯	faction		원본 PO의 고유명사 문맥을 확인해 한국어 음차와 원문을 병기
Gold	자금	ゴールド	金币	term		
Golden Armor	황금 갑옷	金色の鎧	黄金铠甲	item_name		
Golden Ring	황금 반지	金色の指輪	金色戒指	item_name		
Gore	고어(Gore)	Gore	格尔	faction		원본 PO의 고유명사 문맥을 확인해 한국어 음차와 원문을 병기
Gork	고르크(Gork)	Gork	古尔克	proper_noun		
Gorlack	고를락(Gorlack)	Gorlack	戈拉克	faction		
Gorlak	고를락(Gorlak)	Gorlak	格拉克	faction		원본 PO의 고유명사 문맥을 확인해 한국어 음차와 원문을 병기
Gorokh	고로크흐(Gorokh)	Gorokh	戈罗克	proper_noun		
Gorthas	고르타스(Gorthas)	Gorthas	戈萨斯	faction		원본 PO의 고유명사 문맥을 확인해 한국어 음차와 원문을 병기
Graak	그라크(Graak)	Graak	格拉克	proper_noun		
Grag	그라그(Grag)	Grag	格拉格	person_name		
Graghht	그라그흐트(Graghht)	Graghht	哥伦夫	faction		원본 PO의 고유명사 문맥을 확인해 한국어 음차와 원문을 병기
Graik	그라이크(Graik)	Graik	格莱克	person_name		
Grain Sheaf	곡물 다발	穀物の束	一捆麦子	item_name		
Grak	그라크(Grak)	Grak	格拉克	proper_noun		
Granary	곡물 창고	穀物庫	粮仓	proper_noun		
Grand Knight	중기사	近衛騎士	高阶骑士	campaign_name		
Grand Marshal	대원수	大元帥	大元帅	campaign_name		
Grange Hall	농민 회관	農場小屋	议事大厅	term		
Graphics	그래픽	グラフィック	图形	term		
Grassland	초원	草原	草原	terrain		
Grateful Merman	고마워하는 인어	感謝しているマーマン	感激的人鱼	unit_name		
Graur-Tan	그라우르-탄(Graur-Tan)	Graur-Tan	格兰努-坦	faction		원본 PO의 고유명사 문맥을 확인해 한국어 음차와 원문을 병기
Grave	무덤	墓	墓穴	terrain		
Grave Overlay	무덤 오버레이	墓のオーバーレイ	墓穴覆盖层	terrain		
Graveyard	묘지	墓地	坟场	term		
Gray Coastal Reef	회색 산호초	灰色の岩礁	灰色礁石	terrain		
Gray Deep Water	깊은 회색 물	灰色の深水	灰色深水	terrain		
Gray Potion	회색 물약	灰色の薬	灰色药剂	item_name		
Gray Shallow Water	얕은 회색 물	灰色の浅瀬	灰色浅水	terrain		
Gra’ritos	그라리토스(Gra’ritos)	Gra’ritos	格拉里托斯	faction		
Great Chief Brurbar	대족장 브루르바르(Brurbar)	大帝 Brurbar	大酋长布鲁巴	faction		
Great Continent	큰 대륙	大陸（Great Continent）	泰陆	place_name		
Great Icemonax	거대 아이시모낙스	グレートアイスモナックス	大冰莫纳兽	unit_name		
Great Leader Darmog	큰 대장 다르모그(Darmog)	偉大なるリーダー Darmog	大首领大摩格	faction		
Great Mage	큰 마법사	偉大なる魔術師	大法师	campaign_name		
Great Ocean	대양	大洋（Great Ocean）	泰洋	place_name		
Great Ogre	위대한 오우거(Ogre)	グレートオーガ	大食人魔	unit_name		
Great River	위대한 강	大いなる川	泰河	place_name	거대한 강; 대하; 한강	
Great Tree	큰 나무	大木	参天树	terrain		
Great Troll	위대한 트롤(Troll)	グレートトロル	巨魔长者	unit_name		
Great Wolf	큰 늑대	グレートウルフ	巨狼	unit_name		
Greebo	그리보(Greebo)	Greebo	格里宝	proper_noun		
Greek Translation	그리스어 번역 담당	ギリシャ語翻訳	希腊文翻译	term		
Green	녹색	緑	绿	proper_noun		
Green Ball	녹색 공	緑の玉	绿球	item_name		
Green Cloak	녹색 망토	緑のマント	绿斗篷	item_name		
Green Grass	초록 잔디	緑の草原	绿草	terrain		
Green Isle	초록섬(Isle)	緑の島（Green Isle）	绿岛	term		
Green orb	녹색 구슬	緑の宝珠	绿色球	term		
Greg	그레그(Greg)	Greg	格雷格	faction		
Grek	그렉(Grek)	Grek	格雷克	proper_noun		
Gren	그렌(Gren)	Gren	格伦	proper_noun		
Griak	그리악(Griak)	Griak	格里阿克	person_name		
Grid overlay	격자 오버레이	グリッドのオーバーレイ	网格覆盖层	term		
Grilg	그릴그(Grilg)	Grilg	格瑞格	proper_noun		
Grimnir	그림니르(Grimnir)	Grimnir	格里姆尼尔	unit_name		
Grog	그로그(Grog)	Grog	果洛格	unit_name		
Grogor-Tuk	그로고르-툭(Grogor-Tuk)	Grogor-Tuk	格罗高-图克	person_name		
Grol	그롤(Grol)	Grol	格罗尔	unit_name		
Groo	그루(Groo)	Groo	古鲁	unit_name		
Grook	그룩(Grook)	Grook	格鲁克	proper_noun		
Groth	그로스(Groth)	Groth	格罗斯	faction		
Grotto	동굴	岩屋	石窟	proper_noun		
Groucho	그로우초(Groucho)	Groucho	古愁	unit_name		
Growloff	그로우로프(Growloff)	Growloff	格罗洛夫	faction		원본 PO의 고유명사 문맥을 확인해 한국어 음차와 원문을 병기
Growloff and His Pets	그로우로프(Growloff)와 그의 애완동물들	Growloff とイカ	格罗洛夫和他的宠物们	faction		
Grrroar	그르르아아	グオォォァ	嘎啊啊啊啊啊	proper_noun		
Gruak	그루악(Gruak)	Gruak	格鲁阿克	proper_noun		
Grubar	그루바르(Grubar)	Grubar	格鲁巴尔	proper_noun		
Grug	그루그(Grug)	Grug	格拉格	faction		원본 PO의 고유명사 문맥을 확인해 한국어 음차와 원문을 병기
Grugl	그루글(Grugl)	Grugl	格鲁戈尔	faction		원본 PO의 고유명사 문맥을 확인해 한국어 음차와 원문을 병기
Grugnuk	그루그누크(Grugnuk)	Grugnuk	格拉格纳克	faction		
Grunt	졸개	兵卒	大兵	campaign_name		
Grut	그루트(Grut)	Grut	格鲁特	unit_name		
Gruth	그루스(Gruth)	Gruth	格鲁斯	person_name		
Gruumogth	그루모그스(Gruumogth)	Gruumogth	格鲁摩斯	proper_noun		
Gruv-Malal	그루브-말랄(Gruv-Malal)	Gruv-Malal	格鲁-玛拉	person_name		
Gryphon	그리폰(Gryphon)	グリフォン	狮鹫	unit_name		
Gryphon Leader	그리폰(Gryphon) 대장	Gryphon のリーダー	狮鹫头领	faction		
Gryphon Master	그리폰(Gryphon) 마스터	グリフォンマスター	狮鹫大师	unit_name		
Gryphon Mountain	그리폰(Gryphon) 산맥	グリフォンの山	狮鹫山	place_name		
Gryphon Rider	그리폰(Gryphon) 기병	グリフォンライダー	狮鹫骑手	unit_name		
Gryphon Tender	그리폰(Gryphon) 사육사	グリフォンの世話人	狮鹫照料者	unit_name		
Gryphons	그리폰족	グリフォン	狮鹫	faction		
Grüü	그뤼(Grüü)	Grüü	咕噜	unit_name		
Guard	경비병	番人	守卫	unit_name		
Guard Captain	근위 대장	守衛隊長	侍卫队长	unit_name		
Guarded Castle	보초가 있는 성	防御された城	戒备森严的城堡	campaign_name		
Guardhouse	경비 초소	衛兵小屋	卫兵室	proper_noun		
Guardian	지킴이	ガーディアン	守卫	unit_name		
Guardian Phoenix	지킴이 불사조	不死鳥の守護者	凤凰守卫	unit_name		
Guards	경비병들	衛兵	卫兵	faction		
Guardsmen	경비병	番人	守卫	faction		
Gulch	협곡	峡谷	峡谷	terrain		
Gulg	굴그(Gulg)	Gulg	古格	faction		원본 PO의 고유명사 문맥을 확인해 한국어 음차와 원문을 병기
Gulladrumm	굴라드럼(Gulladrumm)	Gulladrumm	古拉德鲁姆	person_name		
Gullatendronnorbum	굴라텐드론노르붐(Gullatendronnorbum)	Gullatendronnorbum	格尔特德若本	faction		원본 PO의 고유명사 문맥을 확인해 한국어 음차와 원문을 병기
Gulmod	굴모드(Gulmod)	Gulmod	戈尔莫德	unit_name		
Gurbash	구르바쉬(Gurbash)	Gurbash	伽巴什	proper_noun		
Gurcyn	구르친(Gurcyn)	Gurcyn	戈辛	unit_name		
Gvur	그뷔르(Gvur)	Gvur	勾弗	faction		원본 PO의 고유명사 문맥을 확인해 한국어 음차와 원문을 병기
Gwaba	과바(Gwaba)	Gwaba	格瓦巴	unit_name		
Gwabbo	그와보(Gwabbo)	Gwabbo	瓜宝	unit_name		
Gwarloa	그와를로아(Gwarloa)	Gwarloa	格瓦洛阿	unit_name		
Gweddry	궤드리(Gweddry)	Gweddry	格威德利	proper_noun		
Gweddyn	그웨딘(Gweddyn)	Gweddyn	格温丁	faction		원본 PO의 고유명사 문맥을 확인해 한국어 음차와 원문을 병기
Gwendir	그웬디르(Gwendir)	Gwendir	格温迪尔	unit_name		
Gwimli	귀믈리(Gwimli)	Gwimli	格威姆利	unit_name		
Gwoama	그와마(Gwoama)	Gwoama	格沃玛	unit_name		
Gwyllin	그윌린(Gwyllin)	Gwyllin	格威尔林	proper_noun		
Gwza-Alswdan	그우자-알스우단	グーザ・ウルスダーン	瓜扎-奥苏丹	item_name		
HP	체력(HP)	HP	生命	proper_noun		
Haaf-Garga	하프-가르가(Haaf-Garga)	Haaf-Garga	哈夫-加加	faction		원본 PO의 고유명사 문맥을 확인해 한국어 음차와 원문을 병기
Hadlin	하들린(Hadlin)	Hadlin	哈德林	unit_name		
Haf-Mal	하프-말(Haf-Mal)	Haf-Mal	哈夫-玛尔	faction		
Hagha-Tan	하그하-탄(Hagha-Tan)	Hagha-Tan	哈格哈-坦	person_name		
Hahid al-Ali	하히드 알-알리(Hahid al-Ali)	Hahid al-Ali	哈希德·阿里	unit_name		
Halberdier	도끼 창병	ハルバード兵	戟兵	unit_name		
Haldiel	할디엘(Haldiel)	Haldiel	哈尔迪尔	unit_name		
Haldric	할드릭(Haldric)	Haldric	哈德里克	faction		
Haldric Creatures	할드릭(Haldric) 생명체들	ハルドリックなる生き物	哈德里克生物	faction		
Haldric II	할드릭(Haldric) 2세	Haldric II世	哈德里克二世	faction		
Half Void	반쪽 공허	半分空っぽ	半虚空	terrain		
Halgar Du’nar	할가르 두나르	Halgar Du’nar	哈尔加·杜纳	faction		
Haliel-Maga	할리엘-마가(Haliel-Maga)	Haliel-Maga	哈里尔-马加	faction		원본 PO의 고유명사 문맥을 확인해 한국어 음차와 원문을 병기
Hall of Warriors	전사의 전당	戦士の殿堂	勇士大厅	proper_noun		
Halrad	할라드(Halrad)	Halrad	哈拉德	unit_name		
Halric	할릭(Halric)	Halric	哈尔里克	unit_name		
Halrod	할로드(Halrod)	Halrod	哈尔罗德	unit_name		
Halter	할테르(Halter)	Halter	霍特	faction		원본 PO의 고유명사 문맥을 확인해 한국어 음차와 원문을 병기
Hamel	하멜(Hamel)	Hamel	哈梅尔	unit_name		
Hamik	하미크(Hamik)	Hamik	哈米克	proper_noun		
Hamuil	하무일(Hamuil)	Hamuil	哈缪	person_name		
Hanak	하나크(Hanak)	Hanak	哈纳克	faction		원본 PO의 고유명사 문맥을 확인해 한국어 음차와 원문을 병기
Hanging Bridge	현수교	つり橋	吊桥	terrain		
Hann	한(Hann)	Hann	韩	proper_noun		
Hans	한스(Hans)	Hans	汉斯	faction		원본 PO의 고유명사 문맥을 확인해 한국어 음차와 원문을 병기
Haralamdum	하랄람둠(Haralamdum)	Haralamdum	哈拉兰杜姆	faction		원본 PO의 고유명사 문맥을 확인해 한국어 음차와 원문을 병기
Harald	하랄드(Harald)	Harald	哈拉尔德	unit_name		
Harbor	항구	港	港湾	term		
Hard	어려움	難しい	困难	campaign_name		
Harman	하르만(Harman)	Harman	哈曼	faction		원본 PO의 고유명사 문맥을 확인해 한국어 음차와 원문을 병기
Harohk	하로크(Harohk)	Harohk	哈洛克	faction		원본 PO의 고유명사 문맥을 확인해 한국어 음차와 원문을 병기
Harold	하롤드(Harold)	Harold	哈罗德	person_name		
Harper	하르페르(Harper)	Harper	哈珀	unit_name		
Harpo	하르포(Harpo)	Harpo	哈珀	unit_name		
Harvest	수확	収獲	收成	campaign_name		
Harvest Mushrooms	버섯 수확	キノコを収穫する	采摘蘑菇	term		
Hasty Alliance	급조된 동맹	即席の同盟	草率的联盟	campaign_name		
Hatchlings	부화한 새끼들	雛	幼雏	faction		
Haunt	지박령(Haunt)	Haunt	作祟	unit_name		
Head Trainer	수석 훈련관	ヘッドトレーナー	首席训练师	faction		
Healers and Villages	치유사들과 마을들	ヒーラーと村	疗伤者与村庄	term		
Healing	회복	回復	治疗	term		
Healing Keep	치유 요새	回復の主塔	疗愈主楼	term		
Health	체력	体力	健康	term		
Healthy	건강함	壮健	康健	term		
Heart Mountains	하트(Heart) 산맥	中心山脈（Heart Mountains）	心之山脉	place_name		
Heart of fire	불의 심장	炎の心臓	火之心	item_name		
Heavy Infantryman	중보병	重歩兵	重装步兵	unit_name		
Heavy Rains	폭우	大雨	大雨	term		
Heavy Snowfall	폭설	豪雪	大雪	term		
Hebrew Translation	히브리어 번역 담당	ヘブライ語翻訳	希伯来文翻译	term		
Hedges Wall	생울타리 벽	生け垣の壁	篱笆墙	terrain		
Heford	헤포드(Heford)	Heford	黑福德	faction		원본 PO의 고유명사 문맥을 확인해 한국어 음차와 원문을 병기
Heir to the Throne	왕위 계승자	王位継承者	王座继承人	campaign_name		
Hekuba	헤쿠바(Hekuba)	Hekuba	哈库巴	unit_name		
Heldaga	헬다가(Heldaga)	Heldaga	黑尔达伽	unit_name		
Helicrom	헬리크롬(Helicrom)	Helicrom	赫里克罗姆	faction		원본 PO의 고유명사 문맥을 확인해 한국어 음차와 원문을 병기
Hellian	헬리안(Hellian)	Hellian	黑连	faction		원본 PO의 고유명사 문맥을 확인해 한국어 음차와 원문을 병기
Help	도움말	ヘルプ	帮助	term		
Help about save-loading	저장 및 불러오기 도움말	保存と再開に関するヘルプ	关于S/L大法的帮助	term		
Herald armor	전령 갑옷	布告者の鎧	先驱者铠甲	item_name		
Herbalism	약초학	薬草学	草药学	proper_noun		
Hereld	헤렐드(Hereld)	Hereld	赫雷尔德	campaign_name		
Herlin	허린(Herlin)	Herlin	和林	faction		원본 PO의 고유명사 문맥을 확인해 한국어 음차와 원문을 병기
Heroes	영웅	ヒーロー	英雄	term		
Heroes Rite	영웅 의식(Rite)	Heroes Rite	英雄仪式	music_title		
Hettel	헷텔(Hettel)	Hettel	黑特尔	faction		원본 PO의 고유명사 문맥을 확인해 한국어 음차와 원문을 병기
Hex Line NW-SE	북서-남동 육각형 선	北西-南東ブラシ	西北-东南六角格线	term		
Hgyr	흐기르(Hgyr)	Hgyr	亨盖	faction		원본 PO의 고유명사 문맥을 확인해 한국어 음차와 원문을 병기
Hibro	히브로(Hibro)	Hibro	希布罗	proper_noun		
Hide Sails and Rigging	돛과 삭구 숨기기	帆と索具の非表示	隐藏船帆和船索	term		
Hide and Seek	숨바꼭질	かくれんぼ	捉迷藏	campaign_name		
Hide in status table	상태 표에 숨기기	ステータステーブルに表示しない	在状态表中隐藏	term		
Hidel	하이델(Hidel)	Hidel	海达尔	unit_name		
Hideout	은신처	隠れ家	藏身处	term		
High Advisor	대조언자	上級顧問	高阶顾问	unit_name		
High Grade Sushi	고급 초밥	高級寿司	高级寿司	term		
High Guard	고지 경비대	高地警備隊	高等护卫	faction		
High Lord	대군주	高級貴族	高阶领主	campaign_name		
High Pass	높은 고갯길	峠道	高原山口	place_name		
Highwayman	두목강도	辻強盗	车匪	unit_name		
Hill Bonus Income	언덕 보너스 수입	丘のボーナス収入	丘陵收入加成	term		
Hill Stone Village	언덕 돌 마을	丘の石造りの村	山石村庄	terrain		
Hills	언덕	丘	丘陵	terrain		
Hills of the Shorbear Clan	쇼어베어(Shorbear) 부족의 언덕	Shorbear クランの丘陵	矮熊氏族丘陵	campaign_name		
Himadrin	하이마드린(Himadrin)	Himadrin	辛玛则林	unit_name		
Hint: save-loading is unnecessary	힌트: 저장 및 불러오기는 필요하지 않습니다	ヒント：保存と再開は不要です	提示：S/L大法是毫无必要的	term		
Hitpoints and Experience	체력과 경험치	ヒットポイントと経験値	生命值与经验值	term		
Hits	명중	命中回数	命中数	term		
Hold Position	위치 고수	位置を保持	保持位置	term		
Holy Amulet	신성한 부적	聖なるお守り	神圣护身符	term		
Holy Water	성수	聖水	圣水	item_name		
Holy water	성수	聖水	圣水	item_name		
Honber	혼버(Honber)	Honber	洪博	faction		원본 PO의 고유명사 문맥을 확인해 한국어 음차와 원문을 병기
Honor Guard	의장대	儀仗兵	精英守卫	person_name		
Horfir	호르피르(Horfir)	Horfir	霍菲	proper_noun		
Horned Scarab	뿔 딱정벌레	角スカラベ	有角圣甲虫	unit_name		
Horr	호르르(Horr)	Horr	霍尔	proper_noun		
Horse Lord	기마 군주	騎兵貴族	马背领主	unit_name		
Horseman	기마병	騎手	骑手	campaign_name		
Horseman Commander	기병 사령관	騎兵指揮官	骑兵指挥官	unit_name		
Hoshnak	호슈나크(Hoshnak)	Hoshnak	哈石尼克	proper_noun		
Host Networked Game	네트워크 게임 열기	ネットワークゲームを立てる	主建联机游戏	term		
Hostile Mountains	흉험한 산맥	敵意の山脈	敌意山脉	campaign_name		
Hotkeys Reset	단축키 초기화	ホットキーのリセット	重置快捷键	term		
Hour of Glory	영광의 시간	栄光の時	光荣日	campaign_name		
Houses of the Dead	죽은 자들의 집	死者の住処	亡灵之屋	campaign_name		
How can you say-	어떻게 그런 말을-	どうしてそんなことを──	你怎么可以说—	term		
Howgarth III	호우가르쓰(Howgarth) 3세	Howgarth III 世	豪伽施三世	unit_name		
Howyrth	호위르쓰(Howyrth)	Howyrth	豪威尔斯	unit_name		
Hraul	흐라울(Hraul)	Hraul	赫劳	proper_noun		
Hraurg	흐라우르그(Hraurg)	Hraurg	赫劳格	faction		원본 PO의 고유명사 문맥을 확인해 한국어 음차와 원문을 병기
Hrugt	흐루그트(Hrugt)	Hrugt	户格特	unit_name		
Hsssss	스르륵	シャーーーッ	嘶嘶嘶嘶嘶	proper_noun		
HttT	왕자(HttT)	HttT	HttT	campaign_name		
Human Alliance	인간 동맹	人間族との同盟	人类联盟	campaign_name		
Human Allies	인간 동맹	人間の軍勢	人类同盟	faction		
Human Ally	동맹 인간족	人間の友軍	人类同盟	faction		
Human Castle	인간 성채	人間の城	人类城堡	terrain		
Human Castle Keep	인간 성채 본영	人間の城の主塔	人类城堡主楼	terrain		
Human City	인간 도시	人間の都市	人类城市	terrain		
Human Commander	인간 사령관	人間の指揮官	人类指挥官	unit_name		
Human Escort	인간 호위병	人間の護衛	人类护卫	unit_name		
Human Guard	인간 경비병	人間の衛兵	人类守卫	proper_noun		
Human Messenger	인간 전령	人間の伝令	人类信使	unit_name		
Human Scout	인간 정찰꾼	人間の斥候	人类哨兵	proper_noun		
Human Ship	인간의 배	人間の船	人类船只	terrain		
Human Soldier	인간 병사	人間の兵士	人类士兵	proper_noun		
Humans	인간	人間	人类	race_name		
Hungarian Translation	헝가리어 번역 담당	ハンガリー語翻訳	匈牙利文翻译	term		
Hungry Creatures	배고픈 생물들	空腹の生き物	饥饿的生物	faction		
Huno	후노(Huno)	Huno	胡诺	proper_noun		
Hunter Caribe	사냥꾼 카리베	狩猟ピラニア	猎手食人鱼	unit_name		
Hunting Ogre	오우거(Ogre)를 사냥	腹ペコオーガ	狩猎的食人魔	campaign_name		
Huntsman	사냥꾼	猟師	猎手	unit_name		
Hur	후르(Hur)	Hur	胡尔	faction		
Huraldur	후랄두르(Huraldur)	Huraldur	哈瑞尔杜	proper_noun		
Hurricane Drake	폭풍의 반룡	ハリケーンドレーク	飓风龙战士	unit_name		
Hut	오두막	小屋	小屋	terrain		
Huurgh	후르그흐(Huurgh)	Huurgh	胡尔哥	faction		원본 PO의 고유명사 문맥을 확인해 한국어 음차와 원문을 병기
Hybrid Campaign	혼합 캠페인	ハイブリッドキャンペーン	混合战役	term		
Hyvrun	히브룬(Hyvrun)	Hyvrun	伊夫鲁恩	proper_noun		
Hywyn	휘윈(Hywyn)	Hywyn	海温	unit_name		
I Agree	동의합니다	同意する	我同意	term		
I could-	제가 할 수-	ワシが──	我可以——	term		
IRC	IRC	IRC	IRC	proper_noun		
Ice	얼음	氷	冰面	terrain		
Ice Pack	얼음 더미	流氷	冰堆	item_name		
Ice bow	얼음 활	氷の弓	冰弓	item_name		
Icelandic Translation	아이슬란드어 번역 담당	アイスランド語翻訳	冰岛文翻译	term		
Icemonax	아이시모낙스	アイスモナックス	冰莫纳兽	unit_name		
Icy Cobbles	얼어붙은 자갈	氷畳	结冰的灰色卵石	terrain		
Idthom	이드톰(Idthom)	Idthom	伊达通	proper_noun		
Igler	이글레르(Igler)	Igler	伊格莱尔	proper_noun		
Igloo	이글루	イグルー	圆顶屋	terrain		
Ignore all	모두 무시	すべて無視	忽略全部	term		
Ikriaf	이크리아프(Ikriaf)	Ikriaf	伊克里夫	faction		
Il-tian	일티안(Il-tian)	Il-tian	伊天	unit_name		
Iliah-Malal	일리아흐-말랄(Iliah-Malal)	Iliah-Malal	伊利阿-玛拉尔	proper_noun		
Ill Humours	불쾌한 기분	病気と不機嫌	坏脾气	campaign_name		
Illan	일란(Illan)	Illan	伊兰	proper_noun		
Illissa	일리사(Illissa)	Illissa	伊利撒	proper_noun		
Illuminates	조명	照明	照明	proper_noun		
Illuvin	일루빈(Illuvin)	Illuvin	伊路温	proper_noun		
Iluvarda	일루바르다(Iluvarda)	Iluvarda	伊鲁瓦尔达	faction		원본 PO의 고유명사 문맥을 확인해 한국어 음차와 원문을 병기
Image	그림	画像	图片	term		
Immutable	변경 불가	変更不可	不可变	proper_noun		
Impassable	통과불능	通行不能	不可通过地形	terrain		
Impassable Overlay	통과 불가 오버레이	通行不能のオーバーレイ	不可通过地形覆盖层	terrain		
Improved baneblade drain	사악한 검 흡수력 향상	死の剣の生命吸収能力を向上させます	提升诅咒之刃的吸血效果	term		
In Lobby	로비 안	ロビー内	在大厅中	term		
In lobby	앞마당에 있음	ロビー内	在大厅中	term		
In the Dwarven City	드워프 도시에서	ドワーフの町にて	矮人城中	campaign_name		
Inalai	이나라이(Inalai)	Inalai	伊纳莱	unit_name		
Inarix	이나릭스(Inarix)	Inarix	依那利克斯	proper_noun		
Income	수입	収入	收入	term		
Income and Upkeep	수입과 유지비	収入と維持費	收入和维护费用	term		
Incompatible User-made Content	호환되지 않는 사용자 제작 콘텐츠	互換性の無いユーザーメイドコンテンツ	不兼容的用户制作内容	term		
Increased hitpoints	생명력 증가	HP を増やします	增加生命值	term		
Increases melee weapon damage by 2	근접 무기의 피해를 2 증가	近接攻撃ダメージを 2 増やす	使近战武器的伤害增加2	term		
Increases melee weapon damage by 4	근접 무기의 피해를 4 증가	近接攻撃ダメージを 4 増やす	使近战武器的伤害增加4	term		
Incursion	침공	侵入	袭击	campaign_name		
Independent	완전 랜덤	完全ランダム	独立	term		
Independent: Random factions assigned independently	독립: 무작위 진영을 독립적으로 배정	完全ランダム：陣営の党派をランダムに決定します。ミラーマッチが起こる可能性もあります。	独立：将随机阵营独立地指定给玩家	term		
Indonesian Translation	인도네시아어 번역 담당	インドネシア語翻訳	印度尼西亚文翻译	term		
Indoors	건물 내부	屋内	室内	term	실내	
Infantry Commander	보병 사령관	歩兵隊長	步兵指挥官	unit_name		
Infantry Lieutenant	보병 장교	歩兵副官	步兵中尉	unit_name		
Inferno Drake	업화의 반룡	インフェルノドレーク	地狱龙战士	unit_name		
Infested Caves	감염된 동굴	荒らされた洞窟	洞穴混战	campaign_name		
Infesters	감염충들	寄生虫	入侵者	faction		
Inflicted	가한 피해	与	造成的伤害	proper_noun		
Info	정보	情報	信息	term		
Info level logging: more information	정보 수준 로그: 상세 정보	Info レベルログ：多めの情報	信息级日志：较多信息量	term		
Initial Limit	초기 제한	初期値	初始时限	term		
Initializing display	디스플레이 초기화 중	表示の初期化	正在初始化显示	term		
Initializing planning mode	계획 모드 초기화 중	計画モードの初期化	正在初始化计划模式	term		
Initializing scripting engine	스크립팅 엔진 초기화 중	スクリプトエンジンの初期化	正在初始化脚本引擎	term		
Initializing teams	팀 초기화 중	チームの初期化	正在初始化团队	term		
Inky	먹물(Inky)	Inky	墨墨	unit_name		
Inland	내륙	内陸	内陆	term		
Inn	여관	宿屋	旅馆	term		
Inspiring	격려	感銘を与える	鼓舞	term		
Install add-on	부가 기능 설치	アドオンのインストール	安装附加组件	term		
Installing Add-ons	부가 기능을 설치하고 있음	アドオンのインストール	安装附加组件	term		
Instruct ally	동맹군에 지시한다	同盟軍に指示する	指示盟友	term		
Intelligent	영리함	知的	聪慧	proper_noun		
Intendant	부관	副官	辅佐者	campaign_name		
Interior Wall	내부 벽	屋内の壁	内壁	terrain		
Intermediate	중급자	not found	not found	difficulty		
Internationalization Managers	언어 총괄 담당	国際化責任者	国际化经理	term		
Into the Depths	깊은 곳으로	深淵へ	深入地下	campaign_name		
Into the Shadows	그림자 속으로	Into the Shadows	没入阴影	music_title		
Introduction	소개	はじめに	入门介绍	term		
Introductions	도입부	紹介	介绍	campaign_name		
Intruders	침입자	侵入者	入侵者	faction		
Intruding Trolls	침입 트롤	侵入したトロル	入侵巨魔	faction		
Inundation	홍수	洪水	洪水	terrain		
Invaders	침략자들	侵略者達	入侵者	faction		
Invalid Color	무효한 색	無効な色	无效颜色	term		
Invalid closing tag name	잘못된 닫힌 꼬리표 이름입니다	無効な閉じタグ名です	无效的结束标签名	term		
Invalid location	잘못된 장소	無効な場所	无效位置	term		
Invalid location id	잘못된 위치 ID	無効な地点 ID です (Invalid location id)	无效的位置ID	term		
Invalid tag name	꼬리표 이름이 잘못되었습니다	無効なタグ名です	无效的标签名	term		
Invalid unit type	잘못된 유닛 타입	無効なユニットタイプ	无效单位类型	term		
Invalid username	사용자 이름이 잘못되었습니다	無効なユーザ名です。	无效用户名	term		
Invasion	침공	侵略	侵略	campaign_name		
Invert filter	필터 역적용	フィルターを反転	反转过滤条件	term		
Inyc	이니크(Inyc)	Inyc	伊尼克	proper_noun		
Iprish	이프리시(Iprish)	Iprish	伊普里什	proper_noun		
Irdya	이르디야(Irdya)	Irdya	伊迪亚	proper_noun		원본 PO의 고유명사 문맥을 확인해 한국어 음차와 원문을 병기
Irish Translation	아일랜드어 번역 담당	アイルランド語翻訳	爱尔兰文翻译	term		
Irix	이릭스(Irix)	Irix	伊里克斯	faction		원본 PO의 고유명사 문맥을 확인해 한국어 음차와 원문을 병기
Irkrul	이르크룰(Irkrul)	Irkrul	艾克鲁	unit_name		
Iron Council	강철의 평의회	鉄の議会	钢铁议会	faction		
Iron Fence	철제 울타리	鉄の柵	铁篱笆	terrain		
Iron Mauler	중갑 철퇴병	大槌兵	铁槌兵	unit_name		
Iryn	이린(Iryn)	Iryn	伊林	unit_name		
Island	섬	島	岛屿	term		
Isle of the Damned	저주받은 섬	のろわれた島	被诅咒者之岛	campaign_name		
Isorfilad	이소르필라드(Isorfilad)	Isorfilad	埃索弗雷德	faction		원본 PO의 고유명사 문맥을 확인해 한국어 음차와 원문을 병기
Istelimir	이스텔리미르(Istelimir)	Istelimir	伊特丽梅	faction		
Isthiniel	이스티니엘(Isthiniel)	Isthiniel	伊丝忒馨妮尔	unit_name		
It is winter, daytime is shorter	겨울이라 낮이 짧습니다	冬のため、日中の時間が短くなります	这是冬天，白天会变短	term		
Italian Translation	이탈리아어 번역 담당	イタリア語翻訳	意大利文翻译	term		
Item Tool	아이템 도구	アイテムツール	物品工具	term		
Items	아이템들	アイテム	物品	term		
Ithelden	이텔덴(Ithelden)	Ithelden	伊希尔登	unit_name		
Ixlathal	익슬라탈(Ixlathal)	Ixlathal	伊斯拉塔尔	unit_name		
Ixthala Demon	익쌀라(Ixthala) 악마	Ixthala の悪鬼	伊夏拉恶魔	unit_name		
Izziasch	이자이아슈(Izziasch)	Izziasch	伊兹亚赫	faction		원본 PO의 고유명사 문맥을 확인해 한국어 음차와 원문을 병기
I’m Ready	준비 완료	準備OK	我准备好了	term		
Jailer	간수	看守	狱卒	campaign_name		
Jailhouse	감옥	留置場	监狱	proper_noun		
Jalak	잘락(Jalak)	Jalak	迦拉克	proper_noun		
Jamming Cost	방해 비용	ジャミングコスト	干扰消耗	term		
Japanese Translation	일본어 번역 담당	日本語翻訳	日文翻译	term		
Jarek	자렉(Jarek)	Jarek	加雷克	unit_name		
Jarl	자를(Jarl)	Jarl	查尔	unit_name		
Jarla	자를라(Jarla)	Jarla	贾拉	unit_name		
Jarlom	자를롬(Jarlom)	Jarlom	伽罗姆	proper_noun		
Jarmal-Gorg	자르말-고르그(Jarmal-Gorg)	Jarmal-Gorg	加马尔-高戈	faction		
Jasken	자스켄(Jasken)	Jasken	贾斯肯	proper_noun		
Javelin	던지는 창	投槍	标枪	item_name		
Javelineer	투창병	投槍兵	标枪兵	unit_name		
Jera Ilras	제라 일라스(Jera Ilras)	Jera Ilras	杰拉·伊拉思	faction		
Jessene in Hiding	은신 중인 제세네(Jessene)	Jessene （潜伏中）	隐蔽中的洁欣	proper_noun		
Jetto	제토(Jetto)	Jetto	杰图	unit_name		
Jezhar	제자르(Jezhar)	Jezhar	杰扎尔	proper_noun		
Jinn	진	ジン	巨灵	unit_name		
Joc	조크(Joc)	Joc	玖克	unit_name		
Join	참가	参加	加入	term		
Jokli	조클리(Jokli)	Jokli	乔克利	proper_noun		
Joran	조란(Joran)	Joran	约兰	proper_noun		
Jorazan	조라잔(Jorazan)	Jorazan	乔拉森	proper_noun		
Jorgi	조르기(Jorgi)	Jorgi	乔吉	proper_noun		
Josephus	조세푸스(Josephus)	Josephus	约瑟夫	faction		
Journey	여정	旅	征途	campaign_name		
Journeyman Mage	떠돌이 마법사	放浪魔術師	行者法师	unit_name		
Jul	줄(Jul)	Jul	朱尔	proper_noun		
Junior Commander	어린 사령관	若手指揮官	见习指挥官	unit_name		
Kaara	카아라(Kaara)	Kaara	卡拉	faction		원본 PO의 고유명사 문맥을 확인해 한국어 음차와 원문을 병기
Kaba	카바(Kaba)	Kaba	卡巴	unit_name		
Kabak	카박(Kabak)	Kabak	卡巴克	faction		원본 PO의 고유명사 문맥을 확인해 한국어 음차와 원문을 병기
Kai Krellis	카이 크렐리스(Kai Krellis)	Kai Krellis	克雷利斯凯王	person_name		고유명사 병기 기준
Kal Karthans	칼 카르타인들(Kal)	Kal Kartha 軍	卡尔·卡萨人	faction		
Kalba	칼바(Kalba)	Kalba	卡尔巴	proper_noun		
Kaleh	칼레흐(Kaleh)	Kaleh	卡勒	proper_noun		
Kalenz	칼렌츠(Kalenz)	Kalenz	卡雷兹	unit_name		
Kalimar	칼리마르(Kalimar)	Kalimar	卡利玛	proper_noun		
Kalip	칼리프(Kalip)	Kalip	卡里	proper_noun		
Kallub	칼루브(Kallub)	Kallub	卡卢卜	proper_noun		
Kalnar	칼나르(Kalnar)	Kalnar	卡尔纳	faction		원본 PO의 고유명사 문맥을 확인해 한국어 음차와 원문을 병기
Kardur	카르두르(Kardur)	Kardur	卡度	unit_name		
Karmarth Hills	카르마쓰(Karmarth) 언덕	Karmarth 丘陵地	卡玛斯小山	place_name		
Karrag	카르라그(Karrag)	Karrag	卡拉格	proper_noun		
Karron	카르론(Karron)	Karron	卡戎	faction		
Kartrog	카르트로그(Kartrog)	Kartrog	卡涛格	unit_name		
Kaslar Ro	카슬라르 로	Kaslar Ro	卡斯拉尔·若	faction		
Katklagad	캇크라가드(Katklagad)	Katklagad	卡特克拉加德	proper_noun		
Keep	아성	主塔	城堡主楼	terrain		
Keep Overlay	본영 오버레이	主塔のオーバーレイ	主楼覆盖层	terrain		
Kegra	케그라(Kegra)	Kegra	凯格拉	faction		원본 PO의 고유명사 문맥을 확인해 한국어 음차와 원문을 병기
Kegrid	케그리드(Kegrid)	Kegrid	凯格瑞德	faction		원본 PO의 고유명사 문맥을 확인해 한국어 음차와 원문을 병기
Keh Ohn	케 오운(Keh Ohn)	Keh Ohn	克·欧亨	unit_name		
Kelp Forest	다시마 숲	海藻の森	巨藻森林	terrain		
Kelur	켈루르(Kelur)	Kelur	克勒	faction		원본 PO의 고유명사 문맥을 확인해 한국어 음차와 원문을 병기
Kembe	켐베(Kembe)	Kembe	科姆贝	proper_noun		
Keratur	케라투르(Keratur)	Keratur	凯若特	proper_noun		
Kergai	케르가(Kergai)	Kergai	科尔咖	faction		원본 PO의 고유명사 문맥을 확인해 한국어 음차와 원문을 병기
Keshan	케샨(Keshan)	Keshan	柯善	unit_name		
Key	열쇠	鍵	钥匙	item_name		
Khrakrahs	크라크라스(Khrakrahs)	Khrakrahs	柯拉卡拉斯	unit_name		
Khrubar	크루바르(Khrubar)	Khrubar	库鲁巴	faction		원본 PO의 고유명사 문맥을 확인해 한국어 음차와 원문을 병기
Khrulg	크룰그(Khrulg)	Khrulg	鲁尔格	unit_name		
Kick	추방	キック	踢出	term		
Kick + Ban	추방 + 차단	キック + バン	剔出+封禁	term		
Kill Addogin (bonus reward)	아도긴(Addogin) 처치(보너스 보상)	Addogin を殺す(ボーナス報酬)	杀了阿道金（附加奖励）	term		
Kill all elves in the caves	동굴의 모든 엘프를 처치하세요	洞窟内にいる全てのエルフを倒す	击杀洞穴里的所有精灵	term		
Kill every enemy unit	모든 적 유닛을 처치하십시오	全ての敵ユニットを倒す	击杀每一个敌方单位	term		
Kills	처치	撃破	击杀	term		
Kinan	키난(Kinan)	Kinan	奇南	unit_name		
King	왕	王	国王	unit_name		
King Addroran IX	애드로란 9세 국왕	王 Addroran IX世	艾德卓然九世国王	faction		
King Eldaric IV	엘다릭 4세 국왕	王 Eldaric IV世	艾德里克四世国王	proper_noun		
King Haldric	할드릭(Haldric) 국왕	King Haldric	哈德里克国王	faction		
King Thurongar	투론가르(Thurongar) 국왕	Thurongar 王	瑟荣阁国王	faction		
King of Wesnoth	웨스노스(Wesnoth) 왕	Wesnoth の王	韦诺国王	unit_name		
Kingdom of Wesnoth	웨스노스(Wesnoth) 왕국	Wesnoth 王国（Kingdom of Wesnoth）	韦诺王国	place_name		
Kior-Dal	키오르-달(Kior-Dal)	Kior-Dal	基欧-达尔	faction		원본 PO의 고유명사 문맥을 확인해 한국어 음차와 원문을 병기
Kior-Pur	키오르-푸르(Kior-Pur)	Kior-Pur	基尔-普尔	faction		원본 PO의 고유명사 문맥을 확인해 한국어 음차와 원문을 병기
Klanir	클라니르(Klanir)	Klanir	克拉尼尔	proper_noun		
Klebar	클레바르(Klebar)	Klebar	柯乐巴	proper_noun		
Knafa-Tan	크나파-탄(Knafa-Tan)	Knafa-Tan	克纳法-坦	faction		
Knafa-Telfar	크나파-텔파르(Knafa-Telfar)	Knafa-Telfar	克纳法-特尔法	faction		원본 PO의 고유명사 문맥을 확인해 한국어 음차와 원문을 병기
Knafa-ord	크나파-오르드(Knafa-ord)	Knafa-ord	纳法-奥德	person_name		
Knafakhan	크나파칸(Knafakhan)	Knafakhan	纳法肯	proper_noun		
Knago-Brek	크나고-브레크(Knago-Brek)	Knago-Brek	克纳戈-布雷克	unit_name		
Knalgan Alliance	크날간 동맹	ナルガン同盟	纳尔迦联盟	faction		
Knalgan Theme	크날간(Knalgan) 테마	Knalgan Theme	纳尔迦主题	music_title		
Knalgans	크날간스	ナルガン軍	纳尔迦人	faction		
Knash	크내쉬(Knash)	Knash	克纳什	faction		원본 PO의 고유명사 문맥을 확인해 한국어 음차와 원문을 병기
Knight	기사	騎士	骑士	unit_name		
Knorgh	크노르그흐(Knorgh)	Knorgh	诺尔	faction		원본 PO의 고유명사 문맥을 확인해 한국어 음차와 원문을 병기
Knutan	크누탄(Knutan)	Knutan	努坦	faction		원본 PO의 고유명사 문맥을 확인해 한국어 음차와 원문을 병기
Kojun Herolm	코준 헤롤름(Kojun Herolm)	Kojun Herolm	阔军·荷洛姆	faction		
Kolbur	콜버(Kolbur)	Kolbur	科尔巴	unit_name		
Koli	콜리(Koli)	Koli	科利	proper_noun		
Konrad	콘라드(Konrad)	Konrad	科纳德	faction		원본 PO의 고유명사 문맥을 확인해 한국어 음차와 원문을 병기
Konrad II	콘라드(Konrad) 2세	Konrad II世	科纳德二世	term		
Korbun	코르분(Korbun)	Korbun	科尔本	unit_name		
Korean Translation	한국어 번역 담당	韓国語翻訳	韩文翻译	term		
Kraken	크라켄	クラーケン	海怪	unit_name		
Kramak	크라막	Kromak	克拉马克	proper_noun		
Krardul	크라르둘(Krardul)	Krardul	克拉尔杜	person_name		
Krash	크라쉬(Krash)	Krash	克莱什	faction		
Krawg	크라그(Krawg)	Krawg	克拉格	unit_name		
Krissaz	크리사즈(Krissaz)	Krissaz	克里萨兹	faction		원본 PO의 고유명사 문맥을 확인해 한국어 음차와 원문을 병기
Krog	크로그(Krog)	Krog	克洛格	faction		원본 PO의 고유명사 문맥을 확인해 한국어 음차와 원문을 병기
Krolru	크롤루(Krolru)	Krolru	克鲁儒	unit_name		
Kromph	크롬프(Kromph)	Kromph	克伦夫	proper_noun		
Krongk	크롱크(Krongk)	Krongk	隆克	unit_name		
Krud	크루드(Krud)	Krud	库德	unit_name		
Krulg	크룰그(Krulg)	Krulg	克鲁尔格	unit_name		
Krulr	크룰르(Krulr)	Krulr	库尔	unit_name		
Krumful	크룸풀(Krumful)	Krumful	克鲁姆夫	proper_noun		
Krundrum	크룬드룸(Krundrum)	Krundrum	昆杜姆	unit_name		
Krung	크렁(Krung)	Krung	克龙	proper_noun		
Kryl	크릴(Kryl)	Kryl	凯勒	unit_name		
Kuhnar	쿠나르(Kuhnar)	Kuhnar	卡纳	unit_name		
Kulrad	쿨라드(Kulrad)	Kulrad	库拉德	unit_name		
Kwaboo	콰부(Kwaboo)	Kwaboo	卡瓦布	unit_name		
Kwili	크윌리(Kwili)	Kwili	魁里	faction		원본 PO의 고유명사 문맥을 확인해 한국어 음차와 원문을 병기
Label Tool	라벨 도구	ラベルツール	标签工具	term		
Lady Dionli	디온리(Dionli) 부인	レディーDionli	迪翁莉女领主	faction	Dionli 여사	
Lady Jessene	제세네(Jessene) 부인	女傑 Jessene	洁欣女领主	unit_name		
Lady Karae	카라에(Karae) 여사	Karae 卿	卡拉艾女领主	unit_name		
Lady Outlaw	무법자 아가씨	無法者の姐御	亡命小姐	unit_name		
Laffalialomdium	라팔리알롬디움(Laffalialomdium)	Laffalialomdium	拉菲尔迪恩	proper_noun		
Lair	은신처	巣穴	巢穴	proper_noun		
Lake Naga	나가(Naga) 호수	湖ナーガ	湖中的那迦	place_name		
Lance of Ladoc	라도크(Ladoc)의 창	Lance of Ladoc	拉德克的长枪	faction		
Lancer	창기병	ランス騎兵	长枪轻骑兵	unit_name		
Land of the Dead	죽은 자의 땅	死者の国	冥界	term		
Landar	란다르(Landar)	Landar	兰达尔	proper_noun		
Landfall	상륙	降下	登陆	campaign_name		
Landfill	간척	埋め立てる	填水为地	proper_noun		
Landunwonbam	란둔원밤(Landunwonbam)	Landunwonbam	蓝顿温贝	proper_noun		
Language	언어 설정	言語	语言	term		
Largeeyes	커다란 눈들(Largeeyes)	Largeeyes	大眼	proper_noun		
Laril	라릴(Laril)	Laril	拉瑞尔	proper_noun		
Larsin	라르신(Larsin)	Larsin	拉尔辛	proper_noun		
Lassemista	라세미스타(Lassemista)	Lassemista	拉赛米斯塔	proper_noun		
Last	마지막	最後	末页	term		
Latest Campaign Revision	최신 캠페인 개정	最新のキャンペーンリビジョン	最新战役修订	term		
Latest Rewrite	최근에 다시 작성	最新の書き直し	最新改写	term		
Latin Translation	라틴어 번역 담당	ラテン語翻訳	拉丁文翻译	term		
Lato	GULIM, Lato	Lato,Noto Sans JP	Lato,DejaVu Sans,Andagii,Droid Sans Fallback	proper_noun		
Lato Light	Lato Light	Lato Light	Lato Light,Droid Sans Fallback	term		
Latvian Translation	라트비아어 번역 담당	ラトビア語翻訳	拉脱维亚文翻译	term		
Lava	용암	溶岩	熔岩	terrain		
Lava Chasm	용암 간극	溶岩の裂け目	熔岩裂隙	terrain		
Lava and Stone	용암과 돌	溶岩と石	岩浆与岩石	campaign_name		
Lawful	질서	秩序	守序	proper_noun		
Layer	레이어	レイヤー	层	term		
Leadership	지도력	統率	领导	term		
Leadership bonus	통솔 보너스	統率ボーナス	领导力加成	term		
Leaf Litter	낙엽	落ち葉	残败落叶	terrain		
Lean-to	별채	差し掛け小屋	披棚	item_name		
Leaning Oak	기울어진 오크	傾いたナラの木	倾斜的橡树	item_name		
Learning from Losses	손실로부터 배우기	敗北から学ぶこと	从失败中学习	term		
Leather Pack	가죽 묶음	革袋	皮革包	item_name		
Leave	나가기	退室	离开	term		
Leave Cart	수레에서 내리기	トロッコから降りる	下矿车	term		
Left-click: Place item 	왼쪽 클릭: 아이템 배치 	左クリック：アイテムの設置	左击：放置物品 	term		
Legend of Wesmere	웨스미어(Wesmere)의 전설	Wesmere の伝説	韦弥尔传奇	campaign_name		
Legends of the North	북부의 전설	Legends of the North	北方传奇	music_title		
Legmir	레그미르(Legmir)	Legmir	莱格米尔	proper_noun		
Leollyn	레올린(Leollyn)	Leollyn	利欧林	campaign_name		
Leopard	표범	ヒョウ	豹	unit_name		
Lethin	레틴(Lethin)	Lethin	莱辛	faction		원본 PO의 고유명사 문맥을 확인해 한국어 음차와 원문을 병기
Liberty	해방	自由	自由	campaign_name		
Libraries	라이브러리	ライブラリ	库	term		
Library	도서관	図書館	书库	term		
License	라이선스	ライセンス	许可证	term		
Lich	리치(Lich)	リッチ	巫妖	unit_name		
Lich-Lord Caror	리치 군주 카로르(Caror)	リッチ君主 Caror	巫妖领主卡罗	faction		
Lich-Lord Jevyan	리치 군주 제비안(Jevyan)	リッチ君主 Jevyan	巫妖领主劫复魇	faction		
Lich-Lord Lenvan	리치 군주 렌반(Lenvan)	リッチ君主 Lenvan	巫妖领主蓝温	faction		
Liches	시체들	リッチ	巫妖	faction		
Lieutenant	부관	副官	尉官	campaign_name	중위	
Light Red	밝은 적색	ライトレッド	亮红	term		
Light blue	하늘색	ライトブルー	亮蓝	term		
Lighthouse	등대	灯台	灯塔	item_name		
Limbo	연옥	辺獄	虚空幻境	proper_noun		
Liminal	경계	薄明	边缘	proper_noun		
Limit FPS	FPS 제한	FPS 制限	限制FPS	term		
Linderion	린데리온(Linderion)	Linderion	林德里翁	proper_noun		
Linduilas	린두일라스(Linduilas)	Linduilas	林铎拉斯	unit_name		
Link	린크(Link)	Link	林克	unit_name		
Linneus	린네우스(Linneus)	Linneus	林纽斯	faction		원본 PO의 고유명사 문맥을 확인해 한국어 음차와 원문을 병기
Lionel	리오넬(Lionel)	Lionel	莱昂内尔	faction		원본 PO의 고유명사 문맥을 확인해 한국어 음차와 원문을 병기
Liryn	리린(Liryn)	Liryn	利林	unit_name		
Lit	빛남	光	光照	terrain		
Lit Brazier	불타는 화로	燃える火鉢	点燃的火盆	terrain		
Lit Mushroom Grove	불 밝힌 버섯 숲	光り差すキノコの森	被照亮的蘑菇林	terrain		
Lit Non-mixed Mushroom Grove	빛나는 단일 버섯 숲	非複合の光り差すキノコの森	被照亮的非混合蘑菇林	terrain		
Lit Stone Wall	불 밝힌 돌벽	照らされた石壁	被照亮的石墙	terrain		
Lit Torch	켜진 횟불	トーチ	点燃的火炬	item_name		
Lithuanian Translation	리투아니아어 번역 담당	リトアニア語翻訳	立陶宛文翻译	term		
Lizard Beach	도마뱀 해안	トカゲの海岸	蜥蜴海滩	campaign_name		
Li’sar	리사르(Li’sar)	Li’sar	莉莎	unit_name		
Llorvin	로르빈(Llorvin)	Llorvin	洛温	proper_noun		
LoW	전설(LoW)	LoW	LoW	campaign_name		
Load	불러오기	再開	载入	term		
Load Core	핵심 데이터 불러오기	コアの読み込み	读取核心	term		
Load Game	게임을 불러오기	ゲームの再開	载入游戏	term	게임 로드	
Load Map	지도를 불러오기	マップ読み込み	载入地图	term		
Load Recent	최근 파일을 불러오기	最近のファイルを読み込む	载入最近文件	term		
Loaded embedded map data	불러오기된 내장 지도 데이터	読み込まれた埋め込みマップデータ	已载入嵌入的地图数据	term		
Loading data files	데이터 파일 불러오는 중	データファイルの読込み	正在载入数据文件	term		
Loading game configuration	게임 설정 불러오는 중	ゲーム設定の読込み	正在载入游戏配置	term		
Loading level	레벨 불러오는 중	レベルの読込み	正在载入关卡	term		
Loading units	유닛 불러오는 중	ユニットの読込み	正在载入单位	term		
Lobby	앞마당	ロビー	大厅	term		
Loc	위치	場所	位置	proper_noun		
Local Game	혼자 놀기	ローカルゲーム	本地游戏	term		
Local Player	로컬 플레이어(Player)	ローカルプレイヤー	本地玩家	term		
Loris	로리스(Loris)	Loris	Loris	person_name		
Location selection canceled	지역 설정 취소	位置選択は取り消されました	位置选择已取消	term		
Loflar	로플라르(Loflar)	Loflar	罗夫拉	proper_noun		
Log Cabin	통나무집	丸太小屋	小木屋	terrain		
Log Domain	로그 도메인	ログ領域	日志域	term		
Log File	로그 파일	ログファイル	日志文件	term		
Log Out	로그아웃	ログアウト	登出	term		
Logging	기록	ログ出力	日志记录	term		
Logging Options	로그 기록 옵션	ログ出力オプション	日志选项	term		
Logging in	로그인 중	ログイン中	正在登录	term		
Login	로그인	ログイン	登录	term		
Lollyra	롤리라(Lollyra)	Lollyra	洛莱拉	faction		원본 PO의 고유명사 문맥을 확인해 한국어 음차와 원문을 병기
Long-distance Movement	장거리 이동	長距離の移動	长距离移动	term		
Longbowman	장궁병	大弓兵	长弓手	unit_name		
Longtooth	긴 이빨(Longtooth)	Longtooth	长齿	proper_noun		
Lord	군주	君主	领主	campaign_name		
Lord Alric	알릭(Alric) 경	Alric 卿	阿尔里克领主	proper_noun		
Lord Alric’s Palace	알릭(Alric) 군주의 궁전	Alric 卿の宮殿	阿尔里克领主的宫殿	place_name		
Lord Aryad	아리아드(Aryad) 군주	Aryad 卿	阿雅德领主	faction		
Lord Asaeri	아사에리(Asaeri) 군주	Asaeri 卿	艾赛埃利领主	unit_name		
Lord Bayar	바야르(Bayar) 경	Bayar 卿	巴亚尔领主	faction		
Lord Gaelyc’s Citadel	게일릭(Gaelyc) 군주의 요새	Gaelyc 卿の要塞	盖里克领主的要塞	place_name		
Lord Logalmier	로갈미에르(Logalmier) 군주	Logalmier 卿	罗格米亚领主	faction		
Lord Maddock	마드독(Maddock) 경	Maddock 卿	马多克领主	faction		
Lord Typhon	티폰(Typhon) 군주	Typhon 卿	泰丰领主	proper_noun		
Losnin	로스닌(Losnin)	Losnin	洛斯宁	unit_name		
Loss of a caravan	마차 손실	隊商の損失	损失一辆大篷车	term		
Losses	손실	損失	损失	term		
Lost Soul	떠도는 영혼	迷える魂	失落的灵魂	term		
Lots of gold	많은 금화	ゴールドの山	许多金币	term		
Love Theme	사랑의 테마	Love Theme	爱之主题	music_title		
Lowel	로웰(Lowel)	Lowel	洛厄尔	person_name		
Loyal	충성스러운	忠義の切り替え	忠诚	proper_noun		
Loyalists	충성파	忠誠軍	保王党人	music_title	왕당파	
Lreu	레우(Lreu)	Lreu	雷鲁	person_name		
Lua Console	Lua 콘솔	Luaコンソール	Lua控制台	term		
Lucile	루씰레(Lucile)	Lucile	露西儿	faction		원본 PO의 고유명사 문맥을 확인해 한국어 음차와 원문을 병기
Lvl	레벨	Lv	等级	proper_noun		
Lvl 0	레벨(Lvl) 0	レベル 0	Lvl 0	term		
Lyer	리에르(Lyer)	Lyer	莱尔	proper_noun		
Lyllan	릴란(Lyllan)	Lyllan	莱兰	unit_name		
MP	마력(MP)	MP	移动	proper_noun		
Ma-Rana	마-라나(Ma-Rana)	Ma-Rana	玛-拉纳	faction		원본 PO의 고유명사 문맥을 확인해 한국어 음차와 원문을 병기
Mabooa	마부아(Mabooa)	Mabooa	玛博阿	unit_name		
Mace	철퇴	メイス	狼牙棒	item_name		
Mace of Eldaric	엘다릭의 철퇴	Mace of Eldaric	艾德里克的狼牙棒	faction		
Macedonian Translation	마케도니아어 번역 담당	マケドニア語翻訳	马其顿文翻译	term		
Maelvas	마엘바스(Maelvas)	Maelvas	梅尔瓦斯	proper_noun		
Maga-Knafa	마가-크나파(Maga-Knafa)	Maga-Knafa	马加-克纳法	faction		
Mage	마법사	魔術師	法师	campaign_name		
Mage Commander	마법사 사령관	魔術指揮官	法师指挥官	unit_name		
Mage Guard	마법사 경비병	魔法衛士	法师守卫	faction		
Mage Leader	대장 마법사	魔術部隊長	法师领队	unit_name		
Mage Magister	최고 마법사	魔導元帥	法师长老	unit_name		
Mage of Light	빛의 마법사	光の魔術師	光明法师	unit_name		
Magenta Ball	자홍색 공	赤紫の玉	洋红球	item_name		
Mages	마법사	魔術師	法师	faction		
Magi	마법사	魔術師	法师	faction		
Magic	마법	not found	not found	magic		
Magic Circle	마법진	魔法陣	魔法环	item_name		
Magic Staff	마법 지팡이	魔法の杖	法杖	item_name		
Magical	마법	魔法	魔法	proper_noun		
Magrid	마그리드(Magrid)	Magrid	玛格里德	proper_noun		
Main Menu	기본 차림표	メインメニュー	主菜单	term		
Mainline	본편	メインライン（公式キャンペーン）	主线	term		
Mainline multiplayer scenarios	기본선 멀티플레이어 시나리오	メインライン・マルチプレイヤーシナリオ	主线多人场景	term		
Mak-Dak’an	막-다칸(Mak-Dak’an)	Mak-Dak’an	玛克-达克安	proper_noun		
Make Into a Lich	리치(Lich)로 만들기	リッチにする	转变为巫妖	term		
Makees	메이키스(Makees)	Makees	马基斯	proper_noun		
Mal Barath	말(Mal) 바라쓰	Mal Barath	玛尔·巴拉斯	faction		
Mal Keshar	말 케샤르(Mal Keshar)	Mal Keshar	玛尔·凯沙	unit_name		
Mal Maul	말(Mal) 마울	Mal Maul	玛尔·魔尔	proper_noun		
Mal Sevu	말(Mal) 세부	Mal Sevu	玛尔·瑟夫	faction		
Mal Shiki	말(Mal) 쉬키	Mal Shiki	玛尔·史奇	faction		
Mal Tath	말(Mal) 타쓰(Tath)	Mal Tath	玛尔·塔斯	faction		고유명사 병기 기준
Mal Tera	말 테라(Mal Tera)	Mal Tera	玛尔·特拉	faction		
Mal-Akranbral	말-아크란브랄(Mal-Akranbral)	Mal-Akranbral	玛尔-阿克兰布劳尔	person_name		
Mal-Analla	말-아날라(Mal-Analla)	Mal-Analla	玛尔-安娜拉	faction		원본 PO의 고유명사 문맥을 확인해 한국어 음차와 원문을 병기
Mal-Bakral	말-바크랄(Mal-Bakral)	Mal-Bakral	玛尔-巴克拉尔	person_name		
Mal-Drakanal	말-드라카날(Mal-Drakanal)	Mal-Drakanal	玛尔-德拉卡纳尔	person_name		
Mal-Govon	말-고본(Mal-Govon)	Mal-Govon	玛尔-高文	faction		원본 PO의 고유명사 문맥을 확인해 한국어 음차와 원문을 병기
Mal-Hadanak	말-하다낙(Mal-Hadanak)	Mal-Hadanak	玛尔-哈达纳克	person_name		
Mal-Kallat	말-칼랏(Mal-Kallat)	Mal-Kallat	玛尔-卡拉特	unit_name		
Mal-Katklagad	말-카트클라가드(Mal-Katklagad)	Mal-Katklagad	玛尔-卡拉戈德	person_name		
Mal-Kevek	말-케베크(Mal-Kevek)	Mal-Kevek	玛尔-柯沃克	faction		원본 PO의 고유명사 문맥을 확인해 한국어 음차와 원문을 병기
Mal-Larakan	말-라라칸(Mal-Larakan)	Mal-Larakan	玛尔-拉莱坎	person_name		
Mal-Mana	말-마나(Mal-Mana)	Mal-Mana	玛尔-玛娜	faction		원본 PO의 고유명사 문맥을 확인해 한국어 음차와 원문을 병기
Mal-Necross	말-네크로스(Mal-Necross)	Mal-Necross	玛尔-那克罗斯	proper_noun		
Mal-Ravanal	말-라바날(Mal-Ravanal)	Mal-Ravanal	玛尔-拉瓦纳尔	proper_noun		
Mal-Rikna	말-릭나(Mal-Rikna)	Mal-Rikna	玛尔-里克娜	faction		원본 PO의 고유명사 문맥을 확인해 한국어 음차와 원문을 병기
Mal-Saerav	말-사에라브(Mal-Saerav)	Mal-Saerav	玛尔-萨拉夫	unit_name		
Mal-Skraat	말-스크라트(Mal-Skraat)	Mal-Skraat	玛尔-斯克拉特	unit_name		
Mal-Talar	말-탈라르(Mal-Talar)	Mal-Talar	玛尔-塔拉	faction		원본 PO의 고유명사 문맥을 확인해 한국어 음차와 원문을 병기
Mal-Tar	말-타르(Mal-Tar)	Mal-Tar	玛尔-塔	faction		
Mal-Vakaz	말-바카즈(Mal-Vakaz)	Mal-Vakaz	玛尔-瓦卡兹	faction		원본 PO의 고유명사 문맥을 확인해 한국어 음차와 원문을 병기
Mal-Verloth	말-베를로쓰(Mal-Verloth)	Mal-Verloth	玛尔-弗洛斯	proper_noun		
Mal-Xakralan	말-자크랄란(Mal-Xakralan)	Mal-Xakralan	玛尔-夏克拉兰	faction		
Mal-Xaskanat	말-자스카낫(Mal-Xaskanat)	Mal-Xaskanat	玛尔-夏斯卡纳特	person_name		
Mal-Yrna	말-이르나(Mal-Yrna)	Mal-Yrna	玛尔-尔娜	faction		원본 PO의 고유명사 문맥을 확인해 한국어 음차와 원문을 병기
Mal-un-Darak	말-운-다라크(Mal-un-Darak)	Mal-un-Darak	玛尔-昂-达拉克	faction		
Mal-un-Karad	말-운-카라드(Mal-un-Karad)	Mal-un-Karad	玛尔-昂-卡拉德	faction		원본 PO의 고유명사 문맥을 확인해 한국어 음차와 원문을 병기
Mal-un-Xadrux	말-운-자드룩스(Mal-un-Xadrux)	Mal-un-Xadrux	玛尔-昂-夏德拉克斯	faction		
Mal-un-Zanrad	말-운-잔라드(Mal-un-Zanrad)	Mal-un-Zanrad	玛尔-昂-赞拉德	faction		
Malatus	말라투스(Malatus)	Malatus	玛拉图斯	faction		
Maldun	말둔(Maldun)	Maldun	马尔敦	person_name		
Male	남성	男性	男	term		
Malifor	말리포르(Malifor)	Malifor	玛利弗	faction		원본 PO의 고유명사 문맥을 확인해 한국어 음차와 원문을 병기
Malin Keshar	말린 케샤르(Malin Keshar)	Malin Keshar	马林·凯沙	unit_name		
Maluk	말루크(Maluk)	Maluk	马鲁克	unit_name		
Mame	마메(Mame)	Mame	玛米	proper_noun		
Manage Add-ons	부가 기능 메뉴 열기	アドオンの管理	管理附加组件	term		
Manage Cores	핵심 데이터 관리	コアの管理	管理核心	term		
Manage the game WML cache	게임 WML 캐시 관리	WMLキャッシュを管理します	管理游戏的WML缓存	term		
Map	지도	マップ	地图	term		
Map Commands	지도 명령	マップコマンド	地图命令	term		
Map Editor	맵 에디터	マップエディタ	地图编辑器	term		
Map Generator Settings	지도 생성기 설정	マップジェネレーターの設定	地图生成器设置	term		
Map Information	지도 정보	マップ情報	地图信息	term		
Map Pack	지도 모음	マップパック	地图包	term		
Map Screenshot	맵 스크린샷	マップのスクリーンショット	地图截屏	term		
Map Settings	지도 설정	マップ設定	地图设置	term		
Map and Scenario Editor	지도 및 시나리오 편집기	マップ・シナリオエディタ	地图与场景编辑器	term		
Map loaded from scenario	시나리오에서 불러온 지도	シナリオから読み込まれたマップ	已从场景中载入地图	term		
Map-Screenshot	지도 갈무리 그림	マップのスクリーンショット	地图-截屏	proper_noun		
Marathi Translation	마라티어 번역 담당	マラーティー語翻訳	马拉地文翻译	term		
Marg-Tonz	마르그-톤즈(Marg-Tonz)	Marg-Tonz	马戈-铜兹	faction		원본 PO의 고유명사 문맥을 확인해 한국어 음차와 원문을 병기
Marker High	높은 표식	上昇マーカー	高点标记	terrain		
Marker High 2	높은 표식 2	上昇マーカー 2	高点标记 2	terrain		
Marker Low	낮은 표식	下降マーカー	低点标记	terrain		
Marker Low 2	낮은 표식 2	下降マーカー 2	低点标记 2	terrain		
Market	시장	市場	市场	term		
Marksman	명사수	精密	精准	term		
Marsh	늪	沼地	湿地	term		
Marshal	마르샬	司会	典礼官	unit_name		
Marth-Tak	마르쓰-탁(Marth-Tak)	Marth-Tak	马斯-塔克	faction		원본 PO의 고유명사 문맥을 확인해 한국어 음차와 원문을 병기
Masked Dwarf	가면 쓴 난쟁이	覆面のドワーフ	面具矮人	unit_name		
Masked Dwarves	가면 쓴 난쟁이들	覆面ドワーフ	面具矮人	faction		
Massacre	대학살	大虐殺	屠杀	term		
Master Bowman	활의 달인	熟練弓兵	大师弓手	unit_name		
Master at Arms	무기의 달인	武芸者	剑术大师	unit_name		
Match History	대전 기록	マッチ履歴	匹配历史	term		
Matchmaking	대전 상대 찾기	マッチメイキング	匹配	term		
Mauapan	마우아판(Mauapan)	Mauapan	矛阿潘	unit_name		
Mausoleum	왕릉	霊廟	陵墓	item_name		
Maximum Level	최대 레벨	最大レベル	最高级	term		
Mbiran	음비란(Mbiran)	Mbiran	穆巴让	faction		원본 PO의 고유명사 문맥을 확인해 한국어 음차와 원문을 병기
Meadow	초원	牧草地	草地	term		
Meato	메아토(Meato)	Meato	米亚图	faction		원본 PO의 고유명사 문맥을 확인해 한국어 음차와 원문을 병기
Mechanical	기계적	機械	机械	proper_noun		
Media	미디어	メディア	媒体	proper_noun		
Medicinal herbs	약초	薬用ハーブ	药草	item_name		
Medium	보통	普通	中等	campaign_name		
Medium Coastal Reef	중형 해안 암초	普通の岩礁	中型礁石	terrain		
Medium Deep Water	일반 깊은 물	普通の深水	中等深水	terrain		
Medium Shallow Water	일반 얕은 물	普通の浅瀬	中等浅水	terrain		
Meeting With Dwarves	난쟁이족과 만남	ドワーフとの会談	与矮人会面	campaign_name		
Meeting of the Minds	정신의 만남	合意	心灵交会	campaign_name		
Meeting point	집결 지점	集合地点	会面地点	term		
Mefel	메펠(Mefel)	Mefel	梅费尔	proper_noun		
Mel Daveth	멜 다베쓰	Mel Daveth	梅尔·达维斯	faction		
Mel Guthrak	멜 구스락	Mel Guthrak	梅尔·古斯拉克	faction		
Mel Wylyn	멜 윌린	Mel Wylyn	梅尔·威林	proper_noun		
Melange	멜란지	メイラーンジ	奇妙混合物	item_name		
Melee Combat	근접 전투	近接戦闘	近身战斗	term		
Melinna	멜리나(Melinna)	Melinna	梅林娜	campaign_name		
Melusand	멜루산드(Melusand)	Melusand	美露珊德	faction		원본 PO의 고유명사 문맥을 확인해 한국어 음차와 원문을 병기
Memory	메모리	記念碑	记忆	term		
Menu	차림표	メニュー	菜单	term		
Menu button	메뉴 버튼	メニューボタン	“菜单”按钮	term		
Meorraent	메오르라엔트(Meorraent)	Meorraent	梅欧兰特	proper_noun		
Mercantile	잡화점	商業地	商店	proper_noun		
Mercenaries	용병들	傭兵	雇佣军	faction		
Merchants’ Guildhall	상인 길드 회관	商人ギルド集会所	商人会馆	proper_noun		
Merfolk	인어	マーフォーク	人鱼	race_name		
Merfolk Guard	인어 경비병	マーフォークの番人	鱼人守卫	unit_name		
Merfolk Revenge	인어족의 복수	マーフォークの復讐	人鱼复仇	campaign_name		
Merfolk Village	인어 마을	マーフォークの村	人鱼村庄	terrain		
Merhun	메르훈(Merhun)	Merhun	梅尔亨	unit_name		
Meris	메리스(Meris)	Meris	梅里斯	proper_noun		
Merkush	메르쿠쉬(Merkush)	Merkush	马库什	faction		원본 PO의 고유명사 문맥을 확인해 한국어 음차와 원문을 병기
Merlunius	메를루니우스(Merlunius)	Merlunius	莫鲁纽斯	faction		원본 PO의 고유명사 문맥을 확인해 한국어 음차와 원문을 병기
Mermaid Siren	인어 세이렌(Siren)	マーメイドのセイレーン	人鱼女妖	unit_name		
Merman Entangler	인어 포박병	マーマンの精鋭投網兵	人鱼缠绕者	unit_name		
Merman Fighter	인어 투사	マーマンの戦士	人鱼战士	unit_name		
Merman Guard	인어 경비병	マーマンの衛兵	人鱼卫队	unit_name		
Merman Hoplite	인어 장갑병	マーマンの装甲兵	人鱼重甲兵	unit_name		
Merman Hunter	인어 사냥꾼	マーマンの漁師	人鱼猎手	unit_name		
Merman Javelineer	인어 투창병	マーマンの投槍兵	人鱼标枪兵	unit_name		
Merman Netcaster	인어 투망병	マーマンの投網兵	人鱼布网者	unit_name		
Merman Spearman	인어 창병	マーマンの槍兵	人鱼矛兵	unit_name		
Merman Triton	인어 트리톤(Triton)	マーマンのトリトン	人鱼三叉戟战士	unit_name		
Merman Warrior	인어 전사	マーマンの熟練戦士	人鱼武士	unit_name		
Messages waiting	대기 중인 메시지	メッセージ待機中	消息等待中	term		
Methor	메토르(Methor)	Methor	梅瑟	proper_noun		
Midday	정오	昼の 12 時	正午	proper_noun		
Middle-click scrolling	가운데 클릭으로 지도 움직이기	マウスのミドルクリックでスクロールする	鼠标中键滚屏	term		
Midnight	자정	夜の 12 時	午夜	proper_noun		
Midnight Queen	한밤의 여왕	真夜中の女王	午夜女王	proper_noun		
Migrate	이전	移行	迁移	term		
Mine	광산	鉱山	矿坑	term		
Mine Rail	광산 선로	鉱山のレール	矿中铁轨	terrain		
Mine Wall	광산 벽	鉱山の壁	矿中墙	terrain		
Mines	광산	鉱山	矿场	term		
Minion of Tairach	타이라크(Tairach)의 졸개	Tairach の手先	泰拉奇的走狗	unit_name		
Minister Alanafel	알라나펠(Alanafel) 장관	Alanafel 牧師	阿拉纳菲辅佐官	proper_noun		
Minister Edren	에드렌(Edren) 목사	Edren 牧師	艾德文大师	unit_name		
Minister Hylas	힐라스(Hylas) 목사	Hylas 牧師	海拉斯辅佐官	unit_name		
Minister Mefel	메펠(Mefel) 목사	Mefel 牧師	墨菲辅佐官	person_name		
Minister Romand	로만드(Romand) 목사	Romand 牧師	罗曼德辅佐官	proper_noun		
Ministry of Fellowship	친목부	友愛の伝道者	友谊会	faction		
Minor Code Contributors	소규모 코드 기여자들	細かなソースコードへの貢献者	次要代码贡献者	term		
Miscellaneous	기타	その他	其他	term	기타등등	
Miscellaneous Contributors	기타 기여한 사람들	その他の貢献者	其他贡献者	term		
Missing Campaigns	누락된 캠페인	欠落したキャンペーン	缺失的战役	term		
Missing User-made Content	누락된 사용자 제작 콘텐츠	ユーザーメイドコンテンツの不足	用户制作内容缺失	term		
Mitbreen	미트브레엔(Mitbreen)	Mitbreen	米布林	proper_noun		
Mitche	미치(Mitche)	Mitche	米切	proper_noun		
Mithalwe	미탈웨(Mithalwe)	Mithalwe	米撒尔韦	proper_noun		
Mixed Flowers	꽃밭	花	各种鲜花	terrain		
Moderator Controls	관리자 제어	管理者の操作	管理员控制	term		
Modifications	변경 사항	Mod	模组	proper_noun		
Moin	모인(Moin)	Moin	莫音	unit_name		
Mokho Kimer	모코 키메르(Mokho Kimer)	Mokho Kimer	莫科荷·基莫	faction		
Mokolo Qimur	모콜로 키무르(Mokolo Qimur)	Mokolo Qimur	魔科洛•奇穆	faction		
Monolith	돌기둥	モノリス	巨石	item_name		
Monster	괴물	モンスター	怪物	faction		
Monster Crab	괴물 게	カニの怪物	巨蟹怪	unit_name		
Monsters	괴물들	モンスター	怪物	faction		
Moor	늪	原野	泊点	proper_noun		
Mordak	모르닥(Mordak)	Mordak	魔达克	faction		원본 PO의 고유명사 문맥을 확인해 한국어 음차와 원문을 병기
Mordrum	모르둠(Mordrum)	Mordrum	莫德雷姆	unit_name		
More general tips	더 일반적인 팁	より一般的なヒント	更多一般性的提示	term		
Moremirmu	모레미르무(Moremirmu)	Moremirmu	莫密尔姆	unit_name		
Moreth	모레스(Moreth)	Moreth	莫雷斯	unit_name		
Morning	아침	朝	上午	term		
Morogor	모로고르(Morogor)	Morogor	莫罗戈	proper_noun		원본 PO의 고유명사 문맥을 확인해 한국어 음차와 원문을 병기
Morsel	한 입 거리(Morsel)	Morsel	碎末	proper_noun		
Mortality	필멸	死の運命	必死之命	campaign_name		
Mortic	모르틱(Mortic)	Mortic	莫提克	faction		원본 PO의 고유명사 문맥을 확인해 한국어 음차와 원문을 병기
Mossa	모싸(Mossa)	Mossa	莫萨	unit_name		
Mother Gryphon	엄마 그리폰(Gryphon)	マザー・グリフォン	狮鹫之母	faction		
Mountain Pass	산길	山道	山间通路	campaign_name		
Mountains	산	山	山岭	terrain		
Mounted Dwarf	기마 드워프	騎乗ドワーフ	矮人骑手	unit_name		
Mounted General	마상의 장군	騎兵将軍	骑兵将军	unit_name		
Mouse Scrolling	마우스 화면이동	マウススクロール	鼠标滚屏	term		
Mouse scrolling	마우스로 지도를 움직이기	マウスでスクロールする	鼠标滚屏	term		
Move Ardonna to the signpost	아르도나(Ardonna)를 표지판으로 이동	Ardonna を道標まで移動させる	移动阿冬娜至路标处	term		
Move Ardonna to the tunnel	아르도나(Ardonna)를 터널로 이동시키십시오	Ardonna をトンネルへ移動させる	移动阿冬娜至隧道处	term		
Move Konrad to the cave	콘라드(Konrad)를 동굴로 이동시키십시오	Konrad を洞窟まで移動させる	移动科纳德至洞穴	term		
Move Thursagan to the forge	투르사간(Thursagan)을 대장간으로 이동시키세요	Thursagan を鍛冶場に移動させる	移动瑟萨冈至熔炉处	term		
Move Thursagan to the signpost	투르사간(Thursagan)을 이정표로 이동시키세요	Thursagan を道標の所へ移動させる	移动瑟萨冈至路标处	term		
Move/Attack	이동/공격	移動/攻撃	移动/攻击	term		
Movement	이동	移動	移动	term		
Movement Cost	소모 이동력	移動コスト	移动消耗	term		
Moves	이동력	移動力	移动	term		
Moving	이동	移動	移动	term		
Movrur	모브루르(Movrur)	Movrur	摩夫鲁尔	unit_name		
Mriram	미리람(Mriram)	Mriram	米里拉姆	unit_name		
Mudcrawler	질퍽이	泥蟲	黏土怪	unit_name		
Muddy Quagmire	진흙 수렁	泥沼	泥泞沼泽	terrain		
Muff Argulak	머프(Muff) 아르굴락	Muff Argulak	玛夫·阿古拉克	faction		
Muff Jaanal	머프 자날(Muff Jaanal)	Muff Jaanal	玛夫·伽纳尔	faction		
Muff Malal	머프 말랄(Muff Malal)	Muff Malal	玛夫·玛拉尔	faction		
Muff Toras	머프(Muff) 토라스	Muff Toras	玛夫·托拉斯	faction		
Muhmr	무흐므르(Muhmr)	Muhmr	穆痕姆	unit_name		
Muldondindal	물돈딘달(Muldondindal)	Muldondindal	穆坦丁德	proper_noun		
Multiplayer	멀티플레이	マルチプレイヤー	多人游戏	term		
Multiplayer Alerts	멀티플레이 알림	マルチプレイヤー通知	多人游戏告警	term		
Multiplayer Campaign	멀티플레이 캠페인	マルチプレイヤーキャンペーン	多人战役	term		
Multiplayer Campaigns	멀티플레이 캠페인	マルチプレイヤーキャンペーン	多人战役	term		
Multiplayer Lobby	멀티플레이 로비	マルチプレイヤーロビー	多人游戏大厅	term		
Multiplayer Maps and Balancing	멀티플레이 지도와 밸런싱 담당	マルチプレイヤーマップとバランス調整	多人地图与平衡性调整	term		
Multiplayer Scenario	멀티플레이 시나리오	マルチプレイヤーシナリオ	多人场景	term		
Multiplayer dialog	멀티플레이어 대화 상자	マルチプレイヤーダイアログ	多人游戏对话框	term		
Multiplayer_AI^Experimental AI	실험적 AI	試験的 AI	实验性AI	term		gettext 문맥 키(source_term의 ^ 앞부분)는 번역하지 않고, ^ 뒤의 표시 문자열만 표준 번역으로 사용
Multiple Healers	여러 치유사들	複数のヒーラー	多位疗伤者	term		
Muma	무마(Muma)	Muma	牧玛	faction		
Murudin	무루딘(Murudin)	Murudin	穆鲁丁	unit_name		
Mushroom Farm	버섯 농장	キノコ畑	蘑菇农场	terrain		
Mushroom Grove	버섯 숲	キノコの森	蘑菇林	terrain		
Mutaf-uru	무타프우르(Mutaf-uru)	Mutaf-uru	木塔夫-乌鲁	unit_name		
Mute	음소거	ミュート	静音	term		
Mycelium	균사체	菌糸体	菌丝体	terrain		
Myssh	미시(Myssh)	Myssh	麦什	unit_name		
NAME	이름	名前	名称	proper_noun		
NR	부활(NR)	NR	NR	campaign_name		
Na-Mana	나-마나(Na-Mana)	Na-Mana	纳-玛拉	faction		원본 PO의 고유명사 문맥을 확인해 한국어 음차와 원문을 병기
Na-alga	나-알가(Na-alga)	Na-alga	纳-阿尔伽	faction		
Nafga	나프가(Nafga)	Nafga	纳法加	unit_name		
Nag	나그(Nag)	Nag	纳格	faction		
Naga	나가(Naga)	ナーガ	娜迦	race_name		
Naga Centurion	나가(Naga) 백인대장	ナーガの百人長	娜迦百夫长	unit_name		
Naga Dirkfang	나가(Naga) 단검이빨	ナーガの剣牙	娜迦刃牙武士	unit_name		
Naga Fighter	나가(Naga) 투사	ナーガの戦士	娜迦战士	unit_name		
Naga Guardian	나가(Naga) 지킴이	ナーガの守備兵	娜迦守卫	unit_name		
Naga Hunter	나가(Naga) 사냥꾼	ナーガのハンター	娜迦猎手	unit_name		
Naga Leader	나가(Naga) 대장	ナーガのリーダー	那珈首领	unit_name		
Naga Myrmidon	나가(Naga) 미르미돈(Myrmidon)	ナーガのミュルミドーン	娜迦忠勇武士	unit_name		
Naga Sentinel	나가(Naga) 보초병	ナーガの衛兵	娜迦哨卫	unit_name		
Naga Warden	나가(Naga) 파수꾼	ナーガの番人	娜迦守望者	unit_name		
Naga Warrior	나가(Naga) 전사	ナーガの熟練戦士	娜迦武士	unit_name		
Nagas	나가	ナーガ	娜迦	faction		
Nagini Centurion	나기니 백인대장	ナギニの百人長	娜迦百夫长	term		
Nagini Fighter	나가 투사 ♀	ナギニの戦士	娜迦战士	term		
Nagini Myrmidon	나가 미르미돈(Myrmidon) ♀	ナギニのミュルミドーン	娜迦忠勇武士	term		
Nagini Warrior	나가 전사 ♀	ナギニの熟練戦士	娜迦武士	term		
Nakeg-alvan	나케그-알반(Nakeg-alvan)	Nakeg-alvan	纳克格-阿尔万	unit_name		
Naken-alvak	나켄-알바크(Naken-alvak)	Naken-alvak	纳肯-阿尔瓦克	faction		원본 PO의 고유명사 문맥을 확인해 한국어 음차와 원문을 병기
Nalu-alvan	날루-알반(Nalu-alvan)	Nalu-alvan	纳鲁-阿尔万	unit_name		
Name	이름	名前	名字	term		
Name files before processing	처리하기 전에 파일 이름을 지정	処理する前にファイル名を表示	在处理前命名文件	term		
Named Areas	명명된 영역	名前付き領域	具名区域	term		
Nameless	이름없는 이	名無し	无名	campaign_name		
Nani the Shapeshifter	변신술사 나니(Nani)	シェイプシフターの Nani	化形者纳尼	unit_name		
Nantheos	난테오스(Nantheos)	Nantheos	南斯奥	unit_name		
Nargaril	나르가릴(Nargaril)	Nargaril	纳加里尔	proper_noun		
Narithil	나리틸(Narithil)	Narithil	纳利希尔	faction		
Narn	나른(Narn)	Narn	那安	proper_noun		
Naru	나루(Naru)	Naru	那努	proper_noun		
Natural Cave Wall	자연적인 동굴 벽	自然な洞窟の壁	天然洞穴墙	terrain		
Natural Earthy Cave Wall	자연스러운 흙 동굴 벽	自然な土色の洞窟の壁	天然泥土洞穴墙	terrain		
Nebthun	네브툰(Nebthun)	Nebthun	那布桑	unit_name		
Necromancer	네크로맨서	ネクロマンサー	死灵法师	unit_name		
Necron	네크론(Necron)	Necron	Necron	unit_name		
Necrophage	시체 아귀	ネクロファージ	食尸恶鬼	unit_name		
Neglur	네글루르(Neglur)	Neglur	内格拉	unit_name		
Negotiation Complete	협상 완료	交渉完了	谈判完成	term		
Neki the Brutal	잔혹한 네키(Neki)	冷酷なるNeki	野蛮人尼基	unit_name		
Neki the Brute	난폭한 네키(Neki)	粗暴なるNeki	野蛮人尼基	unit_name		
Nemas	네마스(Nemas)	Nemas	内马斯	person_name		
Neophyte	초심자	見習い	新信徒	campaign_name		
Nepba	넵바(Nepba)	Nepba	内普巴	unit_name		
Nethuns	네툰스(Nethuns)	Nethuns	内桑斯	unit_name		
Network Player	네트워크 상대	ネットプレイヤー	网络玩家	term		
Neutrals	중립(Neutrals)	Neutrals	中立者	faction		
New Bookmark	새 책갈피	ブックマークの追加	新建书签	term		
New Folder	새 폴더	新しいフォルダ	新建文件夹	term		
New Location Identifier	새로운 장소 ID	新しい地点の識別子	新建位置标识符	term		
New Map	새로운 지도	新規マップ	新建地图	term		
New Scenario	새로운 시나리오	新しいシナリオ	新建场景	term		
New Side	새로운 진영	新しい陣営	新阵营	term		
New Southbay	신 남만국(Southbay)	新Southbay	新南湾	term		
New ToD	새 시간대	新しい時刻	新建时段	term		
Newest Campaign Version Rewrite	최신 캠페인 판번호 다시 작성	最新版のキャンペーン書き直し	最新版本战役重写	term		
News from the Front	전방으로부터 온 소식	前線からの知らせ	前线消息	campaign_name		
Next	다음	次	继续	term		
Next Brush	다음 브러시	次のブラシ	下一笔刷	term		
Next Move	다음 움직임	次の動き	下一手	term		
Next Side	다음 진영으로	次の陣営へ	下一阵营	term	다음 진영	
Next Tool	다음 도구	次のツール	下一工具	term		
Next Turn	다음 차례	ターンを進める	下一回合	term		
Next Unit	다음 유닛	次のユニット	下一单位	term		
Next operation	다음 작업	次のオペレーション	下个操作	term		
Next page	다음 페이지	次のページへ	下一页	term		
Nfrigt	느프리그트(Nfrigt)	Nfrigt	夜骇	proper_noun		
Nibble	조금(Nibble)	Nibble	细啃	proper_noun		
Nibbler	니블러	齧り魚	鱾鱼	unit_name		
Nickname	별명	ニックネーム	昵称	proper_noun		
Nifigt	니피그트(Nifigt)	Nifigt	尼费格特	proper_noun		
Night Watchman	야간 경비병	夜警	守夜人	faction		
Night in the Swamp	늪지대의 밤	湿地帯での夜	沼泽之夜	campaign_name		
Nightgaunt	어둠의 그림자	ナイトゴーント	夜之荒芜	unit_name		
Nightmare	악몽	悪夢	噩梦	campaign_name	짜증나는	
Nightstalk	은밀	隠密	夜遁	proper_noun		
Niktor	니크토르(Niktor)	Niktor	尼克托	person_name		
Nil-Galion	닐-갈리온(Nil-Galion)	Nil-Galion	尼尔-伽利温	faction		원본 PO의 고유명사 문맥을 확인해 한국어 음차와 원문을 병기
Nilaf	닐라프(Nilaf)	Nilaf	尼拉夫	person_name		
Niodien	니오디엔(Niodien)	Niodien	尼欧迪恩	proper_noun		
Nisen	니센(Nisen)	Nisen	尼森	proper_noun		
No	아니오	いいえ	否	term		
No Add-ons Available	사용 가능한 부가 기능 없음	アドオンはありません	没有可用的附加组件	term		
No Ally Mirror	동맹 미러 방지	同盟ミラー防止	无友方镜像	term		
No Mirror	미러매치 방지	ミラーマッチ防止	无镜像	term		
No Recent Files	최근 파일 없음	最近開いたファイルはありません	没有最近文件	term		
No advancement	승급 없음	レベルアップなし	不能升级	term		
No eras found	시대를 찾을 수 없음	時代が存在しません	未找到时代	term		
No hotkey selected	단축키가 선택되지 않음	ホットキーが選択されていません	未选定热键	term		
No leader	지도자 없음	リーダー無し	无首领	term		
No objectives available	사용 가능한 목표 없음	目標がありません	没有可用的任务目标	term		
No orb	구슬 없음	宝珠無し	没有球	term		
No recalls are permitted	다시 소집은 허용되지 않습니다	召還は許可されていません	禁止召回部队	term		
No turn limit	차례 제한 없음	ターン制限無し	没有回合限制	term		
No usable weapon	사용 가능한 무기 없음	使用できる武器：無し	没有可用的武器	term		
No username specified	사용자 이름이 지정되지 않음	ユーザー名が指定されていません	未指定用户名	term		
No validation errors	검증 오류 없음	検証エラーはありません	无验证错误	term		
Noble Commander	귀족 사령관	貴族の司令官	贵族指挥官	unit_name		
Noble Fighter	귀족 투사	貴族の戦士	贵族战士	unit_name		
Noble Lord	귀족 군주	貴族の領主	贵族领主	unit_name		
Noble Youth	귀족 젊은이	貴族の若者	贵族青年	unit_name		
Nobody	아무도 없음	空席	无人	term		
Nocturnal Pest	야행성 골칫거리	夜行性の厄介者	夜袭怪	proper_noun		
Nofhug	노프후그(Nofhug)	Nofhug	诺夫哈格	faction		원본 PO의 고유명사 문맥을 확인해 한국어 음차와 원문을 병기
Nog	노그(Nog)	Nog	诺格	unit_name		
Noiraran	노이라란(Noiraran)	Noiraran	诺易拉兰	unit_name		
Nomeon	노메온(Nomeon)	Nomeon	诺米恩	faction		
Non-mixed Mushroom Grove	단일 버섯 숲	非複合のキノコの森	非混合蘑菇林	terrain		
None	없음	なし	无	term		
Nordi	노르디(Nordi)	Nordi	诺迪	unit_name		
Nori	노리(Nori)	Nori	诺瑞	unit_name		
Normal	일반	ノーマル	普通	campaign_name		
Normal Replays	일반 리플레이	通常リプレイ	普通回放	term		
Normal Rug	일반 깔개	普通の敷物	普通地毯	terrain		
Norte	노르테(Norte)	Norte	诺特	proper_noun		
North	북쪽	北	北	proper_noun		
North Bridge	북쪽 다리	北の橋	北桥	place_name		
North East	북동쪽	北東	东北	term		
North Knalga	북부 크날가(Knalga)	北Knalga	北纳尔迦	place_name		
North Tower	북쪽 탑	北の塔	北塔	place_name		
North West	북서쪽	北西	西北	term		
Northeast	북동쪽	北東軍	东北	faction		
Northern Alliance	북부 동맹	北部同盟	北方联盟	campaign_name		
Northern Battle	북부의 전투	北方での戦い	北方战争	campaign_name		
Northern Outpost	북부 전초기지	川岸北部拠点	北疆哨所	campaign_name		
Northern Rebirth	북부의 부활	北部の再興	北国重生	campaign_name		
Northern Shallows	북쪽 여울	北の浅瀬	北方浅滩	term		
Northern Winter	북부의 겨울	北部の冬	北国之冬	campaign_name		
Northerners	북부인(Northerners)	Northerners	北陆之民	music_title	Northerners	
Northlands	북부 지방	北の大地（Northlands）	北陆	proper_noun		원본 PO의 고유명사 문맥을 확인해 한국어 음차와 원문을 병기
Northwest	북서쪽	北西軍	西北	faction		
Norwegian Translation	노르웨이어 번역 담당	ノルウェー語翻訳	挪威文翻译	term		
Not Here Overlay	여기 없음 오버레이	ノット・ヒア・オーバーレイ	非此处覆盖层	terrain		
Not on friends or ignore lists	친구 또는 무시 목록에 없음	友人・無視リストに含まれていません	不在好友或忽略列表上	term		
Note	참고	メモ	提示	term		
Nothing	아무것도 안한다	何もしない	什么都不做	term		
Nothing to learn here	배울 것이 없습니다	学べることはありません	这里没什么可学的	term		
Novice	초보자	not found	not found	rank		
Novice Dani	초보자 다니(Dani)	見習い Dani	新人戴尼	person_name		
Novice Iona	초보자 이오나(Iona)	見習い Iona	新人艾欧纳	person_name		
Novice Pior	초보자 피오르(Pior)	見習い Pior	新人派尔	person_name		
Novus	노부스(Novus)	Novus	罗福斯	proper_noun		
Number of Turns	턴 수	ターン数	回合数	term		
Nunc Dimittis	눈크 디미티스	Nunc Dimittis	西缅之颂	music_title		
Nur al-Nuh	누르 알-누	Nur al-Nuh	努尔·努赫	faction		
Nuvassa	누밧싸(Nuvassa)	Nuvassa	努瓦萨	unit_name		
Nym	님(Nym)	Nym	妮慕	proper_noun		
O O	오 오(O O)	O O	O O	proper_noun		
OK	확인	OK	确定	term		
OPTIONS	옵션	オプション	选项	proper_noun		
Oases heal and cure	오아시스에서는 회복 및 치료 가능	オアシスで回復と治療ができます。	绿洲疗伤疗毒	term		
Oasis	오아시스	オアシス	绿洲	terrain		
Obelisk	오벨리스크	オベリスク	方尖碑	proper_noun		
Objectives	목표	目標	目标	proper_noun		
Oblil	오블릴(Oblil)	Oblil	鸥比利	faction		원본 PO의 고유명사 문맥을 확인해 한국어 음차와 원문을 병기
Observatory	천문대	観測所	观测台	proper_noun		
Observe	관전	観戦	观察	proper_noun		
Observers	관전자	観戦者	观察者	proper_noun		
Observers allowed	관전자 허용	観戦可	允许观察	term		
Observers not allowed	관전자 허용 안 함	観戦不可	不允许观察	term		
Oceania	오세아니아(Oceania)	Oceania	欧辛妮娅	unit_name		
Odrun	오드룬(Odrun)	Odrun	欧顿	unit_name		
Off Map	지도 밖	オフマップ	地图外	terrain		
Official Wesnoth Server	공식 웨스노스(Wesnoth) 서버	公式サーバー	官方韦诺服务器	term		
Ogdal	오그달(Ogdal)	Ogdal	奥格达尔	unit_name		
Ogho	오고(Ogho)	Ogho	欧戈	proper_noun		
Ogre	오우거(Ogre)	オーガ	食人魔	unit_name		
Ogre Crossing	오우거(Ogre) 건넘터	オーガ渡河点	食人魔渡口	campaign_name		
Ogre Nomad	오우거(Ogre) 유목민	オーガの放浪者	食人魔流浪者	person_name		
Ogres	오우거	オーガ	食人魔	faction		
Ointment of venom	독 연고	毒軟膏	毒液药膏	item_name		
Okean	오키안(Okean)	Okean	欧基恩	faction		원본 PO의 고유명사 문맥을 확인해 한국어 음차와 원문을 병기
Old Continent	옛 대륙	旧大陸（Old Continent）	旧陆	term		
Old English Translation	고대 영어 번역 담당	古英語翻訳	古英文翻译	term		
Old Friend	오랜 친구	旧友	老友	campaign_name		
Old Wooden Floor	오래된 나무 바닥	古い木の床	老旧木地板	terrain		
Oldania ADF Std	Oldania ADF Std	Oldania ADF Std,Noto Sans JP	Oldania ADF Std,Droid Sans Fallback	identifier		
Oltr	올트르(Oltr)	Oltr	奥尔特	proper_noun		
Olurf	올루프(Olurf)	Olurf	奥勒夫	proper_noun		
On friends list	친구 목록에 있음	友人リスト上	在好友列表中	term		
On ignores list	무시자 목록에 있음	無視リスト上	在忽略列表中	term		
Only show games with friends	친구가 있는 게임만 표시	友人がいるゲームのみを表示します	只显示有好友的游戏	term		
Only show games with vacant slots	빈 자리가 있는 게임만 표시	空席があるゲームのみを表示します	只显示有空闲位置的游戏	term		
Oof	아악(Oof)	Oof	沃	faction		원본 PO의 고유명사 문맥을 확인해 한국어 음차와 원문을 병기
Open	열기	開く	打开	term		
Open Plain Chest	열린 평범한 상자	開いた質素な箱	开着的普通箱子	item_name		
Open Rusty Gate	열린 녹슨 문	開いている錆びた門	开启的锈门	terrain		
Open Trapdoor	열린 바닥문	開いた落とし戸	打开的活版门	item_name		
Open Wooden Door	열린 나무 문	開いている木の扉	开启的木门	terrain		
Open saves folder	저장 파일 폴더 열기	保存フォルダを開く	打开存档文件夹	term		
Opportunist	기회주의자	日和見主義	机会主义者	proper_noun		
Options	선택 사항	オプション	选项	term		
Orac	오라크(Orac)	Orac	欧若可	proper_noun		
Oracle	오라클	神託所	先知	proper_noun		
Orange	오렌지색	橙	橙	proper_noun		
Orb	구슬	宝珠	状态球	proper_noun		
Orbl	오르블(Orbl)	Orbl	球	proper_noun		
Orbs	구슬	宝珠	状态球	proper_noun		
Orbs and ellipses	구슬과 타원	宝珠と楕円	状态球与椭圆	term		
Orcish Archer	오크 궁병	オークの弓兵	兽人弓箭手	unit_name		
Orcish Assassin	오크 암살자	オークの暗殺者	兽人刺客	unit_name		
Orcish Castle	오크 성채	オークの城	兽人城堡	terrain		
Orcish Crossbowman	오크 노병	オークのクロスボウ兵	兽人弩手	unit_name		
Orcish Flag	오크 깃발	オークの旗	兽人旗帜	item_name		
Orcish Grunt	오크 졸개	オークの兵卒	兽人咕噜兵	unit_name		
Orcish Keep	오크 본영	オークの主塔	兽人主楼	terrain		
Orcish Leader	오크 대장	オークのリーダー	兽人首领	unit_name		
Orcish Ruler	오크 통치자	オークの支配者	兽人统治者	unit_name		
Orcish Shaman	오크의 주술사	オークのシャーマン	兽人萨满	unit_name	오크 샤먼	
Orcish Slayer	오크 살육자	オークの殺戮者	兽人杀手	unit_name		
Orcish Slurbow	오크 강노병	オークのスラーボウ兵	兽人重弩手	unit_name		
Orcish Sovereign	오크 대총통	オークの君主	兽人君主	unit_name		
Orcish Village	오크식 마을	オークの村	兽人村庄	terrain		
Orcish Warlord	오크의 장군	オークの将軍	兽人军阀	unit_name		
Orcish Warrior	오크 전사	オークの戦士	兽人战士	unit_name		
Orcs	오크들	オーク	兽人	race_name	오크	
Ordo	오르도(Ordo)	Ordo	奥尔多	proper_noun		
Orga	오르가(Orga)	Orga	奥迦	faction		원본 PO의 고유명사 문맥을 확인해 한국어 음차와 원문을 병기
Orhtib	오르흐티브(Orhtib)	Orhtib	欧亨提	unit_name		
Original Campaign Design	오리지널 캠페인 디자인	オリジナルキャンペーンデザイン	原战役设计	term		
Ornate	화려한	飾り	奢华品	item_name		
Ornery Pets	성질 고약한 애완동물	懐かない動物	倔宠	faction		
Orofarnië	오로파르니에(Orofarnië)	Orofarnië	欧若法尼	proper_noun		
Orome	오로메(Orome)	Orome	欧洛梅	proper_noun		
Ossuary	골동	納骨堂	骨灰盒	proper_noun		
Other	기타	その他	其它	term		
Others	기타	その他	其他	term		
Othgar	오쓰가르(Othgar)	Othgar	欧斯格	proper_noun		
Outlaw	무법자	無法者	游寇	campaign_name		
Outpost	전초 기지	前線基地	前哨站	proper_noun		
Output	출력	出力内容	输出	term		
Outriding the Outriders	추격대를 따돌리며	追手よりも速く	赛过先锋护卫	campaign_name		
Outrigger	아웃리거	アウトリガーボート	劫掠艇	unit_name		
Over the Northern Mountains	북부 산맥 너머	Over the Northern Mountains	翻越北方山脉	music_title		
Overall	전체	総計	总括	proper_noun		
Overgrown Cobbles	큼지막한 자갈	蓊鬱な石畳	杂草丛生的卵石	terrain		
Overgrown Stone Wall	덤불이 우거진 돌벽	蓊鬱な石壁	蔓生石墙	terrain		
Overgrown Wall	덤불이 우거진 벽	蓊鬱な壁	蔓生墙	terrain		
Overlay a grid over the map	지도 위에 격자 오버레이 표시	マップ上にグリッドを表示します	在地图上覆盖六角网格	term		
Overlook	전망대	見落とし	俯瞰	campaign_name		
Oversee Research	연구 상황 보기	研究の監督	监督研究	term		
Overture	서곡	序曲	序曲	campaign_name		
Overwhelming Power	압도적인 힘	圧倒的な強さ	压倒性的力量	term		
Overwrite Confirmation	덮어쓰기 확인	上書きの確認	覆盖确认	term		
Owaec	오와에크(Owaec)	Owaec	欧瓦埃克	proper_noun		
Owned village	아군 마을	自軍所有の村	自有村庄	term		
Oxepotex	옥세포텍스(Oxepotex)	Oxepotex	奥克西波泰克斯	proper_noun		
Oxsrrsk	옥스르스크(Oxsrrsk)	Oxsrrsk	欧克斯雷斯克	faction		
Ozdul	오즈둘(Ozdul)	Ozdul	欧祖杜尔	unit_name		
Ozul	오줄(Ozul)	Ozul	奥祖	faction		원본 PO의 고유명사 문맥을 확인해 한국어 음차와 원문을 병기
Package version	꾸러미 판번호	パッケージバージョン（Package version）	包版本	term		
Packagers	각 플랫폼 적용	パッケージ作成	打包人员	proper_noun		
Paint Tool	채색 도구	ペイントツール	绘制工具	term		
Paladin	성기사	聖騎士	圣骑士	unit_name		
Palisade	목책	杭の柵	栅栏	terrain		
Palm Forest	야자수 숲	ヤシ林	棕榈树林	terrain		
Panok	파노크(Panok)	Panok	潘洛克	faction		원본 PO의 고유명사 문맥을 확인해 한국어 음차와 원문을 병기
Parandra	파란드라(Parandra)	Parandra	帕兰德拉	faction		
Partial Undo	부분 실행 취소	アンドゥ	部分撤销	term		
Passage	통로	通路	通道	proper_noun		
Passage Gate	통로 관문	通用門	通道大门	faction		
Passageway	통로	通路	通道	terrain		
Passenger	승객	乗客	旅客	unit_name		
Password Required	비밀방	パスワードの要求	需要输入密码	term		
Paste	붙여넣기	貼り付け	粘贴	proper_noun		
Path	길	小道	小径	term		
Paths	경로	パス	路径	term		
Pause Network Game	게임 일시정지	通信対戦の一時停止	暂停联机游戏	term		
Pause music on focus loss	포커스를 잃으면 음악 일시정지	フォーカスが無いときにはBGMを一時停止する	失焦时暂停音乐	term		
Pe	페(Pe)	Pe	丕	unit_name		
Peaceful Valley	평화로운 계곡	穏やかな谷	平静的村庄	campaign_name		
Peak	봉우리	頂上	顶峰	proper_noun		
Peasant	농부	農民	农民	campaign_name		
Peasant Hunter	농가 사냥꾼	農民の狩人	乡下猎人	unit_name		
Peasant Huntsman	농가 수렵민	農民の猟師	乡下狩猎高手	unit_name		
Peasant Trapper	농가 덫 사냥꾼	農民の罠猟者	乡下陷阱猎人	unit_name		
Peasant Youth	청소년 농민	農民の若者	乡下青年	unit_name		
Peasants	농부	農民	农民	faction		
Pebbles in the Flood	홍수의 조약돌	洪水に抗う小石	狂洪危卵	campaign_name		
Pelaithil	펠라이틸(Pelaithil)	Pelaithil	佩莱希尔	faction		
Pelalsol	펠랄솔(Pelalsol)	Pelalsol	佩拉索尔	faction		
Pelathsil	펠라스실(Pelathsil)	Pelathsil	佩拉希尔	faction		원본 PO의 고유명사 문맥을 확인해 한국어 음차와 원문을 병기
Pelcatol	펠카톨(Pelcatol)	Pelcatol	佩尔卡托尔	faction		
Pelgara	펠가라(Pelgara)	Pelgara	佩尔加拉	person_name		
Pelias	펠리아스(Pelias)	Pelias	佩利阿斯	unit_name		
Pelmaithodor	펠마이소도르(Pelmaithodor)	Pelmaithodor	佩尔梅托多尔	faction		
Pelmathidrol	펠마티드롤(Pelmathidrol)	Pelmathidrol	佩尔马希德罗	unit_name		
Pelondras	펠론드라스(Pelondras)	Pelondras	派隆达斯	proper_noun		
Penella	페넬라(Penella)	Penella	佩内利亚	campaign_name		
Peoples in Decline	가라앉아가는 종족	困窮の民	下沉岛上的异族	campaign_name		
Perversion	타락	背徳	曲解	proper_noun		
Petrify	석화	石化	石化	proper_noun		
Phantom	유령	ファントム	幻影	proper_noun		
Phantom Castle	유령의 성	幻の城	幻影城堡	terrain		
Phantom Keep	유령의 아성	幻の城の主塔	幻影主楼	terrain		
Pidmer Gar	피드메르 가르(Gar)	Pidmer Gar	皮得莫·嘎	faction		
Piercing Shot	관통 사격	刺突放弓	穿透射击	term		
Piglet	새끼 멧돼지	子猪	小猪	unit_name		
Pigor	피고르(Pigor)	Pigor	皮戈	person_name		
Pikeman	극창병	熟練槍兵	长矛兵	unit_name		
Pile of Gold Coins	금화 더미	ゴールドの山	一堆金币	item_name		
Piles of Snow	눈 더미	積雪	雪堆	item_name		
Pillagers	약탈자들	略奪者	劫掠者	faction		
Pillars of Thunedain	투네다인(Thunedain)의 기둥	Thunedain の柱石	苏内达因之柱	term		
Pine Forest	소나무 숲	松林	松林	terrain		
Pine Tree	소나무	マツの木	松树	item_name		
Pinnacle Rock	뾰족 바위	尖塔岩	尖塔石	term		
Pirate Galleon	해적 갤리언(Galleon)	海賊ガレオン船	海盗船	unit_name		
Pirk	피르크(Pirk)	Pirk	皮尔克	proper_noun		
Pirorr	피로르(Pirorr)	Pirorr	皮罗若	unit_name		
Pirror	피르로르(Pirror)	Pirror	皮罗鲁	unit_name		
Piyru	피루(Piyru)	Piyru	皮鲁	person_name		
Place Label	딱지를 둡니다	ラベルの設置	放置标签	term		
Places	장소	ブックマーク	地点	term		
Places to talk about Wesnoth	웨스노스(Wesnoth)에 대해 이야기하는 곳	Wesnoth について語る場所	谈论韦诺之战的地方	term		
Plague	역병	疫病	瘟疫	proper_noun		
Plague Staff	역병의 지팡이	疫病の杖	瘟疫法杖	item_name		
Plainsmen	평원인	平原の住民	平原居民	faction		
Plank Bridge	널빤지 다리	板橋	平板桥	terrain		
Planning Mode	계획 모드	計画モード	计划模式	term		
Plant Farm	밭을 경작	農地にする	开垦农田	term		
Plant Saplings	묘목 심기	若木を植える	种植树苗	term		
Plateau	고원	台地	高原	proper_noun		
Play	재생	再生	开始播放	term		
Play Replay	리플레이 재생	リプレイを開始	播放录像	term		
Play a Campaign	캠페인 플레이	キャンペーンをプレイ	玩一场战役	term		
Player	플레이어(Player)	Player	玩家	faction		
Player Chat	플레이어(Player) 채팅	プレイヤーチャット	玩家交谈	term		
Player joins	플레이어(Player) 참가	プレイヤーの参加	玩家加入	term		
Player leaves	플레이어(Player) 퇴장	プレイヤーの退席	玩家离开	term		
Players	플레이어	プレイヤー	玩家	term		
Playing	플레이	プレイ方法	进行游戏	term		
Playlist	플레이목록	プレイリスト	播放列表	term		
Playlist Manager	플레이리스트 관리자	プレイリストマネージャー	播放列表管理器	term		
Playtesting	플레이테스트	プレイテスト	游戏测试	proper_noun		
Plonk	플론크(Plonk)	Plonk	普隆克	proper_noun		
Plouf	플로우프(Plouf)	Plouf	普劳夫	unit_name		
Plunging into the Darkness	어둠 속으로 뛰어들다	暗闇への突入	突入黑暗	campaign_name		
Poacher	밀렵꾼	密猟者	偷猎者	unit_name		
Podzol	포드졸	ポドゾル	灰壤	proper_noun		
Point	점수	場所	点	proper_noun		
Point of view	시점	視点	视角	term		
Poison	독	毒	毒素	item_name		
Polish Translation	폴란드어 번역 담당	ポーランド語翻訳	波兰文翻译	term		
Poor Farmer	불쌍한 농부	かわいそうな農夫	可怜的农夫	unit_name		
Port	항구	船着場	港口	proper_noun		
Port of Elensefar	엘렌세파르(Elensefar) 항구	Elensefar 港	埃仁撒伐港	place_name		
Portuguese Translation	포르투갈어 번역 담당	ポルトガル語翻訳	葡萄牙文翻译	term		
Poseira	포세이라(Poseira)	Poseira	波塞拉	person_name		
Possessed Garak	빙의된 가라크(Garak)	憑依された Garak	疯狂的伽拉克	proper_noun		
Potion of Barkskin	나무껍질 물약	強皮の薬	树皮药水	item_name		
Potion of Decay	부식의 물약	腐敗の薬	衰退药剂	item_name		
Potion of Healing	회복 포션	回復の薬	治疗药剂	item_name		
Potion of Strength	힘의 물약	力の薬	力量药剂	item_name		
Poul	포울(Poul)	Poul	保罗	faction		원본 PO의 고유명사 문맥을 확인해 한국어 음차와 원문을 병기
Prairie	초원	大草原	大草原	proper_noun		
Predictable RNG	예측 가능한 난수(RNG)	予測可能な RNG	可预测的随机数生成器	term		
Preface	머리말	はじめに	序	proper_noun		
Preferences	게임 옵션	設定	首选项	proper_noun		
Prepolur	프레폴루르(Prepolur)	Prepolur	普勒波卢	person_name		
Press ESC to skip	ESC를 눌러 건너뛰기	ESCでスキップ	按ESC跳过	term		
Previous	이전	前	回退	proper_noun		
Previous Unit	이전 유닛	前のユニット	上一单位	term		
Previous page	이전 페이지	前のページへ	上一页	term		
Prince Haldric	할드릭(Haldric) 왕자	王子 Haldric	哈德里克王子	faction		
Prince of Wesnoth	웨스노스(Wesnoth)의 왕자	Wesnoth の王子	韦诺王子	campaign_name		
Princeling	왕자	公子	小王子	unit_name		
Princess Mew	메유(Mew) 공주	Princess Mew	喵公主	person_name		
Prison Guards	감옥 경비병	牢番	狱卒	faction		
Private Replay	비공개 리플레이	非公開リプレイ	私有回放	term		
Profile	프로필	プロフィール	档案	term		
Programming	프로그래밍 담당	プログラミング	程序设计	term		
Prok-Bak	프로크-박(Prok-Bak)	Prok-Bak	普罗克-巴克	faction		원본 PO의 고유명사 문맥을 확인해 한국어 음차와 원문을 병기
Properties	속성	プロパティ	特性	term		
Prose and Story Editing	산문 및 이야기 편집	ストーリー構成	散文和故事编辑	term		
Prose and Story Editing, Code Preparation	산문 및 이야기 편집, 코드 준비	物語や文章の編集とコードの作成	散文与故事编辑、代码准备	term		
Prose and Story Edits	내용 및 스토리 편집	ストーリー構成	散文与故事编辑	term		
Protect generals Halrad, Halric, and Halrod	할라드(Halrad), 할릭(Halric), 할로드(Halrod) 장군을 보호하세요	将軍達（Halrad、Halric、Halrod）を守る	保护将军哈拉德、哈尔里克和哈尔罗德	term		
Proven by the Sword	검으로 입증된 것	剣による証明	以剑为证	campaign_name		
Provinces	주	田舎	省份	proper_noun		
Provincial Guard	지방 경비대	辺境防衛隊	行省卫队	person_name		
Pruark	프루아르크(Pruark)	Pruark	普鲁阿克	proper_noun		
Pruol	프루올(Pruol)	Pruol	普如尔	faction		원본 PO의 고유명사 문맥을 확인해 한국어 음차와 원문을 병기
Public House	선술집	パブ	酒吧	term		
Public message	공개 메시지	公開メッセージ	公开消息	term		
Publish add-on	부가 기능 게시	アドオンの公開	发布附加组件	term		
Pudror	푸드로르(Pudror)	Pudror	普德罗	proper_noun		
Pulsing Spire	고동치는 첨탑	脈動する尖塔	脉动尖塔	unit_name		
Purple	보라색	紫	紫	proper_noun		
Purple Abomination	보라색 혐오 악마	紫色の忌鬼	紫色厌恶	term		
Pyre Wight	장작불 망령	炎霊騎士	柴堆尸妖	unit_name		
Pythos	파이토스(Pythos)	Pythos	派瑟斯	proper_noun		
Qgthun	크그툰(Qgthun)	Qgthun	齐图恩	person_name		
Qmrun	큐므룬(Qmrun)	Qmrun	昆穆儒	unit_name		
Quagmire	수렁	泥沼	泥潭	proper_noun		
Quarry	채석장	採石場	采石场	proper_noun		
Queen Jessene	제세네(Jessene) 여왕	Queen Jessene	洁欣王后	faction		
Quenoth Archer	퀴노스(Quenoth) 궁수	Quenoth の射手	奎诺弓手	unit_name		
Quenoth Champion	퀴노스(Quenoth) 투사	Quenoth の守護者	奎诺冠军剑士	unit_name		
Quenoth Fighter	퀴노스(Quenoth) 투사	Quenoth の戦士	奎诺战士	unit_name		
Quenoth Flanker	퀴노스(Quenoth) 측면 공격수	Quenoth の遊撃兵	奎诺侧击士	unit_name		
Quenoth Marksman	퀴노스(Quenoth) 저격수	Quenoth の狙撃手	奎诺精准射手	unit_name		
Quenoth Outrider	퀴노스(Quenoth) 선도자	Quenoth の近衛騎兵	奎诺先锋骑卫	unit_name		
Quenoth Pathfinder	퀴노스(Quenoth) 길잡이	Quenoth の先駆	奎诺探路者	unit_name		
Quenoth Ranger	퀴노스(Quenoth) 유격병	Quenoth のレンジャー	奎诺巡林者	unit_name		
Quenoth Scout	퀴노스(Quenoth) 정찰꾼	Quenoth の斥候	奎诺侦察兵	unit_name		
Quenoth Warrior	퀴노스(Quenoth) 전사	Quenoth の勇士	奎诺武士	unit_name		
Quenoth Youth	퀴노스(Quenoth) 청년	Quenoth の若者	奎诺青年	unit_name		
Quentin	쿠엔틴(Quentin)	Quentin	昆廷	faction		원본 PO의 고유명사 문맥을 확인해 한국어 음차와 원문을 병기
Quick	민첩함	敏捷	迅捷	term		
Quick Replays	빠른 리플레이	高速リプレイ	快速回放	term		
Quickdraw	빨리 뽑아 쏘기	早弓	快速拉弓	proper_noun		
Quiet mode	정숙 모드	静粛モード	安静模式	term		
Quintain	인간형 과녁	クィンティン	刺靶	unit_name		
Quit	종료	終了	退出	term	나가기	
Quit Game	게임 종료	ゲームを終了	退出游戏	term		
Quit game	게임 종료	ゲーム終了	退出游戏	term		
Quit the game	게임을 종료합니다	ゲームを終了します	退出游戏	term		
Quit to Desktop	바탕 화면으로 나가기	デスクトップに戻る	退出至桌面	term		
Quit to Menu	메뉴로 나가기	メニューに戻る	退出至菜单	term		
Qumseh	쿰세흐(Qumseh)	Qumseh	库姆塞	faction		원본 PO의 고유명사 문맥을 확인해 한국어 음차와 원문을 병기
RNG	난수(RNG)	RNG	随机数生成器	proper_noun		
Rabbin	라빈(Rabbin)	Rabbin	拉彬	proper_noun		
Race	종족	種族	种族	term		
Raceme	라쎄메(Raceme)	Raceme	拉希米	faction		원본 PO의 고유명사 문맥을 확인해 한국어 음차와 원문을 병기
Radius 1 Hex	반경 1칸	半径1ヘクス	半径为1的格	term		
Radius 2 Hex	반경 2칸	半径2ヘクス	半径为2的格	term		
Radius One	반경 1	半径1ヘクスブラシ	半径一	term		
Radius Two	반경 2	半径2ヘクスブラシ	半径二	term		
Raesil	라에실(Raesil)	Raesil	拉艾希尔	unit_name		
Raetharvan	라에타르반(Raetharvan)	Raetharvan	雷萨尔万	proper_noun		
Ragnabair	라그나베어(Ragnabair)	Ragnabair	拉格纳贝尔	faction		
Ragvan	라그반(Ragvan)	Ragvan	拉格文	faction		원본 PO의 고유명사 문맥을 확인해 한국어 음차와 원문을 병기
Rah Ihn Mar	라 이흔 마르(Rah Ihn Mar)	Rah Ihn Mar	拉·伊亨·玛	faction		
Raiders	노략꾼	侵略者	掠袭者	faction		
Rail	선로	レール	轨道	proper_noun		
Rails	철로	レール	轨道	terrain		
Rain of Arrows	화살비	矢の雨	箭雨	term		
Rain of arrows	화살비	矢の雨	箭雨	attack_type		
Rainforest	열대우림	雨林	雨林	terrain		
Raise Skeleton (15 Gold)	해골 소환 (금화 15)	スケルトンを呼び出す（15ゴールド）	征募骷髅战士（15枚金币）	term		
Raise Skeleton Archer (14 Gold)	해골 궁수 소환 (금화 14)	スケルトンアーチャーを呼び出す（14ゴールド）	征募骷髅弓箭手（14枚金币）	term		
Raise Walking Corpse (8 Gold)	걸어 다니는 시체 소환 (금화 8)	歩く死体を呼び出す（8ゴールド）	征募陆行僵尸（8枚金币）	term		
Raised elevation on-map marker	고도 상승 표시기	上昇のエレベーションを示すマップ上のマーカー	地图上的高低差标记	term		
Rakkha	라카(Rakkha)	Rakkha	拉克哈	faction		원본 PO의 고유명사 문맥을 확인해 한국어 음차와 원문을 병기
Rakshas	라크샤스(Rakshas)	Rakshas	拉克夏斯	proper_noun		
Rampant Graak	화난 그라크(Graak)	荒々しい Graak	狂暴的格拉克	term		
Rampant Grook	화난 그루크(Grook)	荒々しい Grook	狂暴的格鲁克	term		
Rampant Gruak	화난 그루아크(Gruak)	荒々しい Gruak	狂暴的格鲁阿克	term		
Random	무작위 추첨	ランダム	随机	term		
Random Leaders	무작위 지도자	ランダムリーダー	随机首领	term		
Random Maps	무작위 지도	ランダムマップ	随机地图	term		
Random Start Time	무작위 시작 시간	開始時刻をランダムに	随机起始时段	term		
Random map	무작위 맵	ランダムマップ	随机地图	campaign_name		
Random starting time	무작위 시작 시간	開始時刻のランダム化	随机起始时间	term		
Randomize Tiles in Selection	선택 영역의 타일 무작위화	選択部分のタイルをランダム化	将选定区域内的区块随机化	term		
Randomize the starting time of day	시작 시간대를 무작위로 설정	開始時刻をランダムに設定します	游戏开始时的时段随机	term		
Range	공격범위	射程	射程	term		
Ranger	유격병	レンジャー	游侠	unit_name		
Ranger Tactics	레인저 전술	レンジャー	游侠战术	term		
Raol	라올(Raol)	Raol	拉欧	faction		원본 PO의 고유명사 문맥을 확인해 한국어 음차와 원문을 병기
Raraery	라라에리(Raraery)	Raraery	拉雷利	proper_noun		
Rarlg	라를그(Rarlg)	Rarlg	劳格	proper_noun		
Ras-Tabahn	라스-타반(Ras-Tabahn)	Ras-Tabahn	拉斯-塔班	unit_name		
Rash	발진(Rash)	Rash	拉什	faction		원본 PO의 고유명사 문맥을 확인해 한국어 음차와 원문을 병기
Rats	쥐	ネズミ	老鼠	faction		
Rattles	덜걱덜걱(Rattles)	Rattles	骷髅	proper_noun		
Raul-Rarlg	라울-라를그(Raul-Rarlg)	Raul-Rarlg	劳尔•劳格	proper_noun		
Rava-Krodaz	라바-크로다즈(Rava-Krodaz)	Rava-Krodaz	拉瓦-克罗达兹	faction		
Rava-Krovan	라바-크로반(Rava-Krovan)	Rava-Krovan	拉瓦-克罗万	faction		원본 PO의 고유명사 문맥을 확인해 한국어 음차와 원문을 병기
Raven	까마귀	カラス	渡鸦	unit_name		
Rawffus the Dim	어리숙한(Rawffus) 라우푸스	おぼろげなRawffus	愚笨者拉弗斯	unit_name		
Raxisz	락시즈(Raxisz)	Raxisz	莱克西斯	faction		원본 PO의 고유명사 문맥을 확인해 한국어 음차와 원문을 병기
Raydah	레이다(Raydah)	Raydah	瑞达	unit_name		
Raynor	라이노르(Raynor)	Raynor	雷诺	proper_noun		
Razorfin	라조르핀(Razorfin)	Razorfin	刃鳍	proper_noun		
Reaching the Runecrafter	룬 세공사에게 도달하기	ルーンスミスの元へ	接触符文工匠	campaign_name		
Reading files and creating cache	파일을 읽고 캐시를 만드는 중	ファイルの読込み、キャッシュの作成	正在读取文件并创建缓存	term		
Reading unit files	유닛 파일 읽는 중	ユニットのファイルを読込み	正在读取单位文件	term		
Ready to start	시작할 준비 완료	開始準備完了	已准备好开始	term		
Reassign Hotkey	단축키 재지정	ホットキーの再割り当て	重新指定快捷键	term		
Rebels	저항군	反乱軍	义军	faction	반란군	
Recall	재소집	召還	召回	term		
Recall Unit	유닛 재소집	ユニットの召還	召回单位	term		
Recalling	다시 소집	召還	召回	term		
Recalling units	유닛 소환	ユニットの召還	召回单位	term		
Recalls	재소집	召還	召回	term		
Reclaiming the Past	과거를 되찾다	過去の奪還	追溯往昔	campaign_name		
Reclamation	수복	奪回	收复	campaign_name		
Recruit	소집	雇用	征募	campaign_name	신병	
Recruit Unit	유닛 모집	ユニットの雇用	征募单位	term		
Recruit and Recall	모집 및 소환	雇用と召還	征募和召回	term		
Recruit dialog	모집 대화 상자	雇用ダイアログ	征募对话框	term		
Recruiting	소집하기	雇用	征募	term		
Recruiting and Recalling	소집 및 재소집	雇用と召還	征募与召回	term		
Recruits	소집	雇用	新兵	term		
Red	적색	赤	红	term	레드	
Red Mage	적색 마법사	赤魔術師	红袍法师	unit_name		
Red Potion	빨강 물약	赤い薬	红色药剂	item_name		
Red Ring	적색 반지	赤い指輪	红色戒指	item_name		
Red Wizards	적마도사	赤き魔術師	红袍法师	faction		
Red Wyrm	붉은 웜(Wyrm)	赤ワーム	红爬龙	unit_name		
Red Wyrmlet	붉은 웜(Wyrm) 새끼	小さな赤ワーム	幼红爬龙	unit_name		
Red and yellow	빨간색과 노란색	赤と黄色	红与黄	term		
Red orb	빨간색 구슬	赤の宝珠	红色球	term		
Reddit	Reddit	Reddit	Reddit	proper_noun		
Redo	다시 놓기	リドゥ	重做	term		
Reef	암초	暗礁	礁石	proper_noun		
Reeve Hoban	호반(Hoban) 행정관	地方官 Hoban 	荷班地方官	person_name		
Reflection pool	반사의 웅덩이	沈思の泉	反射池	term		
Refresh Display	화면 새로 고침	画面を再描画	刷新显示	term		
Refresh Image Cache	이미지 파일 갱신	イメージキャッシュを更新	刷新图像缓存	term		
Refresh WML	WML 새로 고침	WMLのリフレッシュ	刷新WML	term		
Refuge	피난처	避難所	避难所	term		
Refugees	피난민(Refugees)	Refugees	难民	faction		
Regenerate	다시 생성	再生成	重新生成	term		
Regenerates	재생	再生	再生	term		
Regeneration	재생	再生	再生	term		
Reglok	레글록(Reglok)	Reglok	瑞格罗克	unit_name		
Regular Chasm	일반 낭떠러지	普通の裂け目	齐整裂隙	terrain		
Regular Cobbles	보통 자갈	普通の石畳	普通卵石	terrain		
Regular Dirt	보통 진흙	普通の荒地	普通尘土	terrain		
Regular Hills	일반 언덕	普通の丘	齐整丘陵	terrain		
Regular Impassable Mountains	일반 통과 불가 산맥	普通の通れない山	齐整的高不可攀的山岭	terrain		
Regular Mountains	일반 산맥	普通の山	齐整山岭	terrain		
Reinforcements	증원군	増援	援军	faction		
Reinitialize fonts for the current language	현재 언어의 글꼴 재초기화	現在の言語向けにフォントを再初期化	正在为当前语言重新初始化字体	term		
Reject	거절	断る	拒绝	term		
Reks	렉스(Reks)	Reks	雷克斯	proper_noun		
Relana	렐라나(Relana)	Relana	蕾拉娜	faction		원본 PO의 고유명사 문맥을 확인해 한국어 음차와 원문을 병기
Release the other prisoners	나머지 포로들을 석방하십시오	他の囚人たちを解放する	释放其他囚犯	term		
Relgorn	렐고른(Relgorn)	Relgorn	雷尔戈恩	faction		원본 PO의 고유명사 문맥을 확인해 한국어 음차와 원문을 병기
Reloaded game	불러온 게임	再開されたゲーム	重新载入了游戏	term		
Reloading alters future combat outcomes	다시 불러오면 이후 전투 결과가 달라집니다	再開すると未来の戦闘結果が変化します	重新载入存档将改变未来的战斗结果	term		
Remains	잔해	残骸	残骸	terrain		
Remald	렘말드(Remald)	Remald	雷马尔德	proper_noun		
Remote scenario	원격 시나리오	リモートシナリオ	远程场景	term		
Remove	삭제하기	削除	移除	term		
Remove Add-ons	부가 기능 삭제	アドオンの削除	移除附加组件	term		
Remove Location	위치 제거	開始位置の削除	移除位置	term		
Remove Selected Area	선택한 구역 제거	選択領域の削除	移除所选区域	term		
Remove Side	진영 제거	陣営の削除	移除阵营	term		
Remove this username from your list	목록에서 이 사용자 이름 삭제	ユーザ名をリストから削除します	将此用户名从列表中移除	term		
Removes the current bookmark	현재 책갈피 삭제	選択中のブックマークを削除します	移除当前书签	term		
Removing Add-ons	부가 기능을 제거하고 있음	アドオンの削除	移除附加组件	term		
Renaerawan	레나에라완(Renaerawan)	Renaerawan	瑞纳尔拉文	proper_noun		
Rename Area	영역 이름을 바꾸기	領域名を変更	区域重命名	term		
Rename Selected Area	선택한 구역 이름 변경	選択領域のリネーム	重命名所选区域	term		
Rename Unit	유닛 이름을 바꾸기	ユニット名を変更	重命名单位	term	유닛 이름 변경	
Renvan	렌반(Renvan)	Renvan	仁凡	proper_noun		
Repeat Recruit	소집 반복	雇用を繰り返す	重复征募	term		
Replace with AI	인공지능으로 교체	AI と交代する	让AI替换上阵	term		
Replace with local player	로컬 플레이어로 교체	ローカルプレイヤーと交代する	让本地玩家替换上阵	term		
Replay	리플레이	リプレイ	录像	proper_noun		
Replay Control	리플레이 제어	リプレイコントロール	回放控制	term		
Report unchanged files	변경되지 않은 파일을 보고	変更なしのファイルを通知	报告未变更的文件	term		
Report unresolved macro references	해결되지 않은 매크로 참조를 보고	未解決のマクロ参照を通知する	报告未解析的宏引用	term		
Rerivyan	레리비안(Rerivyan)	Rerivyan	瑞里维安	unit_name		
Rescue Dolburras before he drowns	돌부라스(Dolburras)가 익사하기 전에 구출하세요	Dolburras が溺死する前に救助する	在多尔布拉斯淹死前营救他	term		
Rescue the imprisoned knights	갇힌 기사들을 구출하십시오	囚われた騎士達を救出する	救出被囚禁的骑士	term		
Research	연구	研究	研究	term		
Reserved	예약됨	予約済み	保留	term		
Reservoir	저장 시간	上限値	蓄水池	proper_noun		
Reset	초기화	リセット	重置	term		
Reset Replay	리플레이 초기화	リプレイをリセット	重置录像	term		
Resha	레샤(Resha)	Resha	瑞莎	proper_noun		
Resident Trolls	거주 트롤	住み着いたトロル	本地巨魔	faction		
Resilient	강인함	頑強	坚韧	proper_noun		
Resistance	저항도	耐性	抗性	term		
Resistances	저항력	耐性	抗性	term		
Resize	크기 조정	リサイズ	改变大小	term		
Resize Map	맵 크기	マップのリサイズ	改变地图大小	term		
Response	응답	応答	回复	term		
Rest	휴식	安息地	支座	term		
Restless Dead	안식 없는 사망자	安息なき死者	死而不休	proper_noun		
Retrieve the amulet	부적을 되찾으세요	アミュレットを回収する	取回护身符	term		
Return of the Fleet	함대의 귀환	艦隊の帰還	舰队返航	campaign_name		
Return to Glory	영광으로의 귀환	栄光への帰還	重返荣耀	term		
Return to Kerlath	케를라스(Kerlath)로 귀환	Kerlath への帰還	回归克拉斯	campaign_name		
Return to Oldwood	다시 오래된 나무들로 복귀	古木の森への帰還	重返古老森林	campaign_name		
Return to Parthyn	파르틴(Parthyn)으로 귀환	Parthyn への帰還	返回帕辛	campaign_name		
Return to Wesnoth	웨스노스(Wesnoth)로 귀환	Wesnoth への帰還	重返韦诺	campaign_name		
Return to menu	메뉴로 돌아간다	メニューに戻る	返回菜单	term		
Return to the Village	마을로의 귀환	村への帰還	回到村庄	campaign_name		
Revelation	계시	Revelation	天启	music_title		
Revelations	계시	新事実	水落石出	campaign_name		
Revenant	돌아온 자	レブナント	亡魂	unit_name		
Revenge	복수	復讐	复仇	campaign_name		
Revert	되돌림	戻す（Revert）	撤销	term		
Revert All Changes	모든 변경 사항 되돌리기	全ての変更を取り消す	回退所有更改	term		
Rheban	레반(Rheban)	Rheban	荷班	proper_noun		
Rholandir	롤란디르(Rholandir)	Rholandir	罗兰蒂尔	proper_noun		
Rhuwin	르후윈(Rhuwin)	Rhuwin	鲁温	person_name		
Rhynnin	린닌(Rhynnin)	Rhynnin	瑞宁	person_name		
Riaa	리아(Riaa)	Riaa	瑞安	proper_noun		
Right Panel	오른쪽 패널	右パネル	右侧面板	term		
Rilaka	릴라카(Rilaka)	Rilaka	里拉卡	faction		원본 PO의 고유명사 문맥을 확인해 한국어 음차와 원문을 병기
Rilg	릴그(Rilg)	Rilg	瑞格	faction		원본 PO의 고유명사 문맥을 확인해 한국어 음차와 원문을 병기
Rilhon	릴혼(Rilhon)	Rilhon	里尔洪	faction		
Rinconan	린코난(Rinconan)	Rinconan	林柯南	unit_name		
Ring of Invisibility	투명화의 반지	不可視の指輪	隐身之环	item_name		
Ring of Power	힘의 반지	力の指輪	力量指环	item_name		
Ring of Regeneration	재생의 반지	再生の指輪	再生之戒	item_name		
Ring of Slowness	둔화의 반지	鈍足の指輪	迟缓之戒	item_name		
Ring of Speed	날렵함의 반지	素早さの指輪	速度指环	item_name		
Ring of frostbite	동상 반지	凍牙の指輪	霜冻指环	item_name		
Ring of power	힘의 반지	魔力の指輪	力量指环	item_name		
Rivals	경쟁자들	ライバル	对手	faction		
River Longlier	롱리어(Longlier) 강	Longlier川	绵河	place_name		
River Telfar	텔파르(Telfar) 강	Telfar 川	泰法河	place_name		
River fort guard	강 요새 경비병	砦の防御兵	河边要塞守卫	faction		
Rkrin	르크린(Rkrin)	Rkrin	日格林	proper_noun		
Road	길	道	道路	terrain		
Roads Between Castles	성 사이 도로	城どうしの間に道を設置する	城堡之间的道路数	term		
Robryn	로브린(Robryn)	Robryn	罗伯林	faction		
Roc	록	ロック鳥	鹏鸟	unit_name		
Rock	바위	岩	岩石	item_name		
Rock Cairn	돌무덤	石塚	岩石山	item_name		
Rockbound Cave	암석 동굴	岩に囲まれた洞窟	岩石洞穴	terrain		
Rocks	바위	岩礁	岩石	term		
Rocky Sands	바위 모래	岩混じりの砂地	岩石沙砾	terrain		
Rod of Justice	정의의 지팡이	裁きの杖	公正之杖	item_name		
Rod-Ishnak	로드-이슈낙(Rod-Ishnak)	Rod-Ishnak	罗德-伊什纳克	faction		원본 PO의 고유명사 문맥을 확인해 한국어 음차와 원문을 병기
Roddry	로드리(Roddry)	Roddry	罗德里	campaign_name		
Rogrimir	로그리미르(Rogrimir)	Rogrimir	若格瑞莫	unit_name		
Rogue	악당	熟練盗賊	飞贼	unit_name		
Rogue Mage	범죄 마법사	ならず者魔術師	流浪法师	unit_name		
Rolin	롤린(Rolin)	Rolin	罗林	unit_name		
Romanian Translation	루마니아어 번역 담당	ルーマニア語翻訳	罗马尼亚文翻译	term		
Ronduger	론두게르(Ronduger)	Ronduger	龙杜格尔	proper_noun		
Rooting Out a Mage	마법사 처치	魔術師の根絶	铲除法师	campaign_name		
Rorthin	로르틴(Rorthin)	Rorthin	罗尔森	proper_noun		
Rotate Clipboard Clockwise	클립보드를 시계 방향으로 회전	クリップボードの内容を時計回りに回転	顺时针旋转剪贴板	term		
Rotate Clipboard Counter-Clockwise	클립보드를 시계 반대 방향으로 회전	クリップボードの内容を反時計回りに回転	逆时针旋转剪贴板	term		
Rotate Selection	선택 영역 회전	選択部分を回転	旋转选定区域	term		
Rotate your troops	병력 교대	負傷兵を交代させ、戦線を維持せよ	轮换您的部队	term		
Roth-Malal	로쓰-말랄(Roth-Malal)	Roth-Malal	罗思-玛拉	person_name		
Rotharik	로타리크(Rotharik)	Rotharik	洛萨里克	faction		원본 PO의 고유명사 문맥을 확인해 한국어 음차와 원문을 병기
Rotting Bridge	썩은 다리	朽ちた橋	腐坏中的村庄	terrain		
Rough Landing	불시착	難上陸	艰难登陆	campaign_name		
Route	경로	道	路径	term		
Royal Guard	근위병	親衛隊	皇家卫兵	campaign_name		
Royal Rug	왕실 깔개	高貴な敷物	王家地毯	terrain		
Royal Warrior	왕가의 전사	王族の戦士	皇家武士	unit_name		
Rubble	돌무더기	がれき	碎石	terrain		
Rublok	루블록(Rublok)	Rublok	拉布洛克	unit_name		
Rudic	루딕(Rudic)	Rudic	鲁迪克	faction		원본 PO의 고유명사 문맥을 확인해 한국어 음차와 원문을 병기
Rudimil	루디밀(Rudimil)	Rudimil	鲁迪米尔	person_name		
Ruffian	불량배	悪漢	无赖	unit_name		
Rug	깔개	敷物	地毯	terrain		
Rugh	루그흐(Rugh)	Rugh	鲁尔	faction		원본 PO의 고유명사 문맥을 확인해 한국어 음차와 원문을 병기
Rugnur	룩누르(Rugnur)	Rugnur	拉格纳	faction		원본 PO의 고유명사 문맥을 확인해 한국어 음차와 원문을 병기
Ruin	폐허	廃墟	废墟	term		
Ruined Adobe Village	폐허가 된 어도비 마을	煉瓦の廃村	毁坏的泥砖村庄	terrain		
Ruined Castle	무너진 성채	荒城	毁坏的城堡	terrain		
Ruined Cottage	무너진 오두막	廃コテージ	毁坏的小农舍	terrain		
Ruined Desert Castle	무너진 사막의 성채	砂漠の荒城	毁坏的沙漠城堡	terrain		
Ruined Desert Keep	무너진 사막 본영	砂漠の廃墟の主塔	荒废的沙漠主楼	terrain		
Ruined Encampment	폐허가 된 야영지	野営地の廃墟	毁坏的营地	terrain		
Ruined Encampment Keep	폐허가 된 야영지 본영	野営地の主塔の廃墟	毁坏的营地主楼	terrain		
Ruined Hill Stone Village	폐허가 된 언덕 돌 마을	丘の石造りの廃村	毁坏的山石村庄	terrain		
Ruined Human Castle	무너진 인간 성채	人間の荒城	毁坏的人类城堡	terrain		
Ruined Human Castle Keep	무너진 인간 성채 본영	人間の荒城の主塔	荒废的人类城堡主楼	terrain		
Ruined Human City	인간 도시의 폐허	人間の廃都市	毁坏的人类城市	terrain		
Ruined Keep	무너진 본영	廃墟の主塔	荒废的主楼	terrain		
Ruined Tent	망가진 텐트	廃テント	毁坏的帐篷	item_name		
Ruined Wall	폐허 벽	廃墟の壁	毁坏的墙	terrain		
Rukhos, Chosen of Death	죽음이 선택한 루코스(Rukhos)	死に選ばれしRukhos	拉克欧斯，死之神选	unit_name		
Run Formula	수식 실행	フォーミュラの実行	运行公式	term		
Run By (Bolas)	달리며 공격 (팔맷돌)	（投げ縄の）装備	跑打（流星锤）	ability		
Run By (Sword and Bow)	달리며 공격 (검과 활)	（剣と弓の）装備	跑打（剑与弓）	ability		
Run By (Taunting strike)	달리며 공격 (도발 공격)	疾駆（挑発攻撃）	跑打（嘲讽打击）	ability		
Run wmlindent	wmlindent 실행	wmlindent を実行します	运行wmlindent	term		
Run wmllint	wmllint 실행	wmllint を実行します	运行wmllint	term		
Run wmlscope	wmlscope 실행	wmlscope を実行します	运行wmlscope	term		
Run wmlxgettext	wmlxgettext를 실행	wmlgettext を実行します	运行wmlxgettext	term		
Rune	룬	ルーン	符文	item_name		
Runic Hammer	신비한 망치	ルーンの槌	符文锤	item_name		
Runic sword	룬검	ルーンの剣	符文剑	item_name		
Runin	루닌(Runin)	Runin	如宁	unit_name		
Russian Translation	러시아어 번역 담당	ロシア語翻訳	俄文翻译	term		
Rusty Gate	녹슨 문	錆びた門	锈门	terrain		
Rusty Gate South East	남동쪽 녹슨 문	錆びた南東の扉	东南方向的生锈的门	item_name		
Rusty Gate South West	남서쪽 녹슨 문	錆びた南西の扉	西南方向的生锈的门	item_name		
Rygar	리가르(Rygar)	Rygar	瑞格	unit_name		
Rynan	리난(Rynan)	Rynan	利南	unit_name		
Ryoko	리오코(Ryoko)	Ryoko	瑞寇	proper_noun		
Rzrrt the Dauntless	불굴의 르즈르트(Rzrrt)	恐れ知らずのRzrrt	无畏者拉兹特	unit_name		
SYNOPSIS	개요	書式	摘要	proper_noun		
Safyam	사피암(Safyam)	Safyam	萨菲亚姆	unit_name		
Sagmar	사그마르(Sagmar)	Sagmar	萨格玛	faction		원본 PO의 고유명사 문맥을 확인해 한국어 음차와 원문을 병기
Sagus	사구스(Sagus)	Sagus	萨乌斯	proper_noun		
Sailor	선원	船員	水手	unit_name		
Salennea	살레네아(Salennea)	Salennea	萨莲妮雅	person_name		
Salira	살리라(Salira)	Salira	萨利拉	unit_name		
Sammual	삼무알(Sammual)	Sammual	撒马耳	faction		원본 PO의 고유명사 문맥을 확인해 한국어 음차와 원문을 병기
Samun	사문(Samun)	Samun	萨蒙	proper_noun		
Sanctuary	성역	聖域	圣所	proper_noun		
Sanctum Guard	성소 경비병	聖域の衛兵	密室守卫	term		
Sand	모래 지대	砂地	沙地	terrain	모래	
Sand Scamperer	모래 질주자	砂走りの子供	沙地疾行者	unit_name		
Sand Scuttler	모래 질주자	砂走り	凿沙兽	unit_name		
Sands	모래	砂地	沙地	terrain		
Sapphire of Ice	얼음의 사파이어	氷のサファイア	冰之蓝宝石	item_name		
Sapphire of Ice^Leave it	그대로 두기	そのままにする	留下它	proper_noun		gettext 문맥 키(source_term의 ^ 앞부분)는 번역하지 않고, ^ 뒤의 표시 문자열만 표준 번역으로 사용
Sapphire of Ice^Take it	가져가기	持たせる	拿走它	proper_noun		gettext 문맥 키(source_term의 ^ 앞부분)는 번역하지 않고, ^ 뒤의 표시 문자열만 표준 번역으로 사용
Satras	사트라스(Satras)	Satras	塞翠斯	faction		원본 PO의 고유명사 문맥을 확인해 한국어 음차와 원문을 병기
Saurian Augur	도마뱀족 사제	トカゲの占い師	蜥蜴人占卜师	unit_name		
Saurian Oracle	도마뱀족 조언자	トカゲの神官	蜥蜴人神谕	unit_name		
Saurian Slavers	사우리안 노예장들	トカゲの奴隷使役人	蜥蜴奴隶	faction		
Saurian Soothsayer	도마뱀족 예언자	トカゲの僧侶	蜥蜴人预言者	unit_name		
Saurian Treasury	사우리안 보물 창고	トカゲ族の宝物庫	蜥蜴人金库	term		
Saurians	사우리안족	トカゲ	蜥蜴人	race_name	사우리안들; 사우리언들	
Savanna	열대 초원	サバンナ	热带草原	terrain		
Save Game	게임 저장	ゲームの保存	保存游戏	term		
Save Map	맵 저장	マップを保存	保存地图	term		
Save Replay	리플레이를 저장	リプレイを保存	保存录像	term		
Save Selection to Area	선택 영역을 구역으로 저장	選択部分を領域として保存	将选区保存到区域	term		
Save password locally (encrypted)	암호를 로컬에 저장(암호화됨)	パスワードを暗号化して保存する	在本地保存密码（明文）	term		
Save the King	국왕을 구하라	国王救出	保卫国王	campaign_name		
Save-loading	저장-로드	保存＆再開	存档-载入大法	proper_noun		
Saved	저장됨	保存完了	已保存	proper_noun		
Saved Games	저장된 게임	ゲームの保存	游戏存档	term		
Saving Inarix	이나릭스(Inarix)를 구출	Inarix を救え	援救依那利克斯	campaign_name		
Saving Parthyn	파르틴(Parthyn)을 구출	Parthyn 防衛戦	拯救帕辛	campaign_name		
Sbrak	스브라크(Sbrak)	Sbrak	斯巴克	unit_name		
Scaly the Serpent	큰 뱀 비늘이	Scaly the Serpent	海蛇斯卡利	term		
Scan subdirectories	하위 디렉토리들을 검사	サブディレクトリもスキャンする	扫描子目录	term		
Scardeep	스카르디프(Scardeep)	Scardeep	深疤	proper_noun		
Scarecrow	허수아비	案山子	稻草人	item_name		
Scenario	시나리오	シナリオ	场景	term		
Scenario 10: Brains	시나리오 10: 두뇌	シナリオ 10：脳ミソ	场景10：脑子	term		
Scenario 12: Plan B	시나리오 12: 플랜(B) B	シナリオ 12：プラン B	场景12：B计划	term		
Scenario 13: Oath of Redemption	시나리오 13: 구원의 맹세	シナリオ 13：贖罪の誓い	场景13：赎罪誓言	term		
Scenario 14: Historian	시나리오 14: 역사가	シナリオ 14：歴史家	场景14：历史学家	term		
Scenario 16: Alternate History	시나리오 16: 대체 역사	シナリオ 16：異史	场景16：平行历史	term		
Scenario 17a: Pacifist	시나리오 17a: 평화주의자	シナリオ 17a：平和主義者	场景17a：和平主义者	term		
Scenario 17b: Warmonger	시나리오 17b: 전쟁광	シナリオ 17b：戦争狂	场景17b：好战分子	term		
Scenario 1: Tactical Withdrawal	시나리오 1: 전략적 후퇴	シナリオ 1：戦術的撤退	场景1：战术撤退	term		
Scenario 2: Speedrun	시나리오 2: 속도전	シナリオ 2：迅速な逃亡	场景2：快速通关	term		
Scenario 3: Merciful	시나리오 3: 자비	シナリオ 3：慈悲深い	场景3：仁慈	term		
Scenario 4a: Scorched Earth	시나리오 4a: 초토화	シナリオ 4a：焦土	场景4a：焦土政策	term		
Scenario 4b: Mercenary	시나리오 4b: 용병	シナリオ 4b：傭兵	场景4b：雇佣兵	term		
Scenario 5: Folk Hero	시나리오 5: 민중의 영웅	シナリオ 5：民衆の英雄	场景5：民族英雄	term		
Scenario 6b: Ninja	시나리오 6b: 닌자	シナリオ 6b：忍者	场景6b：忍者	term		
Scenario 7a: Ogre Rights Advocate	시나리오 7a: 오우거(Ogre) 권리 옹호자	シナリオ 7a：オーガ権擁護者	场景7a：食人魔权利倡导者	term		
Scenario 7b: Frenzied	시나리오 7b: 광란	シナリオ 7b：狂乱	场景7b：狂乱的状况	term		
Scenario 8: And My Axe	시나리오 8: 그리고 내 도끼도	シナリオ 8：そして我が斧が	场景8：和我的斧头	term		
Scenario 99: Haw, Haw, Haw	시나리오 99: 하, 하, 하	シナリオ 99：ほう、ほう、ほう	场景99：嚯，嚯，嚯	term		
Scenario Report	시나리오 보고서	シナリオレポート	场景报告	term		
Scenario Settings	시나리오 설정	シナリオ設定	场景设置	term		
Scenarios	시나리오들	シナリオ	场景	term		
Sceptre of Fire	불의 왕홀	炎の笏	圣火权杖	item_name		
Sceptre of Fire Caves	불의 홀 동굴	炎の笏の洞窟	圣火权杖之洞穴	term		
Sceptre of Fire Mines	불의 왕홀 광산	炎の笏の鉱山	圣火权杖矿坑	term		
Schedule	일정	スケジュール	日程表	term		
Schism	분열	別行動	分裂	campaign_name		
School	학교	学校	学校	term		
Sconce	벽등	燭台	烛台	terrain		
Scorpion	전갈	サソリ	巨蝎	proper_noun		
Screenshot	스크린샷	スクリーンショット	截屏	term	스크린 샷	
Scroll Down	아래로 스크롤	下にスクロール	向下滚屏	term		
Scroll Left	왼쪽으로 스크롤	左にスクロール	向左滚屏	term		
Scroll Palette Left	팔레트를 왼쪽으로 스크롤	パレットを下にスクロール	左卷调色板	term		
Scroll Palette Right	팔레트를 오른쪽으로 스크롤	パレットを上にスクロール	右卷调色板	term		
Scroll Right	오른쪽으로 스크롤	右にスクロール	向右滚屏	term		
Scroll To	스크롤 위치	スクロール	滚屏至	term		
Scroll Up	위로 스크롤	上にスクロール	向上滚屏	term		
Scroll to Leader	지도자로 스크롤	リーダーにスクロール	滚屏至首领	term		
Scuttler	스커틀러	砂走り	凿岩者	campaign_name		
Scyla	실라(Scyla)	Scyla	希拉	proper_noun		
Scylla	스킬라(Scylla)	Scylla	塞勒	proper_noun		
Sdrul	스드룰(Sdrul)	Sdrul	斯杜尔	unit_name		
Sea Captain	선장	船長	海上船长	unit_name		
Sea Fellows	바다 동료들	海の同志	海族	faction		
Sea Orc	해양 오크	シーオーク	海洋兽人	unit_name		
Sea Serpent	해룡	シーサーペント	海蛇	unit_name		
Sealurr	세알루르(Sealurr)	Sealurr	海卢尔	proper_noun		
Seaport	항구	海港	海港	proper_noun		
Search	탐색	検索	搜索	term		
Searching for installed add-ons	설치된 부가 기능 검색 중	インストール済みアドオンを検索中	正在搜索已安装的附加组件	term		
Searching for the Runecrafter	룬 세공사를 찾기	ルーンスミスを捜せ	寻找符文师	campaign_name		
Seashells	조개껍데기	貝殻	贝壳	terrain		
Secadius	세카디우스(Secadius)	Secadius	瑟卡丢斯	faction		원본 PO의 고유명사 문맥을 확인해 한국어 음차와 원문을 병기
Second Oracle	두 번째 예언자	第二の賢人	第二先知	faction		
Second Watch	삼경	深夜	后半夜	term		
Secret	비밀	秘密	秘密	term		
Secrets of the Ancients	고대인의 비밀	古代の秘密	古人之密	campaign_name		
Seil	세일(Seil)	Seil	赛尔	proper_noun		
Seimus	세이무스(Seimus)	Seimus	西穆斯	unit_name		
Selda-Mana	셀다-마나(Selda-Mana)	Selda-Mana	希尔达-玛纳	faction		
Select	선택	選択	选择	term		
Select All	모두 선택	全て選択	全选	term		
Select Character	캐릭터를 선택하세요	キャラクター選択	选择角色	term		
Select Hex	육각 칸 선택	ヘクス選択	选择六角格	term		
Select Inverse	반전 선택	選択部分を反転	反选	term		
Select None	선택 해제	選択解除	取消选择	term		
Select Tool	선택 도구	選択ツール	选取工具	term		
Select an icon file	아이콘 파일 선택	アイコンファイルを選択します。	选择一个图标文件	term		
Select the add-on version	부가 기능 버전 선택	アドオンのバージョンを選択します	选择附加组件版本	term		
Select/Move/Attack	선택/이동/공격	選択/移動/攻撃	选择/移动/攻击	term		
Selection Tool	선택 도구	選択ツール	选取工具	term		
Semi-dry Grass	반쯤 마른 잔디	乾燥気味の草原	半干草	terrain		
Send Private Message	귓속말 보내기	プライベートメッセージを送信	发送私人消息	term		
Send to allies only	동맹만이 볼 수 있음(동맹 대화)	同盟軍にのみ送る	仅发送给盟友	term		
Send to observers only	관전자만이 볼 수 있음	観戦者にのみ送る	仅发送给观察者	term		
Senior Village Elder	마을 원로	村の大年寄	资深村庄长老	unit_name		
Seran	세란(Seran)	Seran	塞兰	proper_noun		
Serbian Translation	세르비아어 번역 담당	セルビア語翻訳	塞尔维亚文翻译	term		
Sergeant	하사관	軍曹	军士	campaign_name		
Sergeant Durstrag	두르스트라그(Durstrag) 하사	Durstrag 軍曹	德崔格军士	unit_name		
Serpents	큰 뱀들	サーペント	巨蛇	faction		
Server Executable	서버 실행 파일	サーバーのパス	服务器可执行文件	term		
Server Information	서버 정보	サーバー情報	服务器信息	term		
Server message	서버 메시지	サーバーメッセージ	服务器消息	term		
Server-side redirect loop	서버 측 리디렉션 반복	サーバー側のリダイレクトループ	服务器端重定向循环	term		
Set Label	딱지 붙이기	ラベルの設置	设置标签	term		
Set Team Label	팀 레이블 설정	チームラベルの設置	设置团队标签	term		
Set side to idle	편을 대기 상태로 설정	陣営を待機状態にする	将阵营设为空闲	term		
Settings	설정	設定	设置	term		
Settling Disputes	분쟁의 수습	調停	解决争端	campaign_name		
Sewer of Southbay	남만국(Southbay) 하수도	Southbayの下水道	南湾下水道	campaign_name		
Shadow	그림자 악령	シャドウ	暗影	unit_name		
Shadow Jumping Spider	그림자 점프 거미	影の跳び蜘蛛	影跳蛛	unit_name		
Shadow Lord	그림자 군주	影の貴族	暗影领主	unit_name		
Shadow Mage	그림자 마법사	影の魔術師	暗影法师	unit_name		
Shadows in the Dark	어둠 속의 그림자들	闇にうごめく影	黑暗中的影子	campaign_name		
Shallow Water	얕은 물	浅瀬	浅水	terrain		
Shallow water	얕은 물	浅瀬	浅水	term		
Shaman	주술사	not found	not found	unit_role	샤먼	
Shan Taum	샨 타움(Shan Taum)	Shan Taum	闪·陶姆	unit_name		
Shan Taum the Smug	교만한 자 샨 타움(Shan Taum)	気取り屋 Shan Taum	自以为是的闪·陶姆	campaign_name		
Sharpspikes	날카로운 가시들(Sharpspikes)	Sharpspikes	尖棘	proper_noun		
Shaun	샤운	ショーン	肖恩	proper_noun		
Shea	쉐아(Shea)	Shea	舒伊	proper_noun		
Shelter	대피소	シェルター	庇护所	proper_noun		
Shhar	쉬하르(Shhar)	Shhar	沙哈	faction		원본 PO의 고유명사 문맥을 확인해 한국어 음차와 원문을 병기
Shield of Ana’sar	아나사르(Ana’sar)의 방패	Ana’sar の楯	安娜莎之盾	faction		
Shield of the Sentinel	파수꾼의 방패	衛士の盾	哨兵之盾	item_name		
Shinyscales	반짝이는 비늘들(Shinyscales)	Shinyscales	闪鳞	proper_noun		
Ship	배	船	船	terrain		
Ship Forecastle	선수루	船首楼	前甲板	terrain		
Ship Hull	선체	船体	船体	terrain		
Ship Lower Deck	하갑판	船の下部デッキ	下层甲板	terrain		
Ship Lower Deck Edge	하갑판 가장자리	船の下部デッキの端	下层甲板边缘	terrain		
Ship Main Deck	주갑판	船のメインデッキ	主甲板	terrain		
Ship Pieces	선박 조각	船の部品	船的碎片	terrain		
Ship Poop Deck	선미 갑판	船尾楼	尾楼甲板	terrain		
Ship Railing	선박 난간	船の手摺り	扶手	terrain		
Ship Rigging and Sails	선박의 삭구와 돛	船の索具装置と帆	船索和船帆	terrain		
Shipwreck	난파선	難破船	残骸	item_name		
Ship’s Crew	선원	乗組員	船员	faction		
Shire	마을	領土	郡	proper_noun		
Shock Trooper	강습 부대	破砕兵	震慑步兵	unit_name		
Shodrano	소드라노(Shodrano)	Shodrano	朔德拉诺	unit_name		
Shorbear caves	쇼어베어(Shorbear) 동굴	Shorbear の洞窟	矮熊洞穴	term		
Shore	해변	岸辺	岸边	proper_noun		
Show Advantage	우위를 표시	優位性を表示	显示优势	term		
Show Credits	만든 이들 보기	クレジットの表示	显示制作者名单	term		
Show Helptip	도움말 표시	ヘルプチップの表示	显示帮助提示	term		
Show Labels	라벨 표시	ラベルを表示する	显示标签	term		
Show Lua Console	Lua 콘솔 표시	Luaコンソールの表示	显示Lua控制台	term		
Show Sails and Rigging	돛과 삭구 표시	帆と索具の表示	显示船帆和船索	term		
Show Tool Information	도구 정보 표시	ツール情報を表示	显示工具信息	term		
Show all	모두 표시	全てを表示	显示所有	term		
Show ally orb	아군 구슬 표시	同盟軍のユニットに宝珠を表示	显示友军状态球	term		
Show changes	변경 사항을 표시	変化を表示	显示更改	term		
Show combat	전투 장면을 표시	戦闘を表示する	显示战斗	term		
Show enemy orb	적군 구슬 표시	敵ユニットに宝珠を表示	显示敌军状态球	term		
Show in-progress or abandoned translations	진행 중이거나 중단된 번역 표시	進行中または放置されている翻訳を表示する	显示正在进行或弃用的翻译	term		
Show moved orb	이동한 유닛 구슬 표시	移動済みユニットに宝珠を表示	显示“已移动”状态球	term		
Show or Hide Labels	라벨 표시 또는 숨기기	ラベルの表示・非表示	显示或隐藏标签	term		
Show partially moved orb	일부 이동한 유닛 구슬 표시	移動途中のユニットに宝珠を表示	显示“已部分移动”状态球	term		
Show progress	진행 상황을 표시	進行状況を表示する	显示进度	term		
Show replay	리플레이 표시	リプレイを見る	显示录像	term		
Show unmoved orb	이동하지 않은 유닛 구슬 표시	移動前のユニットに宝珠を表示	显示“尚未移动”状态球	term		
Show/Hide Labels	라벨 표시/숨기기	ラベルの表示・非表示	显示/隐藏标签	term		
Showdown	최후의 대결	決着	决战	campaign_name		
Shrine	성소	神殿	神殿	proper_noun		
Shroud	장막	幕	战场黑幕	terrain		
Shubru	슈브루(Shubru)	Shubru	舒布鲁	faction		
Shuffle Sides	진영 섞기	陣営をシャッフル	阵营洗牌	term		
Shurd	슈르드(Shurd)	Shurd	术德	faction		원본 PO의 고유명사 문맥을 확인해 한국어 음차와 원문을 병기
Shurm	슈름(Shurm)	Shurm	沙门	faction		원본 PO의 고유명사 문맥을 확인해 한국어 음차와 원문을 병기
Shussek	슈세크(Shussek)	Shussek	舒塞克	person_name		
Shuuga-Mool	슈우가-물(Shuuga-Mool)	Shuuga-Mool	舒加-莫尔	faction		원본 PO의 고유명사 문맥을 확인해 한국어 음차와 원문을 병기
Shynal	쉬날(Shynal)	Shynal	赛娜尔	proper_noun		
Siddry	싯드리(Siddry)	Siddry	希德利	unit_name		
Side	진영	陣営	阵营	term		
Side Setup	진영 설정	陣営設定	阵营设置	term		
Siege of Laurelmor	로렐모르 포위전	Siege of Laurelmor	劳雷尔莫围城	music_title		
Sign Up	가입	登録	注册	term		
Signal	신호	信号	信号	term		
Signpost	표지판	道標	路标	item_name		
Silent Forest	침묵의 숲	静寂の森	寂静森林	campaign_name		
Silvan Sanctuary	실반 보호구역	Silvan Sanctuary	林中庇护所	music_title		
Silver Mage	은색 마법사	銀魔術師	银袍法师	unit_name		
Silver Ring	은 반지	銀の指輪	银色戒指	item_name		
Simclon	심클론(Simclon)	Simclon	西姆克隆	unit_name		
Simyr	시미르(Simyr)	Simyr	西米尔	unit_name		
Singe	그을림(Singe)	Singe	辛格	unit_name		
Singing Spring	노래하는 봄	歌う泉	歌唱之泉	campaign_name		
Single Hex	단일 칸	1ヘクス	单格	term		
Single Tile	단일 타일	シングルヘクスブラシ	单个图块	term		
Singleplayer Campaigns	싱글플레이 캠페인	１人用キャンペーン	单人战役	term		
Sir Alric	알릭(Alric) 경	Alric 卿	埃里克爵士	faction		
Sir Cadaeus	카다에우스(Cadaeus) 경	Cadaeus 卿	卡达艾乌斯爵士	unit_name		
Sir Daryn	다린(Daryn) 경	Daryn 卿	达林爵士	faction		
Sir Efran	에프란(Efran) 경	Efran 卿	埃弗兰爵士	person_name		
Sir Efran’s Castle	에프란(Efran) 경의 성	Efran 卿の城	埃弗兰爵士的城堡	place_name		
Sir Gerrick	게르릭(Gerrick) 경	Gerrick 卿	格里克爵士	unit_name		
Sir Gwydion	그위디온(Gwydion) 경	Gwydion 卿	格威迪恩爵士	unit_name		
Sir Kalm	칼름(Kalm) 경	Kalm 卿	卡尔姆爵士	faction		
Sir Kaylan	케일런(Kaylan) 경	Kaylan 卿	凯兰爵士	faction		
Sir Ladoc	라도크(Ladoc) 경	Ladoc 卿	拉德克爵士	unit_name		
Sir Ruddry	루드리(Ruddry) 경	Ruddry 卿	拉德瑞爵士	unit_name		
Sir Ruga	루가(Ruga) 경	Ruga 卿	鲁加爵士	faction		
Sir Seoraery	세오레이리(Seoraery) 경	Seoraery 卿	西奥雷里爵士	person_name		
Sir Seoraery’s Keep	세오레이리(Seoraery) 경의 본영	Seoraery 卿の野営地	西奥雷里爵士的城堡主楼	place_name		
Sisal	시잘(Sisal)	Sisal	茜萨尔	unit_name		
Sister Thera	테라(Thera) 수녀	シスター Thera	席拉修女	term		
Site	장소	拠点	站点	term		
Sithrak	시트라크(Sithrak)	Sithrak	西斯拉克	proper_noun		
Skeletal Corpse	해골 시체	歩く骨	骷髅僵尸	unit_name		
Skeletal Dragon	뼈만 남은 드래곤(Dragon)	スケルトンドラゴン	骸骨龙	unit_name		
Skeletal Soulless	해골 무영혼	さまよえる骨	骷髅无魂怪	unit_name		
Skeleton	해골 전사	スケルトン	骷髅战士	unit_name		
Skeleton Archer	해골 궁사	スケルトンアーチャー	骷髅弓箭手	unit_name		
Skip	건너뛰기	スキップ	跳过	term		
Skip AI moves	AI 움직임 생략	AI 移動スキップ	略过AI移动	term		
Skip Animation	애니메이션 생략	アニメーションをスキップ（リプレイ）	跳过动画	term		
Skip animation	애니메이션 생략	アニメーションを省略	跳过动画	term		
Skip core directory	핵심 디렉토리를 건너뛰기	core ディレクトリをスキップする	跳过核心目录	term		
Skirmish	소규모 전투	小競り合い	小规模战斗	campaign_name		
Skirmisher	척후병	散兵	散兵	proper_noun		
Skoogal	스코오갈(Skoogal)	Skoogal	斯科加尔	proper_noun		
Skulrag	스쿨라그(Skulrag)	Skulrag	斯库尔拉加	proper_noun		
Sky Drake	하늘의 반룡	飛行ドレーク	天空龙战士	unit_name		
Slab	돌판	石板	石板路面	item_name		
Slavers	노예 관리자들	奴隷たち	奴隶主	campaign_name		
Sleeping Gryphon	자고 있는 그리폰(Gryphon)	睡眠中のグリフォン	沉睡狮鹫	unit_name		
Slimysuckers	끈적한 빨판들(Slimysuckers)	Slimysuckers	粘液吸盘怪	proper_noun		
Slipping Away	빠져나가기	逃走	溜之大吉	campaign_name		
Slovak Translation	슬로바키아어 번역 담당	スロバキア語翻訳	斯洛伐克文翻译	term		
Slovenian Translation	슬로베니아어 번역 담당	スロベニア語翻訳	斯洛文尼亚文翻译	term		
Slow	둔화	鈍重	减速/缓慢	term		
Slowed penalty	둔화 페널티	遅化によるペナルティ	减速惩罚	term		
Slowhand	느린손(Slowhand)	Slowhand	史洛汉德	faction		원본 PO의 고유명사 문맥을 확인해 한국어 음차와 원문을 병기
Smalg	스말그(Smalg)	Smalg	斯马尔	proper_noun		
Small Axe	작은도끼	小さな斧	小斧	item_name		
Small Mudcrawler	작은 질퍽이	小さな泥蟲	小型黏土怪	unit_name		
Small Mushrooms	작은 버섯	小さなキノコ	小蘑菇	terrain		
Smash Cave Floor	동굴 벽을 부순다	洞窟の床を砕く	打碎洞穴地面	term		
Smidge	아주 조금(Smidge)	Smidge	斯米吉	proper_noun		
Snagakhan	스나가칸(Snagakhan)	Snagakhan	史纳格肯	proper_noun		
Snow	눈	雪原	雪地	terrain		
Snow Hills	눈밭 언덕	雪の丘	雪丘	terrain		
Snow Plains	설원	雪原	覆雪平原	campaign_name		
Snowbits	눈 조각	雪の欠片	雪点	terrain		
Snowfall	강설	雪	降雪	proper_noun		
Snowy Cottage	눈덮인 오두막	雪のコテージ	雪中小农舍	terrain		
Snowy Deciduous Forest	눈 쌓인 낙엽수림	雪の落葉樹林	雪地落叶林	terrain		
Snowy Drake Village	눈 덮인 드레이크 마을	雪のドレークの村	雪中龙人村庄	terrain		
Snowy Elven Village	눈 덮인 엘프 마을	雪のエルフの村	雪中精灵村庄	terrain		
Snowy Encampment	눈덮인 기지	雪の野営地	雪中营地	terrain		
Snowy Encampment Keep	눈덮인 기지 본영	雪の野営地の主塔	雪中营地主楼	terrain		
Snowy Great Tree	눈 덮인 거목	雪積もる大木	覆雪参天树	terrain		
Snowy Hill Stone Village	눈 덮인 언덕 돌 마을	雪の丘の石造りの村	雪中山石村庄	terrain		
Snowy Human Castle	눈덮인 인간 성채	雪の人間の城	雪中人类城堡	terrain		
Snowy Human Castle Keep	눈덮인 인간 성채 본영	雪の人間の城の主塔	雪中人类城堡主楼	terrain		
Snowy Human City	눈 덮인 인간 도시	雪の人間の都市	雪中人类城市	terrain		
Snowy Hut	눈 덮인 오두막	雪の小屋	雪中小屋	terrain		
Snowy Impassable Mountains	눈 덮인 통과 불가 산맥	雪の通れない山	雪中的高不可攀的山岭	terrain		
Snowy Log Cabin	눈 덮인 통나무집	雪の丸太小屋	雪中小木屋	terrain		
Snowy Mixed Forest	눈 쌓인 혼합수림	雪の混交林	雪地混交林	terrain		
Snowy Mountains	눈 쌓인 산맥	雪山	雪中山岭	terrain		
Snowy Orcish Castle	눈 덮인 오크 성	雪のオークの城	雪中兽人城堡	terrain		
Snowy Orcish Keep	눈 덮인 오크 본영	雪のオークの主塔	雪中兽人主楼	terrain		
Snowy Orcish Village	눈 덮인 오크 마을	雪のオークの村	雪中兽人村庄	terrain		
Snowy Pine Forest	눈 덮인 솔숲	雪の松林	雪松林	terrain		
Snowy Stone Bridge	눈 덮인 돌다리	雪の石橋	雪中石桥	terrain		
SoF	SoF	SoF	SoF	campaign_name		
Soldier	병사	戦士	士兵	campaign_name		
Soldier King	병사 왕	戦う王	士兵之王	unit_name		
Son of the Black-Eye	검은 눈의 아들	黒眼の子	黑眼之子	campaign_name		
Soradoc	소라도크(Soradoc)	Soradoc	索拉多克	campaign_name		
Sorcerer	마술사	not found	not found	unit_role		
Sorcery	마술	not found	not found	magic		
Sorrek, Chosen of Death	죽음이 선택한 소렉(Sorrek)	死に選ばれしSorrek	索里克，死之神选	unit_name		
SotA	고대인(SotA)	SotA	SotA	campaign_name		
SotBE	검은눈(SotBE)	SotBE	SotBE	campaign_name		
Soul of Malin Keshar	말린 케샤르(Malin Keshar)의 영혼	Malin Keshar の魂	马林·凯沙的灵魂	unit_name		
Soulless	혼이 없는 자	さまよえる死体	无魂怪	unit_name		
Sound	소리	サウンド	声音	term		
Sound Effects	효과음 담당	サウンドエフェクト	音效	term		
Sound effects	음향 효과	効果音	音效	term		
South	남쪽	南	南	term		
South Bastion	남쪽 보루	南の稜堡	南方堡垒	place_name		
South East	남동쪽	南東	东南	term		
South Guard	남부 경비대	南部防衛隊	南疆卫队	faction		
South West	남서쪽	南西	西南	term		
Southbay	남만국(Southbay)	Southbay	南湾	faction	남안국	
Southbay in Winter	남만국(Southbay)의 겨울	冬のSouthbay	南湾之冬	campaign_name		
Southeast	남동쪽	南東軍	东南	faction		
Southwest	남서쪽	南西軍	西南	faction		
Southwest Elven Lands	남서쪽 엘프 영토	南西のエルフ王国（Southwest Elven Lands）	西南精灵领地	place_name		
Southwind Wood	마파람(Southwind) 숲	南風の森	南风树林	place_name		
Spahr	스파흐르(Spahr)	Spahr	施帕尔	faction		원본 PO의 고유명사 문맥을 확인해 한국어 음차와 원문을 병기
Spanish Translation	스페인어 번역 담당	スペイン語翻訳	西班牙文翻译	term		
Speak	말하기	チャット	说话	term		
Speak to All	모두에게	全員とチャット	向所有人说话	term		
Speak to Ally	동맹에게만	同盟軍とチャット	向盟友说话	term		
Speaking with the Fishes	바다 민족과의 대화	海の民との会談	对鱼谈话	campaign_name		
Spearman	창병	槍兵	矛兵	campaign_name		
Special	특수능력	特殊	特攻	term		
Special Guest Designer	특별 손님 설계자	スペシャルゲストデザイナー	特邀设计师	term		
Special Overlay	특수 오버레이	ユニットに特別なマークを与える/外す	特殊覆盖层	term		
Spectators	관중들	観衆	观战者	faction		
Spectral Servant	유령 하인	幽霊従者	幽灵仆人	term		
Spectre	사령	スペクター	幽鬼	unit_name		
Speeding Up Animations	애니메이션 속도 향상	アニメーションのスピードアップ	加速动画	term		
Spider	거미	蜘蛛	蜘蛛	term		
Spider Lich	거미 시체군주	クモのリッチ	蜘蛛巫妖	unit_name		
Spiders	거미	クモ	蜘蛛	faction		
Spiderweb	거미줄	蜘蛛の巣	蜘蛛网	terrain		
Spiritual Advisor	영적 조언자	相談役のシャーマン	圣言者	unit_name		
Spoils of War	전쟁의 전리품	戦利品	战利品	campaign_name		
Spring of Reprisal	복수의 봄	報復の春	报复之春	campaign_name		
Squiddy	징어징어(Squiddy)	Squiddy	史奎迪	unit_name		
Squidville	오징어 마을	イカの村	乌贼村	campaign_name		
Ssirk	씨르크(Ssirk)	Ssirk	瑟克	faction		원본 PO의 고유명사 문맥을 확인해 한국어 음차와 원문을 병기
Stables	마구간	馬小屋	马厩	proper_noun		
Staff	지팡이	杖	手杖	item_name		
Staff of Lightning	번개의 지팡이	雷の杖	闪电法杖	item_name		
Staff of Swiftness	신속의 지팡이	俊敏の杖	迅捷之杖	item_name		
Staff of radiance	빛의 지팡이	光輝の杖	光芒之杖	item_name		
Stalrag	스탈라그(Stalrag)	Stalrag	斯托莱格	unit_name		
Stamina Training	체력 훈련	スタミナ強化の訓練	持久力训练	term		
Stanis	스타니스(Stanis)	Stanis	斯塔尼	unit_name		
Start	시작	スタート	开始	term		
Start Campaign	캠페인 시작하기	キャンペーンの開始	开始战役	term		
Start Editor	편집기 시작	エディタの起動	启动编辑器	term		
Start Multiplayer Game	멀티플레이 시작하기	マルチプレイヤーゲームの開始	开始多人游戏	term		
Start the map editor	지도 편집기 시작	マップエディタを起動します	启动地图编辑器	term		
Starting Locations Tool	시작 위치 도구	開始地点ツール	起始位置工具	term		
Starting Positions Tool	시작 위치 도구	開始地点ツール	起始位置工具	term		
Starting game	게임 시작 중	ゲーム開始	正在开始游戏	term		
Statistics	통계	統計情報	统计	term		
Statue	조각상	像	雕像	faction		
Statue of Lhun-dup	룬둡(Lhun-dup)의 조각상	Lhun-dup の像	夯-达之像	faction		
Statue of Lo-bsang	롭상(Lo-bsang)의 조각상	Lo-bsang の像	罗-桑之像	faction		
Statue of Ri-nzen	린젠(Ri-nzen)의 조각상	Ri-nzen の像	理-曾之像	faction		
Statue of Sulla	술라(Sulla)의 조각상	Sulla の像	苏拉之像	faction		
Statue of Ten-zin	텐진(Ten-zin)의 조각상	Ten-zin の像	坦-辛之像	faction		
Status	상태	ステータス	状态	term		
Status Table	상태 표	ステータステーブル	状态表	term		
Steadfast	견고함	装甲	坚定	proper_noun		
Steam	Steam	Steam	Steam	proper_noun		
Steelclad	강철갑옷	装甲兵	铁甲兵	campaign_name		
Step operation	한 단계 실행	ステップオペレーション	步进操作	term		
Step out	현재 함수에서 나가기	ステップアウト	步出	term		
Still Another Wanderer	또 다른 방랑자	Still Another Wanderer	又一位彷徨者	music_title		
Stinkinink	냄새나는 먹물(Stinkinink)	Stinkinink	臭墨怪	proper_noun		
Stock up supplies	물자 비축	物資を蓄える	囤积物资	term		
Stolen Gold	빼앗긴 금화	盗られた資金	金币失窃	campaign_name		
Stone Chasm Bridge	돌 낭떠러지 다리	裂け目の石橋	石头裂隙上的桥	terrain		
Stone Floor	돌바닥	石の床	石地板	terrain		
Stone Tablet	석판	石の銘板	石板	item_name		
Stone Wall	돌 벽	石壁	石墙	terrain		
Stones	돌	石	石头	terrain		
Stones with Sand Drifts	모래가 쌓인 돌	漂砂と石	积沙岩石	terrain		
Stop	정지	停止	停止播放	term		
Stop Game	게임 중지	ゲームを停止	停止游戏	term		
Stop Replay	리플레이 중단	リプレイの停止	停止播放录像	term		
Storm Trident	폭풍의 삼지창	ストームトライデント	风暴三叉戟	item_name		
Storm Wisp	폭풍 위습(Wisp)	嵐の精霊	风暴幽魂	unit_name		
Stormbringer	폭풍의 선도자	ストームブリンガー	风暴使者	item_name		
Stormvale	폭풍 골짜기(Stormvale)	Stormvale	风暴谷	faction	폭풍곡 사람들	
Straight Mine Wall	직선 광산 벽	まっすぐな鉱山の壁	矿中直墙	terrain		
Straight White Wall	곧은 흰 벽	まっすぐな白い壁	白色直墙	terrain		
Strange Allies	이상한 동맹	珍しい味方	古怪盟友	campaign_name		
Strange Creatures	이상한 생명체들	奇妙な生き物	奇异生物	faction		
Strategy and Tips	전략 및 요령	戦略とヒント	战略与技巧	term		
Strength Training	힘 훈련	強化訓練	力量训练	term		
Strict Synchronization	엄격한 동기화	厳格な同期チェック	严格同步	term		
Stricter checks for out-of-sync errors	동기화(out-of-sync) 오류를 더 엄격하게 검사	out-of-sync（同期失敗）エラーを厳格にチェックします	对失步错误进行更严格的检测	term		
Strikes	공격력	攻撃回数	打击次数	proper_noun		
Strong	강함	強力	强壮	proper_noun		
Strong Shots	강한 사격	強力な放弓	强力射击	term		
Strong Strikes	강력한 공격	Strong Strikes	强力打击	term		
Stronger Grip	더 강한 악력	握力の強化	更强的控制力	term		
Study Complete	연구 완료	研究完了	研究完成	term		
Study Guard	서재 경비병	書斎の番人	书房守卫	proper_noun		
Stymphalian	스팀팔리아	ステュムパーリデス	斯廷法洛斯湖怪鸟	unit_name		
Submerge	잠수	潜水	潜水	proper_noun		
Success	성공	成功	成功	term		
Sulfurous	황산	硫黄谷	硫磺	proper_noun		
Sultaria	술타리아(Sultaria)	Sultaria	索特瑞	unit_name		
Summer	여름	夏	夏季	term		
Summer Deciduous Forest	여름 낙엽수림	夏の落葉樹林	夏季落叶林	terrain		
Summer Mixed Forest	여름 혼합수림	夏の混交林	夏季混交林	terrain		
Summon the Bat (20 gold)	박쥐 소환 (금화 20)	コウモリを呼び出す（20 ゴールド）	召唤蝙蝠（20金币）	term		
Summoner	소환사	召喚者	召魂师	campaign_name		
Summoning Center	소환 중심점	召喚陣の中央	召唤阵中心	item_name		
Summoning Circle	소환진	召喚陣	召唤阵圆环	item_name		
Sunken Human Castle Keep	가라앉은 인간 성채 본영	水没した人間の荒城の主塔	沉陷的人类城堡主楼	terrain		
Sunken Human Ruin	수중 인간 건물 잔해	水没した人間の荒城	沉陷的人类废墟	terrain		
Support	지원	維持費	供给	term		
Surrender	항복	降参	投降	term		
Surrender & Quit	항복 및 종료	負けを認めて退出する	投降并退出	term		
Surrender Game	게임 항복	ゲームの負けを認める	投降	term		
Survival	생존	サバイバル	生存	term		
Survive the orcish assault	오크의 공격에서 살아남으세요	オークの攻撃を乗り切る	活过兽人的袭击	term		
Survive the undead assault	언데드의 공격에서 살아남으세요	アンデッドの攻撃を生き延びる	活过亡灵袭击	term		
Survive until end of turns	턴이 끝날 때까지 생존하기	ターンが尽きるまで生き残る	生存至回合耗尽	term		
Survivors	생존자	生存者	幸存者	faction		
Sushi	수쉬(Sushi)	Sushi	寿司	unit_name		
Suspense	긴장감(Suspense)	Suspense	焦虑	music_title		
Swamp	늪지대	沼地	沼泽	terrain		
Swamp Human Castle Keep	늪지대의 인간 성채 본영	沼地の人間の荒城の主塔	沼泽中的人类城堡主楼	terrain		
Swamp Human Ruin	늪지대의 인간 건물 잔해	沼地の人間の荒城	沼泽中的人类废墟	terrain		
Swamp Lizard	늪 도마뱀	沼トカゲ	沼泽蜥蜴	unit_name		
Swamp Of Dread	공포의 늪	恐怖の沼地	恐惧沼泽	campaign_name		
Swamp Village	늪지대 마을	沼地の村	沼泽村庄	terrain		
Swamp Water Reed	늪 갈대	葦の沼地	沼泽芦苇	terrain		
Swap Foreground/Background Palette Item	전경/배경 팔레트 항목 교체	パレットのメイン/サブの切り替え	交换前景/背景调色板物品	term		
Swarm	무리	群れ	群击	proper_noun		
Swedish Translation	스웨덴어 번역 담당	スウェーデン語翻訳	瑞典文翻译	term		
Swiftness	신속	迅速	敏捷	proper_noun		
Swimming Corpse	헤엄치는 시체	泳ぐ死体	水行僵尸	unit_name		
Switch Map	지도 전환	マップを切り替える	切换地图	term		
Switch Time of Day	시간대 전환	時刻帯を切り替える	切换时段	term		
Sword Dance	칼춤	剣の舞	剑舞	term		
Sword of Aethyr	애띠르(Aethyr)의 칼	Sword of Aethyr	艾瑟之剑	faction		
Swordsman	장검병	剣士	剑士	campaign_name	스워드맨	
Swordsmanship Training	검술 훈련	剣術の訓練	剑术训练	term		
Sylph bow	실프 활	シルフの弓	风仙子弓	item_name		
Syner	시너(Syner)	Syner	西纳	proper_noun		
Syrillin	시릴린(Syrillin)	Syrillin	希里林	proper_noun		
Syryn	시린(Syryn)	Syryn	希林	unit_name		
System default language	시스템 기본 언어	システムのデフォルト言語	系统默认语言	term		
Sythan	시탄(Sythan)	Sythan	西丹	campaign_name		
Szerkz	스제르크스(Szerkz)	Szerkz	斯扎克斯	faction		원본 PO의 고유명사 문맥을 확인해 한국어 음차와 원문을 병기
THoT	망치(THoT)	THoT	THoT	campaign_name		
TRoW	성립(TRoW)	TRoW	TRoW	campaign_name		
TSG	남부(TSG)	南部防衛隊	TSG	campaign_name		
Tabomo	타보모(Tabomo)	Tabomo	塔波摩	unit_name		
Tackle Shop	낚시 도구점	道具屋	渔具店	term		
Tafrul	타프룰(Tafrul)	Tafrul	塔弗尔	faction		원본 PO의 고유명사 문맥을 확인해 한국어 음차와 원문을 병기
Tairach	타이라크(Tairach)	Tairach	泰拉奇	faction		원본 PO의 고유명사 문맥을 확인해 한국어 음차와 원문을 병기
Taken	받은 피해	被	受到的伤害	proper_noun		
Talael Ryndoc	탈라엘 린독	Talael Ryndoc	塔拉埃尔•林多克	faction		
Talchar	탈차르(Talchar)	Talchar	塔尔查	proper_noun		
Taliu	탈리우(Taliu)	Taliu	泰柳	person_name		
Talking to Tyegëa	티에게아(Tyegëa)와 대화	Tyegëa との会話	和泰歌雅交谈	campaign_name		
Talking with Trolls	트롤족과 대화	トロルとの対話	对话巨魔	campaign_name		
Tall Encampment Keep	높은 야영지 본영	野営地の高主塔	高耸的营地主楼	terrain		
Tallin	탈린(Tallin)	Tallin	塔林	faction		원본 PO의 고유명사 문맥을 확인해 한국어 음차와 원문을 병기
Talodulborentan	탈로둘보렌탄(Talodulborentan)	Talodulborentan	塔尔多博伦坦	faction		원본 PO의 고유명사 문맥을 확인해 한국어 음차와 원문을 병기
Tameril-Isimeril	타메릴-이시메릴(Tameril-Isimeril)	Tameril-Isimeril	塔门瑞尔-艾斯门瑞尔	proper_noun		
Tamitahan	타미타한(Tamitahan)	Tamitahan	塔米塔汗	faction		원본 PO의 고유명사 문맥을 확인해 한국어 음차와 원문을 병기
Tan-Bok	탄-보크(Tan-Bok)	Tan-Bok	坦-布克	faction		원본 PO의 고유명사 문맥을 확인해 한국어 음차와 원문을 병기
Tan-Burg	탄-부르그(Tan-Burg)	Tan-Burg	坦-布格	faction		원본 PO의 고유명사 문맥을 확인해 한국어 음차와 원문을 병기
Tan-Drur	탄-드루르(Tan-Drur)	Tan-Drur	坦-德鲁	unit_name		
Tan-Durr	탄-두르(Tan-Durr)	Tan-Durr	坦-杜尔	faction		원본 PO의 고유명사 문맥을 확인해 한국어 음차와 원문을 병기
Tan-Erang	탄-에란그(Tan-Erang)	Tan-Erang	坦-艾朗	faction		원본 PO의 고유명사 문맥을 확인해 한국어 음차와 원문을 병기
Tan-Erinak	탄-에리나크(Tan-Erinak)	Tan-Erinak	坦-埃瑞尼克	faction		원본 PO의 고유명사 문맥을 확인해 한국어 음차와 원문을 병기
Tan-Erirt	탄-에리르트(Tan-Erirt)	Tan-Erirt	坦-伊勒特	faction		원본 PO의 고유명사 문맥을 확인해 한국어 음차와 원문을 병기
Tan-Gagar	탄-가가르(Tan-Gagar)	Tan-Gagar	坦-伽格	faction		원본 PO의 고유명사 문맥을 확인해 한국어 음차와 원문을 병기
Tan-Garukh	탄-가루크흐(Tan-Garukh)	Tan-Garukh	坦-嘎鲁卡	faction		원본 PO의 고유명사 문맥을 확인해 한국어 음차와 원문을 병기
Tan-Gralg	탄-그랄그(Tan-Gralg)	Tan-Gralg	坦-格劳格	faction		원본 PO의 고유명사 문맥을 확인해 한국어 음차와 원문을 병기
Tan-Grub	탄-그루브(Tan-Grub)	Tan-Grub	坦-格鲁布	unit_name		
Tan-Gulo	탄-굴(Tan-Gulo)	Tan-Gulo	坦-古洛	faction		원본 PO의 고유명사 문맥을 확인해 한국어 음차와 원문을 병기
Tan-Halg	탄-할그(Tan-Halg)	Tan-Halg	坦-霍格	faction		원본 PO의 고유명사 문맥을 확인해 한국어 음차와 원문을 병기
Tan-Harak	탄-하라크(Tan-Harak)	Tan-Harak	坦-哈瑞克	faction		원본 PO의 고유명사 문맥을 확인해 한국어 음차와 원문을 병기
Tan-Hogar	탄-호가르(Tan-Hogar)	Tan-Hogar	坦-哈格	faction		원본 PO의 고유명사 문맥을 확인해 한국어 음차와 원문을 병기
Tan-Hork	탄-호르크(Tan-Hork)	Tan-Hork	坦-霍克	faction		원본 PO의 고유명사 문맥을 확인해 한국어 음차와 원문을 병기
Tan-Morgh	탄-모르그흐(Tan-Morgh)	Tan-Morgh	坦-莫嘎	faction		원본 PO의 고유명사 문맥을 확인해 한국어 음차와 원문을 병기
Tan-NauVong	탄-나우봉(Tan-NauVong)	Tan-NauVong	坦-那望	faction		원본 PO의 고유명사 문맥을 확인해 한국어 음차와 원문을 병기
Tan-Prodash	탄-프로다쉬(Tan-Prodash)	Tan-Prodash	坦-普若丹什	faction		원본 PO의 고유명사 문맥을 확인해 한국어 음차와 원문을 병기
Tan-Pulk	탄-풀크(Tan-Pulk)	Tan-Pulk	坦-普克	faction		원본 PO의 고유명사 문맥을 확인해 한국어 음차와 원문을 병기
Tan-Rarbag	탄-라르바그(Tan-Rarbag)	Tan-Rarbag	坦-拉贝格	faction		원본 PO의 고유명사 문맥을 확인해 한국어 음차와 원문을 병기
Tan-Rinak	탄-리나크(Tan-Rinak)	Tan-Rinak	坦-利纳克	faction		원본 PO의 고유명사 문맥을 확인해 한국어 음차와 원문을 병기
Tan-Rugar	탄-루가르(Tan-Rugar)	Tan-Rugar	坦-如格	faction		원본 PO의 고유명사 문맥을 확인해 한국어 음차와 원문을 병기
Tan-Schmog	탄-슈모그(Tan-Schmog)	Tan-Schmog	坦-奇莫格	faction		원본 PO의 고유명사 문맥을 확인해 한국어 음차와 원문을 병기
Tan-Vragar	탄-브라가르(Tan-Vragar)	Tan-Vragar	坦-弗拉格	faction		원본 PO의 고유명사 문맥을 확인해 한국어 음차와 원문을 병기
Tan-Vragish	탄-브라기쉬(Tan-Vragish)	Tan-Vragish	坦-弗拉诡石	faction		원본 PO의 고유명사 문맥을 확인해 한국어 음차와 원문을 병기
Tan-Vrodis	탄-브로디스(Tan-Vrodis)	Tan-Vrodis	坦-福罗迪斯	faction		원본 PO의 고유명사 문맥을 확인해 한국어 음차와 원문을 병기
Tan-Wagran	탄-와그란(Tan-Wagran)	Tan-Wagran	坦-瓦格朗	faction		원본 PO의 고유명사 문맥을 확인해 한국어 음차와 원문을 병기
Tan-drul	탄-드룰(Tan-drul)	Tan-drul	坦-德鲁尔	person_name		
Tanstafaal	탄스타파알(Tanstafaal)	Tanstafaal	坦斯特福	unit_name		
Tapok	타포크(Tapok)	Tapok	塔波克	proper_noun		
Tarcyn	타르신(Tarcyn)	Tarcyn	塔辛	unit_name		
Tarek	타렉(Tarek)	Tarek	塔里克	proper_noun	Tarek	
Tarwen	타르웬(Tarwen)	Tarwen	塔文	faction		원본 PO의 고유명사 문맥을 확인해 한국어 음차와 원문을 병기
Taunt	조롱	嘲笑	嘲讽	proper_noun		
Tauroch	타우록	牛	陶洛	unit_name		
Tauroch Flagbearer	타우록 깃발을 든 사람	旗手牛騎兵	陶洛旗手	unit_name		
Tauroch Protector	중갑 타우록 기수	重装牛騎兵	陶洛守护者	unit_name		
Tauroch Rider	타우록 기병	牛騎兵	陶洛骑手	unit_name		
Tauroch Stalwart	힘센 타우록 기수	屈強牛騎兵	陶洛坚守者	unit_name		
Tauroch Vanguard	선봉대 타우록 기수	先駆牛騎兵	陶洛先锋	unit_name		
Taxtrimon	탁스트리몬(Taxtrimon)	Taxtrimon	塔克斯崔蒙	unit_name		
Taylor	테일러(Taylor)	Taylor	泰勒	faction		원본 PO의 고유명사 문맥을 확인해 한국어 음차와 원문을 병기
Teal	청록색	青緑	青	proper_noun		
Team	편	チーム	团队	term		
Team Labels	팀 라벨	チームラベル	团队标签	term		
Team color indicators	팀 색상 표시기	チームカラーの表示	团队颜色标识	term		
Team only	같은 팀에게만 보임	同盟軍だけに表示	仅用于团队	term		
Teelöa	틸뢰아(Teelöa)	Teelöa	提罗阿	unit_name		
Telamir	텔라미르(Telamir)	Telamir	特拉米尔	proper_noun		
Telcherion	텔체리온(Telcherion)	Telcherion	泰尔切利温	faction		원본 PO의 고유명사 문맥을 확인해 한국어 음차와 원문을 병기
Telemon the Slayer	살해자 텔레몬(Telemon)	葬る者 Telemon	斩杀者泰勒蒙	unit_name		
Teleport	순간 이동	瞬間移動	传送	proper_noun		
Telerandor	텔레란도르(Telerandor)	Telerandor	特勒兰多	unit_name		
Telfar Green	텔파르(Telfar) 숲	Telfar の草地	泰法绿林	term		
Telionath	텔리오나스(Telionath)	Telionath	泰利奥纳特	proper_noun		
Telthys	텔티스(Telthys)	Telthys	提尔赛思	faction		원본 PO의 고유명사 문맥을 확인해 한국어 음차와 원문을 병기
Temple	신전	聖堂	神庙	campaign_name		
Temple in the Deep	지하 사원	神殿の奥へ	地底神庙	campaign_name		
Teneor	테네오르(Teneor)	Teneor	特纳尔	proper_noun		
Tent Village	천막 마을	テントの村	帐篷村庄	terrain		
Tentacle of the Deep	심해의 촉수	深淵からの触手	深渊触手	unit_name		
Tentacly	텐타클리(Tentacly)	Tentacly	小触触	unit_name		
Teoryn	테오린(Teoryn)	Teoryn	特奥林	proper_noun		
Terminate script	스크립트를 종료	スクリプトを終了	终止脚本	term		
Terraent	테라엔트(Terraent)	Terraent	特拉恩特	unit_name		
Terraforming	지형 변경	地形変更	地形改造	proper_noun		
Terrain	지형	地形	地形	proper_noun		
Terrain Description	지형 설명	地形情報	地形描述	term		
Terrain Layers	지형 레이어	地形レイヤー	地形层	term		
Terrains	지형	地形	地形	proper_noun		
Terror disguise	공포의 변장	恐慌の扮装	恐怖伪装	item_name		
Terse	간결함	簡潔表示	简洁	proper_noun		
Tervor	트레버(Tervor)	Tervor	特沃	faction		원본 PO의 고유명사 문맥을 확인해 한국어 음차와 원문을 병기
Test	테스트	テスト	测试	term		
Test of the Clan	부족의 시험	クランの試練	氏族的考验	campaign_name		
Test scenario	테스트 시나리오	テストシナリオ	测试场景	term		
Text file	텍스트 파일	Text file	文本文件	term		
Thalindil	탈린딜(Thalindil)	Thalindil	萨林迪尔	proper_noun		
The Alliance	동맹	同盟	联盟	faction		
The Artisans	장인	職人	工匠	faction		
The Battle for Wesnoth	웨스노스(Wesnoth) 전쟁	The Battle for Wesnoth	韦诺之战	campaign_name	The Battle for Wesnoth	
The Bay of Pearls	진주 해안	真珠の入り江	珍珠湾	place_name		
The Chase	추격	追跡	追击	campaign_name		
The Chief Must Die	족장은 죽어야 한다	大帝死すべし	酋长必死	campaign_name		
The City Falls	도시가 함락되다	The City Falls	城市陷落	music_title		
The Cliffs of Thoria	토리아(Thoria) 절벽	Thoria の断崖	索丽亚之崖	campaign_name		
The Contention	경쟁	闘技会	竞位战	campaign_name		
The Council Regathers	의회가 다시 모이다	評議会再び	议会再开	campaign_name		
The Court of Karrag	카르라그(Karrag)의 궁중	Karrag への謁見	卡拉格的宫廷	campaign_name		
The Coward	겁쟁이	臆病者	懦夫	campaign_name		
The Creatures	종족들	生物	生物	term		
The Cult	이교도	狂信者	邪教	faction		
The Dangerous Symphony	위험한 교향곡	The Dangerous Symphony	危险交响曲	music_title		
The Defiance	저항군	抵抗勢力	逆命联军	faction		
The Desert of Death	죽음의 사막	死の砂漠	死亡沙漠	campaign_name		
The Dragon	용	ドラゴン	巨龙	campaign_name		
The Drowned Plains	수몰된 평원	水没した平原	淹没的平原	campaign_name		
The Duel	결투	決闘	决斗	campaign_name		
The Dungeon	감옥	地下牢	地牢	term		
The Dwarven Doors	드워프의 문	ドワーフの戸口	矮人之门	campaign_name		
The Dwarvish Stand	난쟁이들의 항전	ドワーフの抵抗	矮人要塞	campaign_name		
The Eastern Flank	동부 언저리	東部方面軍	东部战线	campaign_name		
The Elven Council	엘프 의회	エルフ評議会	精灵评议会	campaign_name		
The Elves Besieged	포위된 엘프들	包囲されたエルフ族	受困的精灵	campaign_name		
The Elvish Treasury	요정의 보물 창고	エルフ族の宝物庫	精灵金库	campaign_name		
The Empire	제국	帝国	帝国	faction		
The End	끝	The End	完结	term		
The Escape Tunnel	탈출 터널	脱出路	离脱隧道	campaign_name		
The Fall	함락의 가을	秋	秋落	campaign_name		
The Final Confrontation	최후의 대결	最終決戦	最后的对决	campaign_name		
The Flaming Sword	불타는 칼	炎の剣	烈焰神剑	campaign_name		
The Ford of Abez	아베즈(Abez)의 여울	Abez の浅瀬	雅碧滩	place_name		
The Game Screen	게임 화면	ゲーム画面	游戏界面	term		
The Gang	갱단	ギャング	黑帮	faction		
The Gate Between Worlds	세상 사이의 문	世界をつなぐ扉	两界之门	campaign_name		
The Great Chamber	대회의실	大会議室	大厅	term		
The Great Doors	거대한 문	巨大な扉	伟大之门	term		
The Great River	위대한 강	not found	not found	place_name	거대한 강; 대하; 한강	
The Great Valley	대 협곡	大きな谷	大峡谷	place_name		
The Guild	길드	ギルド	公会	faction		
The Hammer of Thursagan	투르사간(Thursagan)의 망치	Thursagan の鎚	瑟萨冈之锤	campaign_name		
The Hand	손	支配者	神手	faction		
The Horde	무리	大軍	部落	faction		
The Human Army	인간의 군대	人間の軍隊	人类军队	campaign_name		
The Human Attack	인간의 공격	人間の攻撃	人类进攻	campaign_name		
The Hunt	사냥	狩り	狩猎	campaign_name		
The Hunters	사냥꾼들	狩人	猎手	campaign_name		
The Isle of Alduin	알두인(Alduin) 섬	Alduin 島	奥渡因岛	place_name		
The Jeweler	보석 세공사	宝石職人	珠宝匠	campaign_name		
The Key	열쇠	鍵	神钥	item_name		
The King is Dead	왕이 죽었다	The King is Dead	国王已死	music_title		
The Knolls of Doldesh	돌데시 언덕	The Knolls of Doldesh	多尔德什圆丘	music_title		
The Long Dark	긴 어둠	長い夜	漫漫长夜	term		
The Long March	긴 행군	長駆	长途行军	campaign_name		
The Lost General	사라진 장군	消息不明の司令官	失落的将军	campaign_name		
The Mage	마법사	魔術師	法师	campaign_name		
The Marauders	약탈자	略奪兵軍	掠夺者	faction		
The Midlands	중부지대	内陸府	中陆	campaign_name		
The Militia	민병대	民兵	民兵	faction		
The Morning After	그 다음날	その夜が明けて	天亮以后	campaign_name		
The Nameless General	이름 없는 장군	名無しの将軍	无名将军	term		
The Oldwood	오래된 나무들	古木	古老森林	campaign_name		
The Plan	계획	計略	计划	campaign_name		
The Portal of Doom	멸망의 차원문	破滅の門	毁灭之门	campaign_name		
The Princess of Wesnoth	웨스노스(Wesnoth)의 공주	Wesnoth の王女	韦诺公主	campaign_name		
The Pursuit	추격	追跡	追踪	campaign_name		
The Raid	습격	急襲	奇袭	campaign_name		
The Return of Trouble	돌아온 골칫거리	災いの再来	麻烦回归	campaign_name		
The Rise of Wesnoth	웨스노스(Wesnoth)의 성립	Wesnoth の起源	韦诺崛起	campaign_name		
The River Fort	강변 진지	川の砦	河滩要塞	place_name		
The Road to Weldyn	웰딘(Weldyn)으로 가는 길	Weldyn への道	维尔帝之路	place_name		
The Saurian Treasury	사우리안 보물 창고	トカゲ族の宝物庫	蜥蜴人金库	campaign_name		
The Sceptre of Fire	불의 왕홀	炎の笏	圣火权杖	campaign_name		
The Scourge	재앙	災厄	天灾	faction		
The Short Dark	짧은 어둠	短い夜	短夜	term		
The Siege of Elensefar	엘렌세파르(Elensefar) 포위전	Elensefar の包囲	围攻埃仁撒伐	campaign_name		
The South Guard	남부 경비대	南部防衛隊	南疆卫队	campaign_name		
The Spider	거미	「クモ」	蜘蛛	faction		
The Swamp of Esten	에스텐(Esten)의 늪지대	Esten 沼地	艾森沼泽	place_name		
The Swamps of Illuven	일루벤(Illuven)의 늪지대	Illuven の湿地帯	伊卢汶沼泽	campaign_name		
The Tides of War	전쟁의 파도	戦争の大波	战争之潮	campaign_name		
The Treasury	보물	宝物庫	金库	term		
The Treaty	조약	盟約	条约	campaign_name		
The Trust	신뢰	義勇	托拉斯	faction		
The Underlevels	지하층	地下坑道	下层世界	campaign_name		
The Uprooting	뿌리뽑기	根絶	连根拔起	campaign_name		
The Vanguard	선봉대	先駆け	先锋	campaign_name		
The World	어떤 세계	世界観	世界	term		
The hostname of the database server	데이터베이스 서버의 호스트 이름	データベースサーバーのホスト名	数据库服务器的主机名称	term		
The name of the database	데이터베이스 이름	データベース名	数据库名称	term		
Theganli	테간리(Theganli)	Theganli	瑟甘利	unit_name		
Thegwyn	친위병 테그윈(Thegwyn)	Thegwyn	赛格文	proper_noun		
Thelarion	텔라리온(Thelarion)	Thelarion	塞拉利昂	unit_name		
Theorin	테오린(Theorin)	Theorin	特奥林	unit_name		
Theorsten	테오르스텐(Theorsten)	Theorsten	特奥斯滕	proper_noun		
Thermal	열	熱気	热流	proper_noun		
Thhsthss	쓰흐스쓰스스(Thhsthss)	Thhsthss	梯斯忒斯	faction		원본 PO의 고유명사 문맥을 확인해 한국어 음차와 원문을 병기
Thick Hedges	빽빽한 생울타리	分厚い生け垣	厚篱笆	terrain		
Thief	도둑	盗賊	盗贼	unit_name		
Third Oracle	세번째 예언자	第三の賢人	第三先知	faction		
Thirsty Goblin	목마른 고블린	喉が乾いたゴブリン	口渴的地精	proper_noun		
This Turn	이번 턴	このターン	此回合	term		
This side’s color	이 진영의 색상	陣営の色です	此阵营的颜色	term		
This user's password	이 사용자의 비밀번호	ユーザーのパスワード	这个用户的密码	term		
Thorin	쏘린(Thorin)	Thorin	索林	faction		원본 PO의 고유명사 문맥을 확인해 한국어 음차와 원문을 병기
Thorn	토른(Thorn)	Thorn	斯恩	unit_name		
Thrag	트라그(Thrag)	Thrag	斯拉戈	faction		원본 PO의 고유명사 문맥을 확인해 한국어 음차와 원문을 병기
Threshold	문턱	通過点	门槛	campaign_name		
Thrigalurd	스리갈루르드(Thrigalurd)	Thrigalurd	崔伽拉德	unit_name		
Throwing Axe	던지는 도끼	投斧	掷斧	item_name		
Thruf	트루프(Thruf)	Thruf	叔陆弗	faction		원본 PO의 고유명사 문맥을 확인해 한국어 음차와 원문을 병기
Thug	깡패	悪党	暴徒	unit_name		
Thunderstick	벽력포	雷撃棒	雷霆棒	item_name		
Thung	퉁(Thung)	Thung	桑格	faction		원본 PO의 고유명사 문맥을 확인해 한국어 음차와 원문을 병기
Thungar	툰가르(Thungar)	Thungar	萨格	unit_name		
Thurdakor	투르다코르(Thurdakor)	Thurdakor	瑟达科	person_name		
Thurg	투르그(Thurg)	Thurg	托格	proper_noun		
Thursagan	투르사간(Thursagan)	Thursagan	瑟萨冈	unit_name		
Tidbit	작은 조각(Tidbit)	Tidbit	小点	proper_noun		
Time Limit	시간 제한	持ち時間	时限	term		
Time Schedule Editor	시간 일정 편집기	タイムスケジュールエディタ	日程表编辑器	term		
Time Schedule Menu	시간 일정 차림표	タイムスケジュールメニュー	日程表菜单	term		
Time of Day	시간대	時刻	时段	term		
Time of day indicator	시간대 표시기	時刻	时段指示器	term		
Time of day modifier	시간대 보정	時刻の影響	时段修正	term		
Timeline	시간 순서	年代	时间线	proper_noun		
Tindolean	틴돌리언(Tindolean)	Tindolean	婷朵莉安	unit_name		
Tini	티니(Tini)	Tini	提尼	unit_name		
Tinoldor	티놀도르(Tinoldor)	Tinoldor	提诺尔多	faction		원본 PO의 고유명사 문맥을 확인해 한국어 음차와 원문을 병기
Tinry the Red	적색의 틴리(Tinry)	赤き Tinry	红袍法师廷利	faction		
Tirasch	티라쉬(Tirasch)	Tirasch	提拉斯奇	faction		원본 PO의 고유명사 문맥을 확인해 한국어 음차와 원문을 병기
Tireas	티레아스(Tireas)	Tireas	特雷亚斯	proper_noun		
Tirigaz	티리가즈(Tirigaz)	Tirigaz	提里嘎兹	campaign_name		
Tish Golub	티쉬 골루브(Tish Golub)	Tish Golub	蒂什·戈卢布	person_name		
Title	제목	タイトル	标题	term		
To Clearwater Port	맑은물(Clearwater) 항구 방향	透水港へ	往清水港	term		
To Elensefar	엘렌세파르(Elensefar)로	Elensefar へ	往埃仁撒伐	term		
To Southbay	남만국(Southbay)으로	Southbayへ	往南湾	term		
To the Midlands	중부 지역 방향	内陸府へ	往中陆	term		
To the Mines	광산으로	鉱山へ	冲向矿脉	campaign_name		
To the Northrun	북부(Northrun) 방향	Northrun へ	往北程	term		
Tobo	토보(Tobo)	Tobo	托博	faction		
Together Again	다시 함께	再会	再次相聚	campaign_name		
Toggle Accelerated Speed	가속 속도 전환	高速化の切り替え	开/关加速模式	term		
Toggle Ellipses	토글 키 무시	ユニット足元の楕円表示の切り替え	开/关椭圆	term		
Toggle Grid	격자 표시	グリッド表示の切り替え	开/关网格	term		
Toggle Minimap Terrain Coding	미니맵 지형 표시 전환	ミニマップ上の地形表示形式の切り替え	开启/关闭小地图地形编码	term		
Toggle Minimap Terrain Drawing	미니맵 지형 그리기 전환	ミニマップ上での地形の表示/非表示	开启/关闭小地图地形绘制	term		
Toggle Minimap Unit Coding	미니맵 유닛 표시 전환	ミニマップ上のユニット表示色の切り替え	开启/关闭小地图单位编码	term		
Toggle Minimap Unit Drawing	미니맵 유닛 그리기 전환	ミニマップ上でのユニットの表示/非表示	开启/关闭小地图单位绘制	term		
Toggle Minimap Village Drawing	미니맵 마을 그리기 전환	ミニマップ上での村の表示/非表示	开启/关闭小地图村庄绘制	term		
Toggle Terrain Transition Update	지형 전환 갱신 전환	地形の繋ぎ目の自動更新の切り替え	开启/关闭地形过渡更新	term		
Toggle between fullscreen and window mode	전체 화면 모드와 창 모드 전환	フルスクリーンモード/ウィンドウモードを切り替えます	在全屏和窗口模式之间切换	term		
Tome of secrets	비밀의 서	秘密の書	秘密典籍	item_name		
Too Foolish Hero	너무 어리석은 영웅	愚かすぎる勇者	过于愚蠢的英雄	unit_name		
Toomak	투막(Toomak)	Toomak	图玛克	unit_name		
Toothey the Serpent	큰 뱀 이빨이	Toothey the Serpent	海蛇图赛	term		
Top Panel	상단 패널	トップパネル	顶部面板	term		
Tor	토르(Tor)	Tor	托	faction		원본 PO의 고유명사 문맥을 확인해 한국어 음차와 원문을 병기
Total damage	총 데미지	総ダメージ	总伤害	term		
Touch	터치	タッチ	触击	term		
Toughkon	토우그흐콘(Toughkon)	Toughkon	塔夫孔	unit_name		
Tournament	토너먼트	トーナメント	锦标赛	term		
Toward Mountains of Haag	하아그(Haag)의 산맥을 건너서	Haag 山脈へ	翻越海格山区	campaign_name		
Towards the Caves	동굴을 향하여	洞窟へ向かって	奔向山洞	campaign_name		
Tower	탑	塔	塔	term		
Tower of Doom	멸망의 탑	破滅の塔	末日之塔	term		
Town Defense	마을 방어	町の守備隊	小镇守卫	faction		
Townsfolk	마을 주민	街の住民	市民	unit_name		
Toxic Rain	독성비	毒の雨	毒雨	term		
Tracking Enemy Movement	적의 움직임 파악하기	敵の移動可能範囲の確認	跟踪敌方移动	term		
Tracking Unused Units	미사용 유닛 찾기	行動可能ユニットの確認	跟踪未用单位	term		
Training	훈련	トレーニング	培训	term		
Training Session	훈련	勉強会	魔法训练	campaign_name		
Training with Bolas	팔맷돌 훈련	投げ縄の訓練	用流星锤训练	term		
Traits	특성	特性	特质	term		
Tralg	트랄그(Tralg)	Tralg	泰尔格	unit_name		
Transience	일시적인(Transience)	Transience	转瞬即逝	music_title		
Transition Update	전이 업데이트	地形のつながりを更新	渐变	term		
Translation	번역	翻訳	翻译	term		
Transport Galleon	수송 갤리언(Galleon)	輸送ガレオン船	运输船	unit_name		
Trapped Merman	사로잡힌 인어	捕らわれのマーマン	被困的人鱼	unit_name		
Trapper	덫 사냥꾼	罠猟者	陷阱猎人	unit_name		
Trash	쓰레기	ゴミ	垃圾	terrain		
Trash Pile	쓰레기 더미	ゴミの山	垃圾堆	item_name		
Traur	트라우르(Traur)	Traur	泰奥	faction		원본 PO의 고유명사 문맥을 확인해 한국어 음차와 원문을 병기
Traveling Minstrels	여행하는 음악가	Traveling Minstrels	旅行的吟游诗人	music_title		
Treagh	트레아그흐(Treagh)	Treagh	特雷加	proper_noun		
Treasure Chest	보물 상자	宝箱	宝箱	item_name		
Treasure Chest Gold	보물 상자 금화	財宝箱のゴールド	宝箱黄金	term		
Tree	나무	樹	树	term		
Tree Fellows	나무 동료들	木の同志	树友	faction		
Treefolk	나무 동포(Treefolk)	Treefolk	树精	faction		
Trgrau	트르그라우(Trgrau)	Trgrau	特尔格罗	person_name		
Tribute	공물	貢ぎ物	贡品	faction		
Trident of storms	폭풍의 삼지창	ストームトライデント	风暴三叉戟	item_name		
Trigr	트리그르(Trigr)	Trigr	泰格	faction		원본 PO의 고유명사 문맥을 확인해 한국어 음차와 원문을 병기
Trigrul	트리그룰(Trigrul)	Trigrul	泰格鲁尔	faction		원본 PO의 고유명사 문맥을 확인해 한국어 음차와 원문을 병기
Triram	트리람(Triram)	Triram	特里拉姆	unit_name		
Trithalsul	트리탈술(Trithalsul)	Trithalsul	提萨苏尔	proper_noun		
Trithdurus	트리트두루스(Trithdurus)	Trithdurus	崔斯达鲁斯	faction		
Triton	트리톤(Triton)	トリトン	海神	campaign_name		
Triumph	승리	勝利	大胜	term		
Troll	트롤(Troll)	トロル	巨魔	unit_name		
Troll Assistant	조교 트롤(Troll)	トロルの助手	巨魔助手	unit_name		
Troll Avenger	복수자 트롤(Troll)	トロルの復讐者	巨魔复仇者	unit_name		
Troll Brute	난폭한 트롤(Troll)	凶暴なトロル	狂暴巨魔	unit_name		
Troll Chieftain	트롤(Troll) 족장	トロルの族長	巨魔首领	unit_name		
Troll Defender	수비병 트롤(Troll)	トロルの防衛隊	巨魔守卫	unit_name		
Troll Encampment	트롤(Troll) 야영지	トロルの野営地	巨魔营地	terrain		
Troll Encampment Keep	트롤(Troll) 야영지 본영	トロルの野営地の主塔	巨魔营地主楼	terrain		
Troll Flamecaster	트롤(Troll) 화염술사	トロルの炎使い	火焰巨魔	unit_name		원본 PO의 고유명사 문맥을 확인해 한국어 음차와 원문을 병기
Troll Guard	트롤(Troll) 경비병	トロルの衛兵	巨魔守卫	unit_name		
Troll Hero	트롤(Troll) 영웅	トロルの英雄	巨魔英雄	unit_name		
Troll High Shaman	대주술사 트롤(Troll)	トロルの上級呪術師	萨满长老	unit_name		
Troll Hole	트롤(Troll) 동굴	トロルの穴	巨魔洞	campaign_name		
Troll Interrogator	심문관 트롤(Troll)	トロルの尋問官	巨魔审问者	unit_name		
Troll Leader	대장 트롤(Troll)	トロルのリーダー	巨魔首领	unit_name		
Troll Reinforcements	지원군 트롤(Troll)	トロルの増援	巨魔援军	unit_name		
Troll Rocklobber	트롤(Troll) 투석병	トロルの投石手	巨魔拋石者	unit_name		
Troll Shaman	트롤(Troll) 주술사	トロルの呪術師	巨魔萨满	unit_name		
Troll Skirmisher	척후병 트롤(Troll)	トロルの散兵	巨魔散兵	unit_name		
Troll Warrior	트롤(Troll) 전사	トロルの戦士	巨魔武士	unit_name		
Troll Whelp	새끼 트롤(Troll)	トロルの子供	巨魔幼崽	unit_name		
Trolls	트롤들	トロル	巨魔	race_name	트롤족	
Trolls blood potion	트롤의 피 포션	トロルの血薬	巨魔血药	item_name		
Tromas	친위병 트로마스(Tromas)	Tromas	托马斯	proper_noun		
Tropical Coastal Reef	열대 산호초	熱帯の岩礁	热带礁石	terrain		
Tropical Deep Water	열대의 깊은 물	熱帯の深水	热带深水	terrain		
Tropical Forest	열대 숲	熱帯林	热带森林	terrain		
Tropical Shallow Water	열대의 얕은 물	熱帯の浅瀬	热带浅水	terrain		
Tropical Village	열대 마을	熱帯の村	热带村庄	terrain		
Trudd	트루드(Trudd)	Trudd	特鲁德	unit_name		
Truugl	트루글(Truugl)	Truugl	特鲁格尔	unit_name		
Tunreoryr	툰레오리르(Tunreoryr)	Tunreoryr	图内罗伊尔	proper_noun		
Tur	투르(Tur)	Tur	塔	proper_noun		
Turg	투르그(Turg)	Turg	特格	faction		원본 PO의 고유명사 문맥을 확인해 한국어 음차와 원문을 병기
Turin’s Monster of the Lake	투린의 호수 괴물	湖の Turin の怪物	图林的湖中怪物	faction		
Turkish Translation	튀르키예 번역 담당	トルコ語翻訳	土耳其文翻译	term		
Turn	차례 수	ターン	回合	term	턴 수	
Turn 11: Northerners	11턴: 북부인	ターン 11: 北方部族	回合11：北陆之民	term		
Turn 14: Drakes	14턴: 반룡	ターン 14: ドレーク	回合14：龙人氏族	term		
Turn 2: Loyalists	2턴: 충성파	ターン 2: 忠誠軍	回合2：保王党人	term		
Turn 8: Rebels	8턴: 반란군	ターン 8: 反乱軍	回合8：反抗势力	term		
Turn Bonus	턴 보너스	ターンボーナス	回合奖励	term		
Turn Countdown	차례 초읽기	ターンのカウントダウン	回合倒计时	term		
Turn bell	벨 켜기	ターンベル	回合铃声	term		
Turn changed	차례가 진행되었습니다	ターンが進みました	回合变化	term		
Turn dialog	턴 대화 상자	ターンダイアログを表示する	回合对话框	term		
Turns	차례들	ターン	回合	term		
Tutorial	자습서	チュートリアル	教程	campaign_name		
Twilight Mage	황혼의 마법사	薄明の魔術師	暮光法师	unit_name		
Twin Arrows	쌍둥이 화살	ツインアロー	双箭	term		
Two color orb	두 가지 색상의 구슬	2 色の宝珠	双色球	term		
Tyborg	타이보그(Tyborg)	Tyborg	泰博格	proper_noun		
Tyegëa	티에게아(Tyegëa)	Tyegëa	泰歌雅	faction		
Tyegëa and Priestesses	티에게아(Tyegëa)와 여제사장들	Tyegëa と司祭	泰歌雅和女祭司们	faction		
Type	속성	種類	类型	proper_noun		
Tyxrrn the Dauntless	불굴의 틱스른(Tyxrrn)	恐れ知らずのTyxrrn	无畏者提克萨恩	unit_name		
Udrin	우드린(Udrin)	Udrin	乌德林	faction		
Ufes	유페스(Ufes)	Ufes	乌费斯	proper_noun		
Ugzush	우그주쉬(Ugzush)	Ugzush	乌兹什	proper_noun		
Uhmit	우흐미트(Uhmit)	Uhmit	尤米特	unit_name		
Ukrainian Translation	우크라이나어 번역 담당	ウクライナ語翻訳	乌克兰文翻译	term		
Ulfdain	울프다인(Ulfdain)	Ulfdain	乌尔夫戴恩	unit_name		
Ulfter	울프테르(Ulfter)	Ulfter	乌尔夫特	unit_name		
Ulg	울그(Ulg)	Ulg	阿尔戈	unit_name		
Ulkar	울카르(Ulkar)	Ulkar	乌尔卡	proper_noun		
Ulrek	울렉(Ulrek)	Ulrek	乌尔雷克	proper_noun		
Ulysses Mantyjuuri	율리시스 만티유우리	Ulysses Mantyjuuri	尤利西斯·马提朱里	unit_name		
Unan-Ka’tall	우난-카탈(Unan-Ka’tall)	Unan-Ka’tall	乌南-卡塔尔	faction		
Uncharted Islands	지도에 없는 섬	地図に載っていない島々	未知岛屿	campaign_name		
Uncle Somf	솜프(Somf) 삼촌	Somf おじさん	苏莫夫大叔	person_name		
Undead	언데드	アンデッド	亡灵	campaign_name		
Undead Bat	언데드 박쥐	アンデッドのコウモリ	亡灵蝙蝠	unit_name		
Undead Crossing	언데드의 도하	アンデッド渡河点	亡灵渡口	campaign_name		
Undead Emissary	언데드 특사	アンデッドの使者	亡灵间谍	proper_noun		
Undead Followers	언데드 추종자들	霊魂の使者	亡灵追随者	faction		
Undead Forces	언데드 군세	アンデッド軍	亡灵军团	faction		
Undead Leader	언데드 대장	アンデッドのリーダー	亡灵首领	unit_name		
Undead Raider	언데드 침입자	アンデッドの襲撃者	骷髅骑士	proper_noun		
Undead Warden	언데드 파수꾼	アンデッドの番人	亡灵典狱官	proper_noun		
Under the Burning Suns	불타는 태양 아래서	燃える太陽の下で	灼热双日之下	campaign_name		
Underground	지하	地下	地下	music_title		
Underground Channels	지하 수로	地下通路	地下通道	campaign_name		
Undo	무르기	アンドゥ	撤销	term		
Unexpected closing tag	예기치 못한 닫힌 꼬리표	予期せぬ閉じタグ	非预期的结束标签	term		
Unhul	운훌(Unhul)	Unhul	温霍	proper_noun		
Unik	유닉(Unik)	Unik	尤尼克	faction		
Uninstall add-on	부가 기능 제거	アドオンのアンインストール	卸载附加组件	term		
Unit Commands	유닛 명령	ユニットコマンド	单位命令	term		
Unit Description	유닛 설명	ユニット解説	单位描述	term		
Unit Descriptions	유닛 설명	ユニット解説	单位描述	term		
Unit Facing	유닛의 색	ユニットの色	单位面向	term		
Unit List	유닛 목록	ユニット一覧	单位列表	term		
Unit Specialties	유닛 특수 능력	特殊武器	单位特攻	term		
Unit Tool	유닛 도구	ユニットツール	单位工具	term		
Unit idle animations	유닛 대기 애니메이션	ユニットの待機アニメーション	单位空闲动画	term		
Unit standing animations	유닛 서 있기 애니메이션	ユニットのスタンディングアニメーション	单位站立动画	term		
Units	유닛	ユニット	单位	term		
Universities	대학	大学	大学	term		
Unknown	알수 없음	不明	未知	race_name		
Unknown 2	알 수 없음 2	不明 2	未知2	term		
Unknown Unit	미지의 유닛	未知のユニット	未知单位	term		
Unknown era	알 수 없는 시대	不明な時代	未知时代	term		
Unknown scenario	알 수 없는 시나리오	不明なシナリオ	未知场景	term		
Unlawful Orders	불의한 명령	無法なる命令	不法命令	campaign_name		
Unlit Torch	꺼진 횟불	消えているトーチ	未点燃的火炬	item_name		
Unnamed Area	이름없는 영역	無名の領域	未命名区域	term		
Unpleasant	불쾌한	不快	令人不适	campaign_name		
Unrecalled veterans will survive	소환되지 않은 베테랑은 생존합니다	召還されなかったユニットは生き残ります	未召回的老兵会存活	term		
Unrecognized Command	인식할 수 없는 명령	認識できないコマンド	未识别的命令	term		
Unsaved Changes	변경점들이 저장되지 않았음	保存されていない変更点	未保存的更改	term		
Unterminated closing tag	끝나지 않은 닫힌 꼬리표	終わっていない閉じタグ	未终止的结束标签	term		
Unterminated quoted string	인용부가 닫히지 않은 문자열이 있습니다	引用符が閉じられていない文字列があります	无结束引号的引用字符串	term		
Unwalkable	이동 불가	歩行不能	不可步行地形	terrain	도보불능	
Unwalkable Overlay	통과 불능 오버레이	歩行不能のオーバーレイ	不可行走地形覆盖层	terrain		
Unwalkable Ravine	통과할 수 없는 협곡	歩行不能の谷間	不可行走的峡谷	terrain		
Update All	모두 업데이트	全てアップデート	全部升级	term		
Update Shroud Now	지금 안개/장막 상태를 갱신한다	幕を今すぐ更新する	立即刷新黑幕	term		
Update Terrain Transitions	지형 전환 갱신	地形の繋ぎ目を更新	更新地形过渡	term		
Update add-on	부가 기능 업데이트	アドオンのアップデート	升级附加组件	term		
Upgar	우프가르(Upgar)	Upgar	乌普加尔	person_name		
Upkeep	유지비	維持費	维护费用	term		
Ur-Thorodor	우르-토로도르(Ur-Thorodor)	Ur-Thorodor	乌-索罗多	person_name		
Uradredia	우라드레디아(Uradredia)	Uradredia	尤拉德雷迪亚	faction		
Urag-Tifer	우라그-티퍼(Urag-Tifer)	Urag-Tifer	乌拉戈-提法	faction		원본 PO의 고유명사 문맥을 확인해 한국어 음차와 원문을 병기
Urban	도시	都市	城市丛林	terrain		
Urbrus	우르브루스(Urbrus)	Urbrus	尤布鲁斯	unit_name		
Urdol	우르돌(Urdol)	Urdol	尤杜尔	unit_name		
Urdum	우르둠(Urdum)	Urdum	尤杜姆	unit_name		
Urk Delek	우르크 델렉	Urk Delek	乌克·德勒克	faction		
Urmarol	우르마롤(Urmarol)	Urmarol	乌尔马若尔	proper_noun		
Urruga	우르루가(Urruga)	Urruga	乌如格	unit_name		
Urthaka-Tan	우르타카-탄(Urthaka-Tan)	Urthaka-Tan	乌萨卡-坦	person_name		
Urudin	우루딘(Urudin)	Urudin	乌鲁丁	unit_name		
Urug-Pir	우루그-피르(Urug-Pir)	Urug-Pir	乌鲁格-皮	unit_name		
Urug-Tan	우루그-탄(Urug-Tan)	Urug-Tan	乌拉戈-坦	faction		원본 PO의 고유명사 문맥을 확인해 한국어 음차와 원문을 병기
Urug-Tar	우루그-타(Urug-Tar)	Urug-Tar	乌鲁格-塔	faction		원본 PO의 고유명사 문맥을 확인해 한국어 음차와 원문을 병기
Urug-Telfar	우루그-텔파르(Urug-Telfar)	Urug-Telfar	乌鲁戈-特尔法	faction		
Urza Afalas	우르자 아팔라스(Urza Afalas)	Urza Afalas	乌扎·阿法拉斯	unit_name		
Urza Fastik	우르자(Urza) 파스티크	Urza Fastik	乌扎·法斯提克	faction		
Urza Mathin	우르자(Urza) 마틴	Urza Mathin	乌扎·马辛	faction		
Urza Nalmath	우르자(Urza) 날마트	Urza Nalmath	乌扎·纳尔马什	faction		
Use 12-hour clock format	12시간제 사용	時刻表記を12時間制にする	使用12小时制时钟格式	term		
Use Map Settings	지도 설정 사용	マップ設定を使用	使用地图设置	term		
Use World Conquest Unitmarkers	World Conquest 유닛 마커 사용	世界征服のユニットマーカーを使用	使用世界征服的单位标记	term		
Use colored mouse cursors	색상 마우스 커서를 사용	カラーマウスカーソルを使用します。	使用彩色鼠标箭头	term		
Use scenario specific settings	시나리오별 설정 사용	シナリオのデフォルト設定を使用します	使用地图特定的设置	term		
Use the terrain	지형 활용	地形を活かすべし	利用地形	term		
User Interaction Required	사용자 조작 필요	ユーザへの操作要求	需要用户操作	term		
User Map	사용자 지도	ユーザーマップ	用户地图	term		
User interaction required	사용자 조작 필요	ユーザの操作が必要です	需要用户操作	term		
User interface sounds	유저 인터페이스 사운드	ユーザーインターフェースサウンド	用户界面音效	term		
Using Add-ons	부가 기능 사용	アドオンの使い方	使用附加组件	term		
UtBS	태양(UtBS)	UtBS	UtBS	campaign_name		
Utrub	우트루브(Utrub)	Utrub	尤土巴	unit_name		
VSync	수직 동기화(VSync)	垂直同期	VSync	proper_noun		
Vacant slot	비어 있는 슬롯	空席	空闲位置	term		
Vacant slots	빈 자리 있는 방	空きスロット	空闲位置	term		
Vaelya	바일리아(Vaelya)	Vaelya	薇莉娅	faction		원본 PO의 고유명사 문맥을 확인해 한국어 음차와 원문을 병기
Vaenyc	베이닉(Vaenyc)	Vaenyc	瓦尼克	proper_noun		
Valan	바란(Valan)	Valan	瓦兰	proper_noun		
Valcathra	발카트라(Valcathra)	Valcathra	瓦尔卡特	proper_noun		
Vale of Tears	눈물의 계곡	涙の谷	泪滴山谷	campaign_name		
Validate	검증	検証	验证	term		
Vampire Bat	흡혈 박쥐	ヴァンパイアバット	吸血蝙蝠	unit_name		
Vardanos	바르다노스(Vardanos)	Vardanos	瓦达诺斯	proper_noun		
Varem	바렘(Varem)	Varem	瓦伦	unit_name		
Variable not found	변수를 찾을 수 없습니다	変数が見つかりません。	未找到变量	term		
Varrak-Klar	바락-클라르(Varrak-Klar)	Varrak-Klar	瓦拉克-克拉尔	faction		
Vash-Gorn	바시-고른(Vash-Gorn)	Vash-Gorn	瓦希-戈恩	person_name		
Vashna	바쉬나(Vashna)	Vashna	瓦什纳	faction		원본 PO의 고유명사 문맥을 확인해 한국어 음차와 원문을 병기
Vecnu	베크누(Vecnu)	Vecnu	瓦可努	proper_noun		
Velon	벨론(Velon)	Velon	维伦	faction		원본 PO의 고유명사 문맥을 확인해 한국어 음차와 원문을 병기
Vemuil	베무일(Vemuil)	Vemuil	瓦缪	person_name		
Vendraxis	벤드락시스(Vendraxis)	Vendraxis	文德拉克西斯	proper_noun		
Vengeance	복수	復讐	复仇怒火	campaign_name		
Vengeful Dwarf	복수심에 불타는 난쟁이	復讐に燃えるドワーフ	复仇的矮人	unit_name		
Vengeful Lord	복수심에 불타는 군주	復讐の王	复仇领主	unit_name		
Vengeful Pursuit	불타는 복수심	Vengeful Pursuit	复仇追击	music_title		
Veocyn	비오신(Veocyn)	Veocyn	维欧辛	unit_name		
Veomyr	비오미르(Veomyr)	Veomyr	维欧米尔	proper_noun		
Verash	베라시(Verash)	Verash	维拉什	proper_noun		
Verbose	자세히	詳細	详细	proper_noun		
Verbosity level	자세한 수준	表示レベル	详细级别	term		
Verifying cache	캐시 확인 중	キャッシュの検証	正在验证缓存	term		
Version	판번호	バージョン	版本	term		
Vestige	유물	痕跡	遗迹	proper_noun		
Veteran Commander	숙련 지휘관	熟練指揮官	老兵指挥官	unit_name		
Veteran Lieutenant	숙련병 부관	熟練副官	资深尉官	unit_name		
Victory	승리	勝利	胜利	term		
Victory Conditions	승리 조건	勝利条件	胜利条件	term		
Victory Feast	승리의 잔치	勝利の宴	凯旋盛宴	campaign_name		
Victory and Defeat	승리와 패배	勝利と敗北	胜利与失败	term		
Vietnamese Translation	베트남어 번역 담당	ベトナム語翻訳	越南文翻译	term		
View achievements	업적 보기	各キャンペーンやシナリオの達成状況を表示します 	查看成就	term		
View the credits	스탭롤을 봅니다	クレジットを表示します	查看制作者名单	term		
View: Each Team	보기: 각 팀	視点：各チーム	视图：每一团队	term		
View: Full Map	보기: 전체 지도	視点：マップ全体	视图：全地图	term		
View: Human Team	보기: 인간 팀	視点：コンピュータ以外のチーム	视图：人类团队	term		
Vile Concoction	사악한 혼합 물약	不快な調合薬	邪恶混合物	item_name		
Vilhelm Viskitynnyri	빌헬름 비스키틴니리	Vilhelm Viskitynnyri	维尔赫姆·维斯基提尼利	unit_name		
Village	마을	村	村庄	terrain		
Village Elder	마을 장로	村の年長者	村庄长老	unit_name		
Village Gold	마을 금화	村のゴールド	村庄金币	term		
Village Overlay	마을 오버레이	村のオーバーレイ	村庄覆盖层	terrain		
Village Ownership Tool	마을 소유 도구	村の所有権ツール	村庄所有权工具	term		
Village Support	마을 유지비 지원	村による維持費の補助	村庄供给	term		
Village Tool	마을 도구	村ツール	村庄工具	term		
Villager	마을 사람	村人	村民	unit_name		
Villagers	마을 사람들	村人	村民	faction		
Villages	마을	村	村庄	term	마을 수	
Villains	악당들	悪人	恶霸	faction		
Vin	빈(Vin)	Vin	温	proper_noun		
Vindry	빈드리(Vindry)	Vindry	温德里	proper_noun		
Vinreddoc	빈레독(Vinreddoc)	Vinreddoc	温雷多克	proper_noun		
Viragar	비라가르(Viragar)	Viragar	维拉加	person_name		
Viricon	비리콘(Viricon)	Viricon	维里康	proper_noun		
Visible in fog	안개 속에서 표시	霧中での視認	迷雾中可见	term		
Visible in shroud	장막 속에서 표시	幕中での視認	黑幕中可见	term		
Vision Cost	시야 비용	視界コスト	视野消耗	term		
Vladnir	블라드니르(Vladnir)	Vladnir	维拉德尼尔	unit_name		
Vlagnor	블라그노르(Vlagnor)	Vlagnor	弗拉格诺	faction		원본 PO의 고유명사 문맥을 확인해 한국어 음차와 원문을 병기
Vobreddaent	보브레다엔트(Vobreddaent)	Vobreddaent	沃布里达恩特	proper_noun		
Vobryn	보브린(Vobryn)	Vobryn	沃博林	proper_noun		
Void	공허	虚無	空	terrain		
Void Armor	공허의 갑옷	虚無の鎧	虚空战甲	item_name		
Void Overlay	공허 오버레이	空っぽのオーバーレイ	虚空覆盖层	terrain		
Vok-Hroog	보크-후룩(Vok-Hroog)	Vok-Hroog	沃克-鲁格	faction		원본 PO의 고유명사 문맥을 확인해 한국어 음차와 원문을 병기
Volcanic	화산	火山地帯	火山	proper_noun		
Volcano	화산	火山	火山	terrain		
Vonel	보넬(Vonel)	Vonel	沃内尔	person_name		
Vorlyan	보르리안(Vorlyan)	Vorlyan	沃利安	person_name		
Vovan	보반(Vovan)	Vovan	沃凡	proper_noun		
Vowyn	보윈(Vowyn)	Vowyn	沃维因	unit_name		
Vrag	브라그(Vrag)	Vrag	瓦格	unit_name		
Vraurk	브라우르크(Vraurk)	Vraurk	瓦鲁克	proper_noun		
Vriss	브리스(Vriss)	Vriss	弗里斯	faction		원본 PO의 고유명사 문맥을 확인해 한국어 음차와 원문을 병기
Vrogar	브로가르(Vrogar)	Vrogar	福罗格	proper_noun		
Vrunt	브룬트(Vrunt)	Vrunt	弗伦特	unit_name		
Vugreddyr	부그레디르(Vugreddyr)	Vugreddyr	乌格里迪尔	faction		
WC	WC	WC	WC	campaign_name		
WC2 Invest	WC2 투자	WC2 Invest	WC2投资	term		
WESNOTH	웨스노스(WESNOTH)	WESNOTH	WESNOTH	proper_noun		
WML Assistance	WML 지원	WML 支援	WML协助	term		
WML Cache	WML 캐시	WMLキャッシュ	WML缓存	term		
WML Contributors	WML에 기여한 이들	WML 貢献者	WML贡献者	term		
WML Programming and Assistance	WML 프로그래밍 및 지원	WML プログラミングと支援	WML编程与协助	term		
Wait	기다려	待つ	等等	term		
Waiting for next scenario	다음 시나리오 대기 중	次のシナリオを待機中	正在等待下幕场景	term		
Waiting for remote input	원격 입력 대기 중	リモートの入力を待機しています	正在等待远程输入	term		
Waiting for server	서버 대기 중	サーバーを待機中	正在等待服务器回复	term		
Walking Corpse	걸어다니는 시체	歩く死体	陆行僵尸	unit_name		
Walking Trees	걷는 나무들	歩く木々	行走之树	campaign_name		
War Claws	전쟁 갈퀴	戦爪	战爪	item_name		
War Harbinger	전쟁의 전조	戦争の先触れ者	战祸信使	unit_name		
War banner	전쟁 깃발	戦旗	战旗	item_name		
Warlord	장군	将軍	军阀	campaign_name		
Warning	경고	警告	警告	term		
Warning level logging: less information	경고 수준 로그: 제한된 정보	Warning レベルログ：少ない情報	警告级日志：较少信息量	term		
Warrior	전사	勇士	武士	campaign_name		
Warrior King	전사 왕	戦士の王	勇士之王	unit_name		
Warven	와르벤(Warven)	Warven	沃尔文	unit_name		
Wasteland	황무지	荒れ地	不毛之地	campaign_name		
Watchman	야경꾼	夜警	巡夜人	unit_name		
Water Lilies	연꽃	睡蓮	睡莲	terrain		
Water Serpent	바다뱀	ウォーターサーペント	巨型水蛇	unit_name		
Waters	수역	水域	水体	term		
We-jial	웨지알(We-jial)	We-jial	薇洁	unit_name		
Weak	약함	非力	虚弱	proper_noun		
Weakened Central Body	약해진 중심부	弱体化した中心部	变弱了的中枢躯体	unit_name		
Weapon Specials	특수 무기	特殊武器	武器特效	term		
Weapons Shop Tent	무기 상점 텐트	武器商人のテント	武器商店帐篷	item_name		
Weight of Revenge	복수의 무게	Weight of Revenge	复仇之重	music_title		
Welcome	환영합니다	ようこそ	欢迎	term		
Welcome to Parthyn	파르틴(Parthyn)에 오신 것을 환영합니다	Parthyn へようこそ	欢迎来到帕辛	term		
Weldyn	웰딘(Weldyn)	Weldyn	维尔帝	faction		
Well	우물	井戸	井	item_name		
Wesfolk	서부인(Wesfolk)	Wesfolk	韦福克	faction		원본 PO의 고유명사 문맥을 확인해 한국어 음차와 원문을 병기
Wesfolk Leader	서부인(Wesfolk) 대장	Wesfolk の指導者	韦福克首领	faction		
Wesmere March Guard	웨스미어(Wesmere) 변경 수비대	Wesmere 国境警備隊	韦弥尔行军卫队	faction		
Wesnoth	웨스노스(Wesnoth)	Wesnoth	韦诺	proper_noun		
Wesnoth Map Format	웨스노스(Wesnoth) 지도 형식	Wesnoth マップフォーマット	韦诺地图格式	term		
Wesnothian Outpost	웨스노스 전초기지	Wesnoth の前線基地	韦诺前哨站	term		
Wesnothians	웨스노스인들	Wesnoth 人	韦诺人	campaign_name	Wesnoth인	
West Barracks	서부 병영	西兵舎	西部兵营	campaign_name		
West Gate	서쪽 관문	西門	西之门	place_name		
West Tower	서쪽 탑	西の塔	西塔	place_name		
West: Laboratory and Experiment Testing	서쪽: 실험실 및 실험 구역	西：研究所と実験室	西面：实验室和实验测试	term		
Westin	웨스틴(Westin)	Westin	韦斯廷	proper_noun		
Westin Guard	웨스틴(Westin) 수비대	Westin 防衛隊	韦斯廷卫队	faction		
Westwind Wood	하늬바람(Westwind) 숲	西風の森	西风树林	place_name		
When a new turn has begun	새 턴이 시작되었을 때	新しいターンが始まった時	当新的回合开始时	term		
When a public message is received	공개 메시지를 받을 때	公開メッセージを受け取った時	当收到公开消息时	term		
When a server message is received	서버 메시지를 받을 때	サーバーからメッセージが届いた時	当收到服务器消息时	term		
When a whisper is received	귓속말을 받을 때	ささやきを受け取った時	当收到悄悄话时	term		
Where have you been? Lord-	어디 있었던 거야? 군주-	今までどこにいたんだ？長よ──	你去哪儿了？达——	term		
Which team this side belongs to	이 진영이 속한 팀	陣営が属するチームを変更します	此阵营所属的队伍	term		
Whirlpool	소용돌이	渦巻き	漩涡	item_name		
Whisper	속삭임	ささやき	悄悄话	proper_noun		
White	흰색	白	白	term		
White Mage	백색 마법사	白魔術師	白袍法师	unit_name		
White Ring	흰색 반지	白い指輪	白色戒指	item_name		
Whiteboard Options	행동 예정 선택사항	行動予定オプション	白板选项	term		
Wicked	사악한	不快	恶质	proper_noun		
Wild	야생	原野	野地	term		
Wild Wolves	야생 늑대들	野生の狼	野狼	faction		
Wild Wyvern	야생 와이번(Wyvern)	野生のワイバーン	野生双足飞龙	unit_name		
Windmill	풍차	風車	风车	terrain		
Windmill Village	풍차 마을	風車の村	风车村庄	terrain		
Window	창	ウィンドウ	窗口	terrain		
Winds of Fate	운명의 바람	運命の風	命运之风	campaign_name		
Winged scepter	날개 달린 홀	翼の笏	有翼权杖	item_name		
Winning a scenario	시나리오 승리	シナリオで勝利するには	赢得场景	term		
Winter	겨울	冬	冬季	term		
Winter Deciduous Forest	겨울 낙엽수림	冬の落葉樹林	冬季落叶林	terrain		
Winter Dwarven Castle	겨울 드워프 성	冬のドワーフの城	冬季矮人城堡	terrain		
Winter Dwarven Keep	겨울 드워프 본영	冬のドワーフの主塔	冬季矮人主楼	terrain		
Winter Elven Castle	겨울 엘프 성	冬のエルフの城	冬季精灵城堡	terrain		
Winter Elven Keep	겨울 엘프 본영	冬のエルフの主塔	冬季精灵主楼	terrain		
Winter Mixed Forest	겨울 혼합수림	冬の混交林	冬季混交林	terrain		
Wizard	마도사	not found	not found	unit_role		
WoCopedia	WoCopedia	世界征服の手引き	世界征服百科全书	proper_noun		
WoF	바람(WoF)	WoF	WoF	campaign_name		
Wolf	늑대	狼	狼	unit_name		
Wolf Coast	늑대의 해안	オオカミ海岸	恶狼海岸	place_name		
Wolf Rider	늑대 기병	ウルフライダー	狼骑手	unit_name		
Wolf Riders	늑대 기병들	ウルフライダー	狼骑兵	faction		
Wolmas	월마스(Wolmas)	Wolmas	沃尔马斯	proper_noun		
Wonrunmaldin	원룬말딘(Wonrunmaldin)	Wonrunmaldin	温让马丁	proper_noun		
Wooded Bluffs	숲이 우거진 절벽	樹木の茂る絶壁	树木覆盖的悬崖	terrain		
Wooded Gulch	숲이 우거진 협곡	樹木の茂る峡谷	树木覆盖的峡谷	terrain		
Wooden Bridge	나무 다리	木の橋	木桥	terrain		
Wooden Door	나무 문	木の扉	木门	terrain		
Wooden Floor	나무 바닥	木の床	木地板	terrain		
Wooden Palisade	목책	木杭の柵	木栅栏	terrain		
Woodland Boar	숲 멧돼지	森猪	林地野猪	unit_name		
Woodsman	나무꾼	木こり	山民	unit_name		
Working directory	작업 디렉토리	作業ディレクトリ	工作目录	term		
World Conquest	세계 정복	世界征服	世界征服	term		
World Conquest 1p	월드 정복 1인	世界征服 1p	世界征服 1p	term		
World Conquest 2p	월드 정복 2인	世界征服 2p	世界征服 2p	term		
World Conquest 3p	월드 정복 3인	世界征服 3p	世界征服 3p	term		
World Conquest 4p	월드 정복 4인	世界征服 4p	世界征服 4p	term		
Worst of	최저:	次のうち悪い方：	最差	term		
Wose	나모	ウーズ	树人	unit_name		최신 한국어 참고 PO와 기존 한국어 PO에서 정착된 종족명; 일본어는 음차, 중국어는 의미역이므로 한국어는 음차 병기하지 않음
Wose Lore	우즈의 전승	ウーズ伝承	树人的传说	item_name		
Wose Sapling	나모 묘목	ウーズの若木	树人幼体	unit_name		
Woses	나모들	ウーズ	树人	faction		
Wounded Dwarf	부상당한 난쟁이	傷ついたドワーフ	负伤矮人	unit_name		
Wounded Scout	부상당한 정찰병	負傷した斥候	受伤的侦察兵	term		
Wraith	망령	レイス	幽魂	unit_name		
Wrap Up	마무리	おわりに	总结	term		
Wrulf	우룰프(Wrulf)	Wrulf	沃若夫	faction		원본 PO의 고유명사 문맥을 확인해 한국어 음차와 원문을 병기
Wynran	윈란(Wynran)	Wynran	温兰	unit_name		
Wyrm	웜(Wyrm)	ワーム	飞龙	unit_name		
Wyrms of Khrakrahs	크흐라크라흐스(Khrakrahs) 뱀룡	Khrakrahs のワーム	柯拉卡拉斯的爬龙	faction		
XP	경험치(XP)	XP	经验	proper_noun		
Xakae	자카(Xakae)	Xakae	夏凯	unit_name		
Xamalia	싸말리아(Xamalia)	Xamalia	塞玛利亚	faction		원본 PO의 고유명사 문맥을 확인해 한국어 음차와 원문을 병기
Xanthos	싼토스(Xanthos)	Xanthos	赞瑟斯	unit_name		
Xanthric	잔트릭(Xanthric)	Xanthric	桑斯里克	unit_name		
Xaskanat	자스카나트(Xaskanat)	Xaskanat	卡斯卡纳特	proper_noun		
Xatra	자트라(Xatra)	Xatra	沙特拉	proper_noun		
Xenophobia	이종족 혐오	排外主義	异种憎恶	campaign_name		
Xikkrisx	시크리스(Xikkrisx)	Xikkrisx	西克雷斯克斯	faction		
Xnamas	크사마스(Xnamas)	Xnamas	希纳玛斯	unit_name		
Yannic	얀닉(Yannic)	Yannic	雅尼克	faction		원본 PO의 고유명사 문맥을 확인해 한국어 음차와 원문을 병기
Yantili	얀틸리(Yantili)	Yantili	阳提利	unit_name		
Yechnagoth	예크나고쓰(Yechnagoth)	Yechnagoth	耶柯纳戈斯	unit_name		
Yellow	노랑색	黄	黄	proper_noun		
Yellow Potion	노량 물약	黄色い薬	黄色药剂	item_name		
Yellow orb	노란색 구슬	黄の宝珠	黄色球	term		
Yes	예	はい	是	term	네	
Yeti	설인 예티	イェティ	雪人	unit_name		
Yetiburger	예티버거	イエティバーガー	雪人堡	item_name		
Yetis	예티족	イエティ	雪人	faction		
Ylla	일라(Ylla)	Ylla	伊利亚	unit_name		
You	당신	あなた	你	term		
You got	획득함	獲得	你获得了	term		
Young King	젊은 왕	若き王	年轻之王	unit_name		
Young Ogre	어린 오우거(Ogre)	若者オーガ	幼年食人魔	unit_name		
Your Army	당신의 군대	あなたの軍隊	您的部队	term		
Your gold	당신의 금화	所持ゴールド	您的金币数	term		
Your income	당신의 수입	収入	您的收入	term		
Your total units	당신의 총 유닛 수	自軍の合計ユニット数	您的单位总数	term		
Your upkeep	당신의 유지비	維持費	您的维护费用	term		
Yran	이란(Yran)	Yran	伊兰	unit_name		
Yredd	이레드(Yredd)	Yredd	伊雷德	unit_name		
Yrthynaenc	이르시나엔크(Yrthynaenc)	Yrthynaenc	厄斯内恩克	proper_noun		
Ystara	이스타라(Ystara)	Ystara	伊斯图拉	faction		원본 PO의 고유명사 문맥을 확인해 한국어 음차와 원문을 병기
Yuni	유니(Yuni)	Yuni	由妮	proper_noun		
Zagar	자가르(Zagar)	Zagar	扎加尔	unit_name		
Zedrix	제드릭스(Zedrix)	Zedrix	泽德里克斯	proper_noun		
Zelgant	젤간트(Zelgant)	Zelgant	泽刚特	faction		원본 PO의 고유명사 문맥을 확인해 한국어 음차와 원문을 병기
Zephyr cloak	제피르 망토	そよ風のクローク	西风斗篷	item_name		
Zero upkeep	유지비 없음	維持費なし	无维护费用	trait		
Zhuk	딱정벌레 주크(Zhuk)	Zhuk	祖库	unit_name		
Zhul	줄(Zhul)	Zhul	朱尔	proper_noun		
Zilchis	질키스(Zilchis)	Zilchis	吉崔斯	unit_name		
Zlex	즐렉스(Zlex)	Zlex	兹莱克斯	unit_name		
Zone of Control	통제 권역(ZOC)	支配領域（ZoC：Zone of Control）	控制区域	term	지배 영역; 통제 구역; 통제 권역; 통제 영역	
Zoom In	화면 확대	ズームイン	放大	term		
Zoom Out	화면 축소	ズームアウト	缩小	term		
Zorlan	조를란(Zorlan)	Zorlan	佐兰	proper_noun		
Zur	주르(Zur)	Zur	泽	proper_noun		
Zurg	주르그(Zurg)	Zurg	泽格	proper_noun		
Zuzerd	주제르드(Zuzerd)	Zuzerd	祖则德	unit_name		
Zyar	지아르(Zyar)	Zyar	泽亚	proper_noun		
Zylea	지레아(Zylea)	Zylea	吉离	unit_name		
a fully-healed Dust Devil	완전히 치유된 먼지 악마	完全回復したダストデビル	一个完全治愈的尘土魔	term		
a stronger Dust Devil	더 강한 먼지 악마	強いダストデビル	一个强壮些的尘土魔	term		
a taller Dust Devil	더 키가 큰 먼지 악마	大きなダストデビル	一个高点的尘土魔	term		
absorb	흡수	緩衝	吸收	term		
active_modifications^None	없음	なし	无	term		gettext 문맥 키(source_term의 ^ 앞부분)는 번역하지 않고, ^ 뒤의 표시 문자열만 표준 번역으로 사용
addon_dependencies^None	없음	なし	无	term		gettext 문맥 키(source_term의 ^ 앞부분)는 번역하지 않고, ^ 뒤의 표시 문자열만 표준 번역으로 사용
addon_state^Installed	설치됨	インストール済み	已安装	ui		gettext 문맥 키(source_term의 ^ 앞부분)는 번역하지 않고, ^ 뒤의 표시 문자열만 표준 번역으로 사용
addon_state^Installed, broken	설치됨, 손상됨	インストール済み、破損	已安装，已损坏	ui		gettext 문맥 키(source_term의 ^ 앞부분)는 번역하지 않고, ^ 뒤의 표시 문자열만 표준 번역으로 사용
addon_state^Installed, not ready to publish	설치됨, 게시할 준비 안 됨	インストール済み、公開準備未了	已安装，未准备好发布	ui		gettext 문맥 키(source_term의 ^ 앞부분)는 번역하지 않고, ^ 뒤의 표시 문자열만 표준 번역으로 사용
addon_state^Installed, not tracking local version	설치됨, 로컬 버전을 추적하지 않음	インストール済み、トラッキングされていないローカルバージョン	已安装，未跟踪本地版本	ui		gettext 문맥 키(source_term의 ^ 앞부분)는 번역하지 않고, ^ 뒤의 표시 문자열만 표준 번역으로 사용
addon_state^Installed, outdated on server	설치됨, 서버에서 오래됨	インストール済み、サーバー上に旧バージョン有り	已安装，服务器上的版本已过时	ui		gettext 문맥 키(source_term의 ^ 앞부분)는 번역하지 않고, ^ 뒤의 표시 문자열만 표준 번역으로 사용
addon_state^Installed, upgradable	설치됨, 업그레이드 가능	インストール済み、アップデート有り	已安装，可升级	ui		gettext 문맥 키(source_term의 ^ 앞부분)는 번역하지 않고, ^ 뒤의 표시 문자열만 표준 번역으로 사용
addon_state^Not installed	설치되지 않음	未インストール	未安装	ui		gettext 문맥 키(source_term의 ^ 앞부분)는 번역하지 않고, ^ 뒤의 표시 문자열만 표준 번역으로 사용
addon_state^Published	게시됨	公開済み	已发布	ui		gettext 문맥 키(source_term의 ^ 앞부분)는 번역하지 않고, ^ 뒤의 표시 문자열만 표준 번역으로 사용
addon_state^Published, broken	게시됨, 손상됨	公開済み、破損	已发布，已损坏	ui		gettext 문맥 키(source_term의 ^ 앞부분)는 번역하지 않고, ^ 뒤의 표시 문자열만 표준 번역으로 사용
addon_state^Published, not installed	게시됨, 설치되지 않음	公開済み、未インストール	已发布，未安装	ui		gettext 문맥 키(source_term의 ^ 앞부분)는 번역하지 않고, ^ 뒤의 표시 문자열만 표준 번역으로 사용
addon_state^Published, not tracking local version	게시됨, 로컬 버전을 추적하지 않음	公開済み、トラッキングされていないローカルバージョン	已发布，未跟踪本地版本	ui		gettext 문맥 키(source_term의 ^ 앞부분)는 번역하지 않고, ^ 뒤의 표시 문자열만 표준 번역으로 사용
addon_state^Published, outdated on server	게시됨, 서버에서 오래됨	公開済み、サーバー上に旧バージョン有り	已发布，服务器上的版本已过时	ui		gettext 문맥 키(source_term의 ^ 앞부분)는 번역하지 않고, ^ 뒤의 표시 문자열만 표준 번역으로 사용
addon_state^Published, upgradable	게시됨, 업그레이드 가능	公開済み、アップデート有り	已发布，可升级	ui		gettext 문맥 키(source_term의 ^ 앞부분)는 번역하지 않고, ^ 뒤의 표시 문자열만 표준 번역으로 사용
addon_state^Ready to publish	게시할 준비 완료	公開準備完了	已准备好发布	ui		gettext 문맥 키(source_term의 ^ 앞부분)는 번역하지 않고, ^ 뒤의 표시 문자열만 표준 번역으로 사용
addon_state^Unknown	알 수 없음	不明	未知	ui		gettext 문맥 키(source_term의 ^ 앞부분)는 번역하지 않고, ^ 뒤의 표시 문자열만 표준 번역으로 사용
addon_tag^Cooperative	협동	協力	协作	ui		gettext 문맥 키(source_term의 ^ 앞부분)는 번역하지 않고, ^ 뒤의 표시 문자열만 표준 번역으로 사용
addon_tag^Cosmetic	꾸미기	外観	装饰性	ui		gettext 문맥 키(source_term의 ^ 앞부분)는 번역하지 않고, ^ 뒤의 표시 문자열만 표준 번역으로 사용
addon_tag^Difficulty	난이도	難易度	难度调整	ui		gettext 문맥 키(source_term의 ^ 앞부분)는 번역하지 않고, ^ 뒤의 표시 문자열만 표준 번역으로 사용
addon_tag^Fight against waves of enemies	적의 파도와 전투	敵の大群と戦います。	与一波又一波敌人作战	ui		gettext 문맥 키(source_term의 ^ 앞부분)는 번역하지 않고, ^ 뒤의 표시 문자열만 표준 번역으로 사용
addon_tag^Players can change the terrain	플레이어가 지형 변경 가능	地形に変更を加えます。	玩家可以改变地形	ui		gettext 문맥 키(source_term의 ^ 앞부분)는 번역하지 않고, ^ 뒤의 표시 문자열만 표준 번역으로 사용
addon_tag^RNG	난수(RNG)	RNG	随机性调整	ui		gettext 문맥 키(source_term의 ^ 앞부분)는 번역하지 않고, ^ 뒤의 표시 문자열만 표준 번역으로 사용
addon_tag^Survival	생존	サバイバル	生存	ui		gettext 문맥 키(source_term의 ^ 앞부분)는 번역하지 않고, ^ 뒤의 표시 문자열만 표준 번역으로 사용
addon_tag^Terraforming	지형 변환	地形変更	地形改造	ui		gettext 문맥 키(source_term의 ^ 앞부분)는 번역하지 않고, ^ 뒤의 표시 문자열만 표준 번역으로 사용
addon_type^Campaign	캠페인	キャンペーン	战役	term		gettext 문맥 키(source_term의 ^ 앞부분)는 번역하지 않고, ^ 뒤의 표시 문자열만 표준 번역으로 사용
addon_type^Core	핵심	コア	核心	term		gettext 문맥 키(source_term의 ^ 앞부분)는 번역하지 않고, ^ 뒤의 표시 문자열만 표준 번역으로 사용
addon_type^MP campaign	멀티플레이용(MP) 캠페인	MP キャンペーン	多人游戏战役	term		gettext 문맥 키(source_term의 ^ 앞부분)는 번역하지 않고, ^ 뒤의 표시 문자열만 표준 번역으로 사용
addon_type^MP era	멀티플레이용(MP) 시대	MP 時代	多人游戏时代	term		gettext 문맥 키(source_term의 ^ 앞부분)는 번역하지 않고, ^ 뒤의 표시 문자열만 표준 번역으로 사용
addon_type^MP faction	멀티플레이용(MP) 당파	MP 党派	多人游戏派系	term		gettext 문맥 키(source_term의 ^ 앞부분)는 번역하지 않고, ^ 뒤의 표시 문자열만 표준 번역으로 사용
addon_type^MP map-pack	멀티플레이용(MP) 지도 합본	MP マップパック	多人游戏地图包	term		gettext 문맥 키(source_term의 ^ 앞부분)는 번역하지 않고, ^ 뒤의 표시 문자열만 표준 번역으로 사용
addon_type^MP scenario	멀티플레이용(MP) 시나리오	MP シナリオ	多人游戏场景	term		gettext 문맥 키(source_term의 ^ 앞부분)는 번역하지 않고, ^ 뒤의 표시 문자열만 표준 번역으로 사용
addon_type^Modification	모드	Mod	模组	term		gettext 문맥 키(source_term의 ^ 앞부분)는 번역하지 않고, ^ 뒤의 표시 문자열만 표준 번역으로 사용
addon_type^Other	기타	その他	其它	term		gettext 문맥 키(source_term의 ^ 앞부분)는 번역하지 않고, ^ 뒤의 표시 문자열만 표준 번역으로 사용
addon_type^Resources	자원	素材集	资源	term		gettext 문맥 키(source_term의 ^ 앞부분)는 번역하지 않고, ^ 뒤의 표시 문자열만 표준 번역으로 사용
addon_type^Scenario	시나리오	シナリオ	场景	term		gettext 문맥 키(source_term의 ^ 앞부분)는 번역하지 않고, ^ 뒤의 표시 문자열만 표준 번역으로 사용
addons^Back to List	목록으로 돌아가기	リストに	回退到列表	term		gettext 문맥 키(source_term의 ^ 앞부분)는 번역하지 않고, ^ 뒤의 표시 문자열만 표준 번역으로 사용
addons_of_type^Campaigns	캠페인	キャンペーン	战役	term		gettext 문맥 키(source_term의 ^ 앞부분)는 번역하지 않고, ^ 뒤의 표시 문자열만 표준 번역으로 사용
addons_of_type^Cores	핵심	コア	核心	term		gettext 문맥 키(source_term의 ^ 앞부분)는 번역하지 않고, ^ 뒤의 표시 문자열만 표준 번역으로 사용
addons_of_type^MP campaigns	마력(MP) 캠페인	MP キャンペーン	多人游戏战役	term		gettext 문맥 키(source_term의 ^ 앞부분)는 번역하지 않고, ^ 뒤의 표시 문자열만 표준 번역으로 사용
addons_of_type^MP eras	마력(MP) 시대	MP 時代	多人游戏时代	term		gettext 문맥 키(source_term의 ^ 앞부분)는 번역하지 않고, ^ 뒤의 표시 문자열만 표준 번역으로 사용
addons_of_type^MP factions	마력(MP) 진영	MP 党派	多人游戏派系	term		gettext 문맥 키(source_term의 ^ 앞부분)는 번역하지 않고, ^ 뒤의 표시 문자열만 표준 번역으로 사용
addons_of_type^MP map-packs	마력(MP) 지도 모음	MP マップパック	多人游戏地图包	term		gettext 문맥 키(source_term의 ^ 앞부분)는 번역하지 않고, ^ 뒤의 표시 문자열만 표준 번역으로 사용
addons_of_type^MP scenarios	마력(MP) 시나리오	MP シナリオ	多人游戏场景	term		gettext 문맥 키(source_term의 ^ 앞부분)는 번역하지 않고, ^ 뒤의 표시 문자열만 표준 번역으로 사용
addons_of_type^Modifications	변경 사항	Mod	模组	term		gettext 문맥 키(source_term의 ^ 앞부분)는 번역하지 않고, ^ 뒤의 표시 문자열만 표준 번역으로 사용
addons_of_type^Other	기타	その他	其他	term		gettext 문맥 키(source_term의 ^ 앞부분)는 번역하지 않고, ^ 뒤의 표시 문자열만 표준 번역으로 사용
addons_of_type^Resources	리소스	素材集	资源	term		gettext 문맥 키(source_term의 ^ 앞부분)는 번역하지 않고, ^ 뒤의 표시 문자열만 표준 번역으로 사용
addons_of_type^SP/MP campaigns	싱글플레이/멀티플레이 캠페인	SP/MP キャンペーン	单人/多人游戏战役	term		gettext 문맥 키(source_term의 ^ 앞부분)는 번역하지 않고, ^ 뒤의 표시 문자열만 표준 번역으로 사용
addons_of_type^Scenarios	시나리오	シナリオ	场景	term		gettext 문맥 키(source_term의 ^ 앞부분)는 번역하지 않고, ^ 뒤의 표시 문자열만 표준 번역으로 사용
addons_of_type^Unknown	알 수 없음	不明	未知	term		gettext 문맥 키(source_term의 ^ 앞부분)는 번역하지 않고, ^ 뒤의 표시 문자열만 표준 번역으로 사용
addons_server^Terms	약관	条件	使用条款	term		gettext 문맥 키(source_term의 ^ 앞부분)는 번역하지 않고, ^ 뒤의 표시 문자열만 표준 번역으로 사용
addons_view^All Add-ons	모든 부가 기능	全てのアドオン	全部附加组件	term		gettext 문맥 키(source_term의 ^ 앞부분)는 번역하지 않고, ^ 뒤의 표시 문자열만 표준 번역으로 사용
addons_view^Installed	설치됨	インストール済み	已安装	term		gettext 문맥 키(source_term의 ^ 앞부분)는 번역하지 않고, ^ 뒤의 표시 문자열만 표준 번역으로 사용
addons_view^Not Installed	설치되지 않음	未インストール	未安装	term		gettext 문맥 키(source_term의 ^ 앞부분)는 번역하지 않고, ^ 뒤의 표시 문자열만 표준 번역으로 사용
addons_view^Publishable	게시 가능	公開済み	可发布	term		gettext 문맥 키(source_term의 ^ 앞부분)는 번역하지 않고, ^ 뒤의 표시 문자열만 표준 번역으로 사용
addons_view^Upgradable	업그레이드 가능	アップデート有り	可升级	term		gettext 문맥 키(source_term의 ^ 앞부분)는 번역하지 않고, ^ 뒤의 표시 문자열만 표준 번역으로 사용
aged	노쇠함	老化	年迈	trait		
agriculture	농업	農業	农业	term		
alien regenerates	침략자의 재생	侵略者の再生	异形再生	term		
all	모든 타일	すべて	全部	term		
ambush	매복	伏兵	伏击	term	기습	
amulet	부적	魔除け	护身符	item_name		
and	그리고	そして	与	term		
ant ambrosia	개미의 암브로시아	アリのアンブロシア	蚁蜜	item_name		
arcane	신령	秘術	奥术	term		
ascending	오름차순	昇順	升序	term		
astral blade	영혼도	星域の刃	星刃	attack_type		
audacious	대담한	大胆	大胆	trait		
axe	도끼	斧	斧	attack_type		
backstab	배후 공격	奇襲	背刺	term	뒷치기	
balanced scimitar slash	균형 잡힌 시미타 베기	バランスの良いシミターの斬撃	平衡弯刀砍击	attack_type		
ballista	발리스타	バリスタ	投石器	attack_type	노포	
baneblade	사악한 검	死の剣	诅咒之刃	attack_type		
banner	깃발	戦旗	战旗	term		
barkskin	나무껍질	強皮	树皮	term		
battle axe	전투 도끼	戦斧	战斧	attack_type		
battle claws	전투용 갈퀴	格闘かぎ爪	战爪	attack_type		
beak	부리	くちばし	喙	attack_type		
berserk	광전사	狂戦	狂暴	term		
berserker frenzy	광전사 난무	狂戦	狂血暴击	attack_type		
bite	물기	噛みつき	咬	unit_name		
blade	참격	斬撃	刃器	attack_type		
bladed feathers	칼날 깃털	羽の刃	刃羽	attack_type		
blast	폭발	突風	爆裂	term		
blast wave	폭발 파동	爆風	冲击波	attack_type		
blessed lance	축복받은 창	祝福されたランス	圣枪	attack_type		
blood kiss	피의 입맞춤	血の接吻	血之吻	attack_type		
blowgun	바람총	吹き矢	吹箭	attack_type		
boarders	승선자	斬り込み隊	跳帮	attack_type		
bolas	팔맷돌	ボーラ	流星锤	attack_type		
bow	활	弓	弓	attack_type		
breath	숨결	ブレス	吐息	attack_type		
bridge	다리 타일	橋	桥	term		
burrow	굴 파기	堀潜	潜地	term		
cache^Clean	정리	クリーン	清理	term		gettext 문맥 키(source_term의 ^ 앞부분)는 번역하지 않고, ^ 뒤의 표시 문자열만 표준 번역으로 사용
cache^Purge	비우기	削除	完全清除	term		gettext 문맥 키(source_term의 ^ 앞부분)는 번역하지 않고, ^ 뒤의 표시 문자열만 표준 번역으로 사용
campaign_abbreviation^C	C	キ	C	term		gettext 문맥 키(source_term의 ^ 앞부분)는 번역하지 않고, ^ 뒤의 표시 문자열만 표준 번역으로 사용
cancel	취소	キャンセル	取消	term		
cannibalize	동족 포식	共食い	同类相食	term		
carapace	갑각	甲羅	甲壳	term		
castle	성채 타일	城	城堡	term		
cave	동굴 타일	洞窟	洞穴	term		
chakram	차크람	チャクラム	查克拉姆刃环	attack_type		
chakri	차크리	チャクリ	查克里刃环	attack_type		
chaotic	야행성	混沌	混沌	alignment		
charge	돌격	突撃	冲锋	term		
chill tempest	냉기 폭풍	冷気の大嵐	冷冻风暴	attack_type		
chill wave	냉기 파동	冷気の嵐	冰寒波	attack_type		
claws	갈퀴	かぎ爪	爪	unit_name	발톱	
cleaver	식칼	大包丁	剁肉刀	attack_type		
clipboard^Copy	복사	コピー	复制	term		gettext 문맥 키(source_term의 ^ 앞부분)는 번역하지 않고, ^ 뒤의 표시 문자열만 표준 번역으로 사용
club	몽둥이	棍棒	木棒	attack_type		
cold	냉기	冷気	冰寒	term		
color^Gold	금색	ゴールド	金	term		gettext 문맥 키(source_term의 ^ 앞부분)는 번역하지 않고, ^ 뒤의 표시 문자열만 표준 번역으로 사용
composite bow	복합궁	合成弓	复合弓	attack_type		
concealment	은폐	潜伏	隐蔽	term		
conscience	양심	良心	良知	term		
consumption	소모	消費	消耗	term		
continuous replay	리플레이 연속재생	リプレイを連続して再生します	连续回放	term		
controller^AI	AI	AI	AI	ui		gettext 문맥 키(source_term의 ^ 앞부분)는 번역하지 않고, ^ 뒤의 표시 문자열만 표준 번역으로 사용
controller^AI only	AI 전용	AIのみ	仅AI	ui		gettext 문맥 키(source_term의 ^ 앞부분)는 번역하지 않고, ^ 뒤의 표시 문자열만 표준 번역으로 사용
controller^Human	인간	人間	人类	ui		gettext 문맥 키(source_term의 ^ 앞부분)는 번역하지 않고, ^ 뒤의 표시 문자열만 표준 번역으로 사용
controller^Idle	대기	待機	空闲	ui		gettext 문맥 키(source_term의 ^ 앞부분)는 번역하지 않고, ^ 뒤의 표시 문자열만 표준 번역으로 사용
controller^None	없음	無し	无	ui		gettext 문맥 키(source_term의 ^ 앞부분)는 번역하지 않고, ^ 뒤의 표시 문자열만 표준 번역으로 사용
controller^Reserved	예약됨	予約済み	保留	ui		gettext 문맥 키(source_term의 ^ 앞부분)는 번역하지 않고, ^ 뒤의 표시 문자열만 표준 번역으로 사용
cooldown 1	재사용 시간 1	冷却１	冷却1	term		
cooldown 2	재사용 시간 2	冷却２	冷却2	term		
corpse launch	시체 발사	死体発射	尸体发射	attack_type		
corpse launcher	시체 발사기	死体発射	尸体发射器	attack_type		
corpse master	시체 지배자	死体操者	尸主	term		
corrupted original file	손상된 원본 파일	不正なオリジナルファイル	损坏的原始文件	term		
corruption	부패	退廃	腐蚀	term		
crossbow	석궁	クロスボウ	十字弩	attack_type		
crush	으깨기	粉砕	压碎	attack_type		
cured	해독됨	治療	已解毒	term		
cures	해독	治療	疗毒	term		
current local time	현재 시간	現在のローカル時間	当前本地时间	term		
curse	저주	呪い	诅咒	attack_type		
dagger	짧은 단검	ダガー	匕首	attack_type		
darkens	어둡게 함	暗転	暗化	term		
darkness	어둠	暗転	黑暗	term		
daze	눈 멀게함	目潰し	眩晕	term		
dazed	눈이 멀어짐	目潰し！	眩晕	term		
death cloud	죽음의 구름	死の雲	死亡之云	term		
def	방어력	回避	防	term		
defeated	패배함	敗北	败战的	term		
deflect	굴절	受流	偏转	term		
descending	내림차순	降順	降序	term		
desert	사막 타일	砂漠	沙漠	term		
desert windblast	사막 바람 폭발	砂漠の突風	沙漠气浪	attack_type		
deserter	탈영병	脱走兵	逃兵	trait		
deterrent strike	견제 공격	抑止攻撃	威慑打击	term		
dextrous	능란함	器用	灵巧	trait	능란한	
dialog^Advantage	우위	優位性	优势	term		gettext 문맥 키(source_term의 ^ 앞부분)는 번역하지 않고, ^ 뒤의 표시 문자열만 표준 번역으로 사용
dialog^Turns Over	턴 종료	ターンリミット	回合结束	term		gettext 문맥 키(source_term의 ^ 앞부분)는 번역하지 않고, ^ 뒤의 표시 문자열만 표준 번역으로 사용
dim	둔함	凡愚	愚笨	trait		
dir_size^Unknown	알 수 없음	不明	未知	term		gettext 문맥 키(source_term의 ^ 앞부분)는 번역하지 않고, ^ 뒤의 표시 문자열만 표준 번역으로 사용
disallow deprecated Lua API calls	더 이상 사용하지 않는 Lua API 호출을 허용하지 않습니다.	非推奨のLua APIコールを許可しない。	禁用已废弃的Lua API调用	term		
disengage	철수	離脱	脱战	term		
distract	교란	撹乱	分神	term		
diversion	주의 분산	陽動	分神	term		
dragonstaff	용뢰포	竜の杖	龙枪	attack_type		
drains	흡혈	生命吸収	吸血	term		
drunk	취함	泥酔	醉酒	term		
drunken rage	만취 광분	酔乱	酒后狂怒	term		
dummy_unit^Fog Clearer	안개 걷기용	霧払い	迷雾清除者	unit_name		gettext 문맥 키(source_term의 ^ 앞부분)는 번역하지 않고, ^ 뒤의 표시 문자열만 표준 번역으로 사용
dust recuperation	모래 먼지 흡수	砂塵の吸収	尘土回复	term		
eagle	독수리	鷲	雕	attack_type		
editor_hotkeys^E	E	エ	E	term		gettext 문맥 키(source_term의 ^ 앞부분)는 번역하지 않고, ^ 뒤의 표시 문자열만 표준 번역으로 사용
elates Kalenz	칼렌츠(Kalenz) 격려효과	Kalenz の高揚	鼓励卡雷兹	term		
elemental	원소계	精霊	元素	trait		
elements	원소	属性	元素	trait		
elevation	높이	エレベーション	高低差	term		
embellishments	타일 장식	飾り	装饰	term		
empty	비어 있음	空	空置	term		
en	ko	ja	zh-CN	term		
enables some Lua debugging mechanisms	일부 Lua 디버깅 기능을 활성화합니다.	一部の Lua デバッグ機構を有効にする。	启用一些Lua调试机制	term		
enemy level	적 레벨	敵のレベル	敌方等级	term		
energy ray	에너지 광선	エネルギー光線	能量射线	attack_type		
enlightened	깨달음	覚者	觉悟	term		
ensnare	올가미	罠の術	诱捕	attack_type		
entangle	포박	巻きつき	缠绕	attack_type		
epic	전설적인	至高	史诗	trait		
era_or_mod^not installed	설치되지 않음	未インストール	未安装	term		gettext 문맥 키(source_term의 ^ 앞부분)는 번역하지 않고, ^ 뒤의 표시 문자열만 표준 번역으로 사용
error	오류	エラー	错误	term		
evil eye	사악한 눈	邪悪な瞳	邪恶之眼	attack_type		
expert	숙련된	熟練	专家	trait		
faerie fire	정령의 불꽃	妖精の炎	仙境之火	attack_type		
faerie touch	정령의 손길	妖精の接触	仙境之触	attack_type		
falcon	매	隼	隼	attack_type		
fall	가을	秋	崩坏	term		
fangs	송곳니	牙	尖牙	unit_name		
fearless	용맹한	勇敢	无惧	trait		
feature^Cocoa notifications back end	Cocoa 알림 백엔드	Cocoa通知バックエンド	Cocoa提醒后端	ui		gettext 문맥 키(source_term의 ^ 앞부분)는 번역하지 않고, ^ 뒤의 표시 문자열만 표준 번역으로 사용
feature^D-Bus notifications back end	D-Bus 알림 백엔드	D-Bus通知バックエンド	D-Bus提醒后端	ui		gettext 문맥 키(source_term의 ^ 앞부분)는 번역하지 않고, ^ 뒤의 표시 문자열만 표준 번역으로 사용
feature^Lua console completion	Lua 콘솔 자동 완성	Luaコンソールでの補完機能	Lua控制台补全	ui		gettext 문맥 키(source_term의 ^ 앞부분)는 번역하지 않고, ^ 뒤의 표시 문자열만 표준 번역으로 사용
feature^Win32 notifications back end	Win32 알림 백엔드	Win32通知バックエンド	Win32提醒后端	ui		gettext 문맥 키(source_term의 ^ 앞부분)는 번역하지 않고, ^ 뒤의 표시 문자열만 표준 번역으로 사용
feeding	포식	摂食	食尸	term		
female^Arch Mage	고위 마법사	熟練女魔術師	大法师	term		gettext 문맥 키(source_term의 ^ 앞부분)는 번역하지 않고, ^ 뒤의 표시 문자열만 표준 번역으로 사용
female^Armageddon Drake	종언의 반룡	女アルマゲドンドレーク	末日龙战士	term		gettext 문맥 키(source_term의 ^ 앞부분)는 번역하지 않고, ^ 뒤의 표시 문자열만 표준 번역으로 사용
female^Assassin	암살자	女暗殺者	刺客	term		gettext 문맥 키(source_term의 ^ 앞부분)는 번역하지 않고, ^ 뒤의 표시 문자열만 표준 번역으로 사용
female^Battle Princess	전투의 여왕	戦闘の王女	武士公主	unit_name		gettext 문맥 키(source_term의 ^ 앞부분)는 번역하지 않고, ^ 뒤의 표시 문자열만 표준 번역으로 사용
female^Black Nightmare	검은 악몽	黒の悪夢	乌魇	term		gettext 문맥 키(source_term의 ^ 앞부분)는 번역하지 않고, ^ 뒤의 표시 문자열만 표준 번역으로 사용
female^Borderer	여성 국경의 주민	辺境人	巡界人	term		gettext 문맥 키(source_term의 ^ 앞부분)는 번역하지 않고, ^ 뒤의 표시 문자열만 표준 번역으로 사용
female^Criminal	범죄자	犯罪者	罪犯	faction		gettext 문맥 키(source_term의 ^ 앞부분)는 번역하지 않고, ^ 뒤의 표시 문자열만 표준 번역으로 사용
female^Dark Adept	검은 수련자	女暗黒僧	黑暗狂徒	term		gettext 문맥 키(source_term의 ^ 앞부분)는 번역하지 않고, ^ 뒤의 표시 문자열만 표준 번역으로 사용
female^Dark Horse	검은 말	雌黒馬	黯骏	term		gettext 문맥 키(source_term의 ^ 앞부분)는 번역하지 않고, ^ 뒤의 표시 문자열만 표준 번역으로 사용
female^Dark Queen	어둠의 여왕	闇の女王	黑暗女王	unit_name		gettext 문맥 키(source_term의 ^ 앞부분)는 번역하지 않고, ^ 뒤의 표시 문자열만 표준 번역으로 사용
female^Divine Avatar	여성 신의 아바타	神のアバター	神的显灵	unit_name		gettext 문맥 키(source_term의 ^ 앞부분)는 번역하지 않고, ^ 뒤의 표시 문자열만 표준 번역으로 사용
female^Divine Incarnation	여성 신의 화신	神の化身	神的化身	unit_name		gettext 문맥 키(source_term의 ^ 앞부분)는 번역하지 않고, ^ 뒤의 표시 문자열만 표준 번역으로 사용
female^Drake Arbiter	반룡 심판관	ドレークの女裁定者	龙人仲裁者	term		gettext 문맥 키(source_term의 ^ 앞부분)는 번역하지 않고, ^ 뒤의 표시 문자열만 표준 번역으로 사용
female^Drake Blademaster	반룡 검제	ドレークの女熟練剣士	龙人剑圣	term		gettext 문맥 키(source_term의 ^ 앞부분)는 번역하지 않고, ^ 뒤의 표시 문자열만 표준 번역으로 사용
female^Drake Burner	불꽃의 반룡	ドレークの女焼却者	龙人灼烧者	term		gettext 문맥 키(source_term의 ^ 앞부분)는 번역하지 않고, ^ 뒤의 표시 문자열만 표준 번역으로 사용
female^Drake Clasher	반룡 돌격병	ドレークの女粉砕者	龙人冲击者	term		gettext 문맥 키(source_term의 ^ 앞부분)는 번역하지 않고, ^ 뒤의 표시 문자열만 표준 번역으로 사용
female^Drake Enforcer	반룡 집행관	ドレークの女執行官	龙人执行者	term		gettext 문맥 키(source_term의 ^ 앞부분)는 번역하지 않고, ^ 뒤의 표시 문자열만 표준 번역으로 사용
female^Drake Fighter	반룡 투사	ドレークの女戦士	龙人战士	term		gettext 문맥 키(source_term의 ^ 앞부분)는 번역하지 않고, ^ 뒤의 표시 문자열만 표준 번역으로 사용
female^Drake Flameheart	심홍의 반룡	女ドレークフレイムハート	龙人熔火之心	term		gettext 문맥 키(source_term의 ^ 앞부분)는 번역하지 않고, ^ 뒤의 표시 문자열만 표준 번역으로 사용
female^Drake Flare	홍염의 반룡	女ドレークフレア	龙人闪耀者	term		gettext 문맥 키(source_term의 ^ 앞부분)는 번역하지 않고, ^ 뒤의 표시 문자열만 표준 번역으로 사용
female^Drake Glider	반룡 활공하는 자	女滑空ドレーク	龙人滑翔者	term		gettext 문맥 키(source_term의 ^ 앞부분)는 번역하지 않고, ^ 뒤의 표시 문자열만 표준 번역으로 사용
female^Drake Thrasher	반룡 매타작하는 자	ドレークの女処罰者	龙人痛击者	term		gettext 문맥 키(source_term의 ^ 앞부분)는 번역하지 않고, ^ 뒤의 표시 문자열만 표준 번역으로 사용
female^Drake Warden	반룡 관리장	ドレークの女長官	龙人守望者	term		gettext 문맥 키(source_term의 ^ 앞부분)는 번역하지 않고, ^ 뒤의 표시 문자열만 표준 번역으로 사용
female^Drake Warrior	반룡 전사	ドレークの女熟練戦士	龙人武士	term		gettext 문맥 키(source_term의 ^ 앞부분)는 번역하지 않고, ^ 뒤의 표시 문자열만 표준 번역으로 사용
female^Dune Burner	사막 화염병사	デューンの女炎使い	沙丘灼烧者	term		gettext 문맥 키(source_term의 ^ 앞부분)는 번역하지 않고, ^ 뒤의 표시 문자열만 표준 번역으로 사용
female^Dune Falconer	사막 매사냥꾼	デューンの隼使い	沙丘驯隼师	unit_name		gettext 문맥 키(source_term의 ^ 앞부분)는 번역하지 않고, ^ 뒤의 표시 문자열만 표준 번역으로 사용
female^Dune Firetrooper	사막 화염병사	デューンの女火炎兵	沙丘火炎兵	term		gettext 문맥 키(source_term의 ^ 앞부분)는 번역하지 않고, ^ 뒤의 표시 문자열만 표준 번역으로 사용
female^Dune Harrier	사막 개구리 매	デューンの女ハリアー	沙丘鹞骑	unit_name		gettext 문맥 키(source_term의 ^ 앞부분)는 번역하지 않고, ^ 뒤의 표시 문자열만 표준 번역으로 사용
female^Dune Scorcher	사막 화염병사	デューンの女焦痕兵	沙丘焦燃者	term		gettext 문맥 키(source_term의 ^ 앞부분)는 번역하지 않고, ^ 뒤의 표시 문자열만 표준 번역으로 사용
female^Dune Skirmisher	사막 기병	デューンの散兵	沙丘散兵	unit_name		gettext 문맥 키(source_term의 ^ 앞부분)는 번역하지 않고, ^ 뒤의 표시 문자열만 표준 번역으로 사용
female^Dune Sky Hunter	사막 하늘 사냥꾼	デューンのスカイハンター	沙丘天空猎手	unit_name		gettext 문맥 키(source_term의 ^ 앞부분)는 번역하지 않고, ^ 뒤의 표시 문자열만 표준 번역으로 사용
female^Dune Strider	사막 보행자	デューンの追撃兵	沙丘迅骑	unit_name		gettext 문맥 키(source_term의 ^ 앞부분)는 번역하지 않고, ^ 뒤의 표시 문자열만 표준 번역으로 사용
female^Elvish Archer	요정 궁사	エルフの女射手	精灵弓箭手	term		gettext 문맥 키(source_term의 ^ 앞부분)는 번역하지 않고, ^ 뒤의 표시 문자열만 표준 번역으로 사용
female^Elvish Avenger	요정 복수자	エルフの女復讐者	精灵复仇者	term		gettext 문맥 키(source_term의 ^ 앞부분)는 번역하지 않고, ^ 뒤의 표시 문자열만 표준 번역으로 사용
female^Elvish Bodyguard	엘프 경호원	エルフのボディーガード	精灵保镖	term		gettext 문맥 키(source_term의 ^ 앞부분)는 번역하지 않고, ^ 뒤의 표시 문자열만 표준 번역으로 사용
female^Elvish Druid	요정 드루이드	エルフのドルイド僧	精灵德鲁伊	unit_name		gettext 문맥 키(source_term의 ^ 앞부분)는 번역하지 않고, ^ 뒤의 표시 문자열만 표준 번역으로 사용
female^Elvish Enchantress	요정 강화사	エルフの女熟練魔術師	精灵女附魔师	unit_name		gettext 문맥 키(source_term의 ^ 앞부분)는 번역하지 않고, ^ 뒤의 표시 문자열만 표준 번역으로 사용
female^Elvish Lady	요정 아가씨	エルフの貴婦人	精灵女领主	unit_name		gettext 문맥 키(source_term의 ^ 앞부분)는 번역하지 않고, ^ 뒤의 표시 문자열만 표준 번역으로 사용
female^Elvish Marksman	요정 저격수	エルフの女射撃手	精灵精准射手	term		gettext 문맥 키(source_term의 ^ 앞부분)는 번역하지 않고, ^ 뒤의 표시 문자열만 표준 번역으로 사용
female^Elvish Ranger	요정 유격병	エルフの女レンジャー	精灵巡林者	term		gettext 문맥 키(source_term의 ^ 앞부분)는 번역하지 않고, ^ 뒤의 표시 문자열만 표준 번역으로 사용
female^Elvish Shaman	요정 샤먼	エルフの女呪術師	精灵萨满	unit_name		gettext 문맥 키(source_term의 ^ 앞부분)는 번역하지 않고, ^ 뒤의 표시 문자열만 표준 번역으로 사용
female^Elvish Sharpshooter	요정 명사수	エルフの女狙撃手	精灵神射手	term		gettext 문맥 키(source_term의 ^ 앞부분)는 번역하지 않고, ^ 뒤의 표시 문자열만 표준 번역으로 사용
female^Elvish Shyde	요정 샤이데	エルフのシェード	精灵仙子	unit_name		gettext 문맥 키(source_term의 ^ 앞부분)는 번역하지 않고, ^ 뒤의 표시 문자열만 표준 번역으로 사용
female^Elvish Sorceress	요정 마녀	エルフの女魔術師	精灵女巫	unit_name		gettext 문맥 키(source_term의 ^ 앞부분)는 번역하지 않고, ^ 뒤의 표시 문자열만 표준 번역으로 사용
female^Elvish Sylph	요정 실프	エルフのシルフ	精灵风仙子	unit_name		gettext 문맥 키(source_term의 ^ 앞부분)는 번역하지 않고, ^ 뒤의 표시 문자열만 표준 번역으로 사용
female^Fighter	여성 투사	女戦士	战士	unit_name		gettext 문맥 키(source_term의 ^ 앞부분)는 번역하지 않고, ^ 뒤의 표시 문자열만 표준 번역으로 사용
female^Fire Drake	열화의 반룡	女火炎ドレーク	火焰龙战士	term		gettext 문맥 키(source_term의 ^ 앞부분)는 번역하지 않고, ^ 뒤의 표시 문자열만 표준 번역으로 사용
female^Footpad	노상 강도	女追いはぎ	走卒	term		gettext 문맥 키(source_term의 ^ 앞부분)는 번역하지 않고, ^ 뒤의 표시 문자열만 표준 번역으로 사용
female^Frontier Baroness	국경의 남작 부인	辺境の女男爵	边境女男爵	unit_name		gettext 문맥 키(source_term의 ^ 앞부분)는 번역하지 않고, ^ 뒤의 표시 문자열만 표준 번역으로 사용
female^Fugitive	탈주자	女逃亡者	亡命徒	term		gettext 문맥 키(source_term의 ^ 앞부분)는 번역하지 않고, ^ 뒤의 표시 문자열만 표준 번역으로 사용
female^Great Mage	큰 마법사	女大魔術師	伟大法师	term		gettext 문맥 키(source_term의 ^ 앞부분)는 번역하지 않고, ^ 뒤의 표시 문자열만 표준 번역으로 사용
female^Guard	여성 경비병	番人	守卫	term		gettext 문맥 키(source_term의 ^ 앞부분)는 번역하지 않고, ^ 뒤의 표시 문자열만 표준 번역으로 사용
female^Guardian	여성 지킴이	守衛	守卫	faction		gettext 문맥 키(source_term의 ^ 앞부분)는 번역하지 않고, ^ 뒤의 표시 문자열만 표준 번역으로 사용
female^Hurricane Drake	폭풍의 반룡	女ハリケーンドレーク	飓风龙战士	term		gettext 문맥 키(source_term의 ^ 앞부분)는 번역하지 않고, ^ 뒤의 표시 문자열만 표준 번역으로 사용
female^Inferno Drake	업화의 반룡	女インフェルノドレーク	地狱龙战士	term		gettext 문맥 키(source_term의 ^ 앞부분)는 번역하지 않고, ^ 뒤의 표시 문자열만 표준 번역으로 사용
female^Inky	암컷 먹물(Inky)	Inky	墨墨	unit_name		gettext 문맥 키(source_term의 ^ 앞부분)는 번역하지 않고, ^ 뒤의 표시 문자열만 표준 번역으로 사용
female^Lake Naga	나가(Naga) 호수	湖ナーガ	湖中的那迦	proper_noun		gettext 문맥 키(source_term의 ^ 앞부분)는 번역하지 않고, ^ 뒤의 표시 문자열만 표준 번역으로 사용
female^Mage	마법사	魔術師	法师	unit_name		gettext 문맥 키(source_term의 ^ 앞부분)는 번역하지 않고, ^ 뒤의 표시 문자열만 표준 번역으로 사용
female^Mage of Light	빛의 마법사	光の女魔術師	光明法师	term		gettext 문맥 키(source_term의 ^ 앞부분)는 번역하지 않고, ^ 뒤의 표시 문자열만 표준 번역으로 사용
female^Mal Maul	말(Mal) 마울	Mal Maul	玛尔·魔尔	proper_noun		gettext 문맥 키(source_term의 ^ 앞부분)는 번역하지 않고, ^ 뒤의 표시 문자열만 표준 번역으로 사용
female^Mermaid Diviner	인어 성녀	マーメイドの占い師	人鱼占卜师	unit_name		gettext 문맥 키(source_term의 ^ 앞부분)는 번역하지 않고, ^ 뒤의 표시 문자열만 표준 번역으로 사용
female^Mermaid Enchantress	인어 강화사	マーメイドの術師	人鱼魔女	unit_name		gettext 문맥 키(source_term의 ^ 앞부분)는 번역하지 않고, ^ 뒤의 표시 문자열만 표준 번역으로 사용
female^Mermaid Initiate	인어 여신도	マーメイドの下級術師	人鱼魔法学徒	unit_name		gettext 문맥 키(source_term의 ^ 앞부분)는 번역하지 않고, ^ 뒤의 표시 문자열만 표준 번역으로 사용
female^Mermaid Priestess	인어 여신관	マーメイドの司祭	人鱼女祭司	unit_name		gettext 문맥 키(source_term의 ^ 앞부분)는 번역하지 않고, ^ 뒤의 표시 문자열만 표준 번역으로 사용
female^Necromancer	강령술사	女ネクロマンサー	死灵法师	term		gettext 문맥 키(source_term의 ^ 앞부분)는 번역하지 않고, ^ 뒤의 표시 문자열만 표준 번역으로 사용
female^Outlaw	무법자	女無法者	游寇	term		gettext 문맥 키(source_term의 ^ 앞부분)는 번역하지 않고, ^ 뒤의 표시 문자열만 표준 번역으로 사용
female^Peasant Youth	여성 청소년 농민	農民の若者	乡下青年	term		gettext 문맥 키(source_term의 ^ 앞부분)는 번역하지 않고, ^ 뒤의 표시 문자열만 표준 번역으로 사용
female^Princess	공주	王女	公主	unit_name		gettext 문맥 키(source_term의 ^ 앞부분)는 번역하지 않고, ^ 뒤의 표시 문자열만 표준 번역으로 사용
female^Quenoth Druid	여성 퀴노스(Quenoth) 자연술사	Quenoth のドルイド僧	奎诺德鲁伊	unit_name		gettext 문맥 키(source_term의 ^ 앞부분)는 번역하지 않고, ^ 뒤의 표시 문자열만 표준 번역으로 사용
female^Quenoth Mystic	여성 퀴노스(Quenoth) 신비주의자	Quenoth の神秘者	奎诺秘术师	unit_name		gettext 문맥 키(source_term의 ^ 앞부분)는 번역하지 않고, ^ 뒤의 표시 문자열만 표준 번역으로 사용
female^Quenoth Shaman	여성 퀴노스(Quenoth) 주술사	Quenoth の呪術師	奎诺萨满	unit_name		gettext 문맥 키(source_term의 ^ 앞부분)는 번역하지 않고, ^ 뒤의 표시 문자열만 표준 번역으로 사용
female^Quenoth Shyde	여성 퀴노스(Quenoth) 샤이데	Quenoth のシェード	奎诺风仙子	unit_name		gettext 문맥 키(source_term의 ^ 앞부분)는 번역하지 않고, ^ 뒤의 표시 문자열만 표준 번역으로 사용
female^Quenoth Sun Singer	여성 퀴노스(Quenoth) 태양의 가수	Quenoth の太陽の歌手	奎诺旭日歌者	unit_name		gettext 문맥 키(source_term의 ^ 앞부분)는 번역하지 않고, ^ 뒤의 표시 문자열만 표준 번역으로 사용
female^Quenoth Sun Sylph	여성 퀴노스(Quenoth) 태양 실프	Quenoth の太陽のシルフ	奎诺旭日仙子	unit_name		gettext 문맥 키(source_term의 ^ 앞부분)는 번역하지 않고, ^ 뒤의 표시 문자열만 표준 번역으로 사용
female^Quenoth Youth	여성 퀴노스(Quenoth) 청년	Quenoth の若者	奎诺青年	term		gettext 문맥 키(source_term의 ^ 앞부분)는 번역하지 않고, ^ 뒤의 표시 문자열만 표준 번역으로 사용
female^Red Mage	적색 마법사	女赤魔術師	红袍法师	term		gettext 문맥 키(source_term의 ^ 앞부분)는 번역하지 않고, ^ 뒤의 표시 문자열만 표준 번역으로 사용
female^Rogue	악당	熟練女盗賊	飞贼	term		gettext 문맥 키(source_term의 ^ 앞부분)는 번역하지 않고, ^ 뒤의 표시 문자열만 표준 번역으로 사용
female^Saurian Ambusher	도마뱀족 매복병	トカゲの女熟練散兵	蜥蜴人伏击士	unit_name		gettext 문맥 키(source_term의 ^ 앞부분)는 번역하지 않고, ^ 뒤의 표시 문자열만 표준 번역으로 사용
female^Saurian Flanker	도마뱀족 측면 공격수	トカゲの女精鋭散兵	蜥蜴人侧击士	unit_name		gettext 문맥 키(source_term의 ^ 앞부분)는 번역하지 않고, ^ 뒤의 표시 문자열만 표준 번역으로 사용
female^Saurian Javelineer	도마뱀족 투창병	トカゲの女投槍兵	蜥蜴人标枪兵	unit_name		gettext 문맥 키(source_term의 ^ 앞부분)는 번역하지 않고, ^ 뒤의 표시 문자열만 표준 번역으로 사용
female^Saurian Skirmisher	도마뱀족 척후병	トカゲの女散兵	蜥蜴人散兵	unit_name		gettext 문맥 키(source_term의 ^ 앞부분)는 번역하지 않고, ^ 뒤의 표시 문자열만 표준 번역으로 사용
female^Saurian Spearthrower	도마뱀족 창 던지는 자	トカゲの女槍兵	蜥蜴人长矛投掷者	unit_name		gettext 문맥 키(source_term의 ^ 앞부분)는 번역하지 않고, ^ 뒤의 표시 문자열만 표준 번역으로 사용
female^Senior Village Elder	여성 마을 원로	村の大年寄	资深村庄长老	term		gettext 문맥 키(source_term의 ^ 앞부분)는 번역하지 않고, ^ 뒤의 표시 문자열만 표준 번역으로 사용
female^Shadow Lord	여성 그림자 군주	影の貴族	暗影领主	unit_name		gettext 문맥 키(source_term의 ^ 앞부분)는 번역하지 않고, ^ 뒤의 표시 문자열만 표준 번역으로 사용
female^Shadow Mage	여성 그림자 마법사	影の魔術師	暗影法师	unit_name		gettext 문맥 키(source_term의 ^ 앞부분)는 번역하지 않고, ^ 뒤의 표시 문자열만 표준 번역으로 사용
female^Silver Mage	은색 마법사	女銀魔術師	银袍法师	term		gettext 문맥 키(source_term의 ^ 앞부분)는 번역하지 않고, ^ 뒤의 표시 문자열만 표준 번역으로 사용
female^Sky Drake	하늘의 반룡	女飛行ドレーク	天空龙战士	term		gettext 문맥 키(source_term의 ^ 앞부분)는 번역하지 않고, ^ 뒤의 표시 문자열만 표준 번역으로 사용
female^Thief	도둑	女盗賊	盗贼	term		gettext 문맥 키(source_term의 ^ 앞부분)는 번역하지 않고, ^ 뒤의 표시 문자열만 표준 번역으로 사용
female^Vampire Lady	뱀파이어 아가씨	ヴァンパイアレディ	吸血贵妇	unit_name		gettext 문맥 키(source_term의 ^ 앞부분)는 번역하지 않고, ^ 뒤의 표시 문자열만 표준 번역으로 사용
female^Warrior	전사	勇士	武士	unit_name		gettext 문맥 키(source_term의 ^ 앞부분)는 번역하지 않고, ^ 뒤의 표시 문자열만 표준 번역으로 사용
female^Watchwoman	여성 야경꾼	夜警	巡夜人	term		gettext 문맥 키(source_term의 ^ 앞부분)는 번역하지 않고, ^ 뒤의 표시 문자열만 표준 번역으로 사용
female^Wesfolk Lady	서부인(Wesfolk) 아가씨	Wesfolk の女傑	韦福克贵妇	unit_name		gettext 문맥 키(source_term의 ^ 앞부분)는 번역하지 않고, ^ 뒤의 표시 문자열만 표준 번역으로 사용
female^Wesfolk Leader	서부인(Wesfolk) 여자 대장	Wesfolk の女指導者	韦福克首领	unit_name		gettext 문맥 키(source_term의 ^ 앞부분)는 번역하지 않고, ^ 뒤의 표시 문자열만 표준 번역으로 사용
female^Wesfolk Outcast	서부인(Wesfolk) 여자 이단아	Wesfolk の女追放者	韦福克流放者	unit_name		gettext 문맥 키(source_term의 ^ 앞부분)는 번역하지 않고, ^ 뒤의 표시 문자열만 표준 번역으로 사용
female^White Mage	백마법사	女白魔術師	白袍法师	term		gettext 문맥 키(source_term의 ^ 앞부분)는 번역하지 않고, ^ 뒤의 표시 문자열만 표준 번역으로 사용
female^aged	노쇠함	老化	年迈	trait		gettext 문맥 키(source_term의 ^ 앞부분)는 번역하지 않고, ^ 뒤의 표시 문자열만 표준 번역으로 사용
female^alien regenerates	침략자의 재생	侵略者の再生	异形再生	term		gettext 문맥 키(source_term의 ^ 앞부분)는 번역하지 않고, ^ 뒤의 표시 문자열만 표준 번역으로 사용
female^ambush	매복	伏兵	伏击	term		gettext 문맥 키(source_term의 ^ 앞부분)는 번역하지 않고, ^ 뒤의 표시 문자열만 표준 번역으로 사용
female^burrow	굴 파기	堀潜	潜地	term		gettext 문맥 키(source_term의 ^ 앞부분)는 번역하지 않고, ^ 뒤의 표시 문자열만 표준 번역으로 사용
female^chaotic	야행성	混沌	混沌	term		gettext 문맥 키(source_term의 ^ 앞부분)는 번역하지 않고, ^ 뒤의 표시 문자열만 표준 번역으로 사용
female^concealment	은폐	潜伏	隐蔽	term		gettext 문맥 키(source_term의 ^ 앞부분)는 번역하지 않고, ^ 뒤의 표시 문자열만 표준 번역으로 사용
female^cured	해독됨	治療	已解毒	term		gettext 문맥 키(source_term의 ^ 앞부분)는 번역하지 않고, ^ 뒤의 표시 문자열만 표준 번역으로 사용
female^cures	해독	治療	疗毒	term		gettext 문맥 키(source_term의 ^ 앞부분)는 번역하지 않고, ^ 뒤의 표시 문자열만 표준 번역으로 사용
female^dazed	눈이 멀어짐	目潰し！	眩晕	term		gettext 문맥 키(source_term의 ^ 앞부분)는 번역하지 않고, ^ 뒤의 표시 문자열만 표준 번역으로 사용
female^deserter	탈영병	脱走兵	逃兵	trait		gettext 문맥 키(source_term의 ^ 앞부분)는 번역하지 않고, ^ 뒤의 표시 문자열만 표준 번역으로 사용
female^dextrous	능란함	器用	灵巧	trait		gettext 문맥 키(source_term의 ^ 앞부분)는 번역하지 않고, ^ 뒤의 표시 문자열만 표준 번역으로 사용
female^dim	둔함	凡愚	愚笨	trait		gettext 문맥 키(source_term의 ^ 앞부분)는 번역하지 않고, ^ 뒤의 표시 문자열만 표준 번역으로 사용
female^disengage	철수	離脱	脱战	term		gettext 문맥 키(source_term의 ^ 앞부분)는 번역하지 않고, ^ 뒤의 표시 문자열만 표준 번역으로 사용
female^distract	교란	撹乱	分神	term		gettext 문맥 키(source_term의 ^ 앞부분)는 번역하지 않고, ^ 뒤의 표시 문자열만 표준 번역으로 사용
female^diversion	주의 분산	陽動	分神	term		gettext 문맥 키(source_term의 ^ 앞부분)는 번역하지 않고, ^ 뒤의 표시 문자열만 표준 번역으로 사용
female^drunk	취함	泥酔	醉酒	term		gettext 문맥 키(source_term의 ^ 앞부분)는 번역하지 않고, ^ 뒤의 표시 문자열만 표준 번역으로 사용
female^elates Kalenz	칼렌츠(Kalenz) 격려효과	Kalenz の高揚	鼓励卡雷兹	term		gettext 문맥 키(source_term의 ^ 앞부분)는 번역하지 않고, ^ 뒤의 표시 문자열만 표준 번역으로 사용
female^elemental	원소계	精霊	元素	trait		gettext 문맥 키(source_term의 ^ 앞부분)는 번역하지 않고, ^ 뒤의 표시 문자열만 표준 번역으로 사용
female^enlightened	깨달음	覚者	觉悟	term		gettext 문맥 키(source_term의 ^ 앞부분)는 번역하지 않고, ^ 뒤의 표시 문자열만 표준 번역으로 사용
female^epic	전설적인	至高	史诗	trait		gettext 문맥 키(source_term의 ^ 앞부분)는 번역하지 않고, ^ 뒤의 표시 문자열만 표준 번역으로 사용
female^expert	숙련된	熟練	专家	trait		gettext 문맥 키(source_term의 ^ 앞부분)는 번역하지 않고, ^ 뒤의 표시 문자열만 표준 번역으로 사용
female^fearless	용맹한	勇敢	无惧	trait		gettext 문맥 키(source_term의 ^ 앞부분)는 번역하지 않고, ^ 뒤의 표시 문자열만 표준 번역으로 사용
female^feeding	식귀	摂食	食尸	term		gettext 문맥 키(source_term의 ^ 앞부분)는 번역하지 않고, ^ 뒤의 표시 문자열만 표준 번역으로 사용
female^feral	야생종	野生	野生	trait		gettext 문맥 키(source_term의 ^ 앞부분)는 번역하지 않고, ^ 뒤의 표시 문자열만 표준 번역으로 사용
female^formation	진형	隊列	布阵	term		gettext 문맥 키(source_term의 ^ 앞부분)는 번역하지 않고, ^ 뒤의 표시 문자열만 표준 번역으로 사용
female^heals +12	치료 +12	回復 +12	疗伤+12	term		gettext 문맥 키(source_term의 ^ 앞부분)는 번역하지 않고, ^ 뒤의 표시 문자열만 표준 번역으로 사용
female^heals +4	치료 +4	回復 +4	疗伤+4	term		gettext 문맥 키(source_term의 ^ 앞부분)는 번역하지 않고, ^ 뒤의 표시 문자열만 표준 번역으로 사용
female^heals +8	치료 +8	回復 +8	疗伤+8	term		gettext 문맥 키(source_term의 ^ 앞부분)는 번역하지 않고, ^ 뒤의 표시 문자열만 표준 번역으로 사용
female^heals Kalenz +4	칼렌츠(Kalenz) 치유효과 +4	Kalenz を +4 回復する。	治疗卡雷兹+4	term		gettext 문맥 키(source_term의 ^ 앞부분)는 번역하지 않고, ^ 뒤의 표시 문자열만 표준 번역으로 사용
female^healthy	건강함	壮健	康健	trait		gettext 문맥 키(source_term의 ^ 앞부분)는 번역하지 않고, ^ 뒤의 표시 문자열만 표준 번역으로 사용
female^heroic	영웅적인	英雄	英雄	trait		gettext 문맥 키(source_term의 ^ 앞부분)는 번역하지 않고, ^ 뒤의 표시 문자열만 표준 번역으로 사용
female^illuminates	빛을 내는	照明	照明	term		gettext 문맥 키(source_term의 ^ 앞부분)는 번역하지 않고, ^ 뒤의 표시 문자열만 표준 번역으로 사용
female^inspire	영감	鼓舞	鼓舞	term		gettext 문맥 키(source_term의 ^ 앞부분)는 번역하지 않고, ^ 뒤의 표시 문자열만 표준 번역으로 사용
female^intelligent	영리한	知的	聪慧	trait		gettext 문맥 키(source_term의 ^ 앞부분)는 번역하지 않고, ^ 뒤의 표시 문자열만 표준 번역으로 사용
female^lawful	주행성	秩序	守序	term		gettext 문맥 키(source_term의 ^ 앞부분)는 번역하지 않고, ^ 뒤의 표시 문자열만 표준 번역으로 사용
female^leadership	통솔	統率	领导	term		gettext 문맥 키(source_term의 ^ 앞부분)는 번역하지 않고, ^ 뒤의 표시 문자열만 표준 번역으로 사용
female^legendary	전설적인	伝説	传奇	trait		gettext 문맥 키(source_term의 ^ 앞부분)는 번역하지 않고, ^ 뒤의 표시 문자열만 표준 번역으로 사용
female^liminal	여명	薄明	边缘	term		gettext 문맥 키(source_term의 ^ 앞부분)는 번역하지 않고, ^ 뒤의 표시 문자열만 표준 번역으로 사용
female^loyal	심복	忠義	忠诚	trait		gettext 문맥 키(source_term의 ^ 앞부분)는 번역하지 않고, ^ 뒤의 표시 문자열만 표준 번역으로 사용
female^maimed	불구의	不具	伤残	trait		gettext 문맥 키(source_term의 ^ 앞부분)는 번역하지 않고, ^ 뒤의 표시 문자열만 표준 번역으로 사용
female^masochism	피학성	マゾヒズム	受虐狂	term		gettext 문맥 키(source_term의 ^ 앞부분)는 번역하지 않고, ^ 뒤의 표시 문자열만 표준 번역으로 사용
female^mechanical	기계	機械	机械	trait		gettext 문맥 키(source_term의 ^ 앞부분)는 번역하지 않고, ^ 뒤의 표시 문자열만 표준 번역으로 사용
female^mercenary	용병	傭兵	雇佣兵	trait		gettext 문맥 키(source_term의 ^ 앞부분)는 번역하지 않고, ^ 뒤의 표시 문자열만 표준 번역으로 사용
female^neutral	중립	中立	中立	term		gettext 문맥 키(source_term의 ^ 앞부분)는 번역하지 않고, ^ 뒤의 표시 문자열만 표준 번역으로 사용
female^nightskirmish	여성 은밀 척후병	闇歩	夜间游击	term		gettext 문맥 키(source_term의 ^ 앞부분)는 번역하지 않고, ^ 뒤의 표시 문자열만 표준 번역으로 사용
female^petrified	석화	石化	石化	term		gettext 문맥 키(source_term의 ^ 앞부분)는 번역하지 않고, ^ 뒤의 표시 문자열만 표준 번역으로 사용
female^poisoned	중독	毒	中毒	term		gettext 문맥 키(source_term의 ^ 앞부분)는 번역하지 않고, ^ 뒤의 표시 문자열만 표준 번역으로 사용
female^quick	빠름	敏捷	迅捷	trait		gettext 문맥 키(source_term의 ^ 앞부분)는 번역하지 않고, ^ 뒤의 표시 문자열만 표준 번역으로 사용
female^refreshed	회복됨	リフレッシュ	恢复	term		gettext 문맥 키(source_term의 ^ 앞부분)는 번역하지 않고, ^ 뒤의 표시 문자열만 표준 번역으로 사용
female^regenerates	재생	再生	再生	term		gettext 문맥 키(source_term의 ^ 앞부분)는 번역하지 않고, ^ 뒤의 표시 문자열만 표준 번역으로 사용
female^regenerates +4	재생 +4	再生 +4	再生+4	term		gettext 문맥 키(source_term의 ^ 앞부분)는 번역하지 않고, ^ 뒤의 표시 문자열만 표준 번역으로 사용
female^resilient	튼튼한	頑強	坚韧	trait		gettext 문맥 키(source_term의 ^ 앞부분)는 번역하지 않고, ^ 뒤의 표시 문자열만 표준 번역으로 사용
female^skirmisher	척후병	散兵	散兵	term		gettext 문맥 키(source_term의 ^ 앞부분)는 번역하지 않고, ^ 뒤의 표시 문자열만 표준 번역으로 사용
female^slow	느림	鈍重	缓慢	trait		gettext 문맥 키(source_term의 ^ 앞부분)는 번역하지 않고, ^ 뒤의 표시 문자열만 표준 번역으로 사용
female^slowed	둔화	遅化	减速	term		gettext 문맥 키(source_term의 ^ 앞부분)는 번역하지 않고, ^ 뒤의 표시 문자열만 표준 번역으로 사용
female^steadfast	굳건함	装甲	坚定	term		gettext 문맥 키(source_term의 ^ 앞부분)는 번역하지 않고, ^ 뒤의 표시 문자열만 표준 번역으로 사용
female^strong	힘센	強力	强壮	trait		gettext 문맥 키(source_term의 ^ 앞부분)는 번역하지 않고, ^ 뒤의 표시 문자열만 표준 번역으로 사용
female^stunned	기절됨	スタン	眩晕	term		gettext 문맥 키(source_term의 ^ 앞부분)는 번역하지 않고, ^ 뒤의 표시 문자열만 표준 번역으로 사용
female^submerge	잠수	潜水	潜水	term		gettext 문맥 키(source_term의 ^ 앞부분)는 번역하지 않고, ^ 뒤의 표시 문자열만 표준 번역으로 사용
female^support	지원	支援	支援	term		gettext 문맥 키(source_term의 ^ 앞부분)는 번역하지 않고, ^ 뒤의 표시 문자열만 표준 번역으로 사용
female^survivor	여성 생존자	生存者	幸存者	trait		gettext 문맥 키(source_term의 ^ 앞부분)는 번역하지 않고, ^ 뒤의 표시 문자열만 표준 번역으로 사용
female^swamp lurk	늪 잠복	沼隠れ	沼泽潜伏	term		gettext 문맥 키(source_term의 ^ 앞부분)는 번역하지 않고, ^ 뒤의 표시 문자열만 표준 번역으로 사용
female^teaching	가르침	指導	传授	term		gettext 문맥 키(source_term의 ^ 앞부분)는 번역하지 않고, ^ 뒤의 표시 문자열만 표준 번역으로 사용
female^teleport	순간 이동	瞬間移動	传送	term		gettext 문맥 키(source_term의 ^ 앞부분)는 번역하지 않고, ^ 뒤의 표시 문자열만 표준 번역으로 사용
female^third verse illuminates	세 번째 소절 빛내기	第３小節が「照明」効果をもたらします	第三乐章可照明	term		gettext 문맥 키(source_term의 ^ 앞부분)는 번역하지 않고, ^ 뒤의 표시 문자열만 표준 번역으로 사용
female^thirst	목마름	脱水症状	口渴	term		gettext 문맥 키(source_term의 ^ 앞부분)는 번역하지 않고, ^ 뒤의 표시 문자열만 표준 번역으로 사용
female^trained	훈련됨	訓練	训练有素	term		gettext 문맥 키(source_term의 ^ 앞부분)는 번역하지 않고, ^ 뒤의 표시 문자열만 표준 번역으로 사용
female^undead	언데드	アンデッド	亡灵	trait		gettext 문맥 키(source_term의 ^ 앞부분)는 번역하지 않고, ^ 뒤의 표시 문자열만 표준 번역으로 사용
female^unhealable	치료불가	回復不能	不可治疗	term		gettext 문맥 키(source_term의 ^ 앞부분)는 번역하지 않고, ^ 뒤의 표시 문자열만 표준 번역으로 사용
female^weak	약함	非力	虚弱	trait		gettext 문맥 키(source_term의 ^ 앞부분)는 번역하지 않고, ^ 뒤의 표시 문자열만 표준 번역으로 사용
feral	야생	野生	野生	trait		
fervor	열정	熱情	狂热	attack_type		
fighting bonus	전투 보너스	とどめをさせなかった場合	战斗奖励	term		
filesystem^Browse	탐색	ブラウズ	浏览	ui		gettext 문맥 키(source_term의 ^ 앞부분)는 번역하지 않고, ^ 뒤의 표시 문자열만 표준 번역으로 사용
filesystem^Copy	복사	コピー	复制	ui		gettext 문맥 키(source_term의 ^ 앞부분)는 번역하지 않고, ^ 뒤의 표시 문자열만 표준 번역으로 사용
filesystem^Open	열기	開く	打开	ui		gettext 문맥 키(source_term의 ^ 앞부분)는 번역하지 않고, ^ 뒤의 표시 문자열만 표준 번역으로 사용
filesystem_path_game^Editor maps	편집기 지도	エディタマップ	编辑器地图	term		gettext 문맥 키(source_term의 ^ 앞부분)는 번역하지 않고, ^ 뒤의 표시 문자열만 표준 번역으로 사용
filesystem_path_game^Game data	게임 데이터	ゲームデータ	游戏数据	term		gettext 문맥 키(source_term의 ^ 앞부분)는 번역하지 않고, ^ 뒤의 표시 문자열만 표준 번역으로 사용
filesystem_path_game^Game executables	게임 실행 파일	ゲームプログラム	游戏可执行文件	term		gettext 문맥 키(source_term의 ^ 앞부분)는 번역하지 않고, ^ 뒤의 표시 문자열만 표준 번역으로 사용
filesystem_path_game^User data	사용자 데이터	ユーザーデータ	玩家数据	term		gettext 문맥 키(source_term의 ^ 앞부분)는 번역하지 않고, ^ 뒤의 표시 문자열만 표준 번역으로 사용
filesystem_path_game^User preferences	사용자 환경 설정	ユーザ設定	玩家首选项	term		gettext 문맥 키(source_term의 ^ 앞부분)는 번역하지 않고, ^ 뒤의 표시 문자열만 표준 번역으로 사용
filesystem_path_system^Home	홈	ホーム	主目录	term		gettext 문맥 키(source_term의 ^ 앞부분)는 번역하지 않고, ^ 뒤의 표시 문자열만 표준 번역으로 사용
filesystem_path_system^Root	루트	ルート	根目录	term		gettext 문맥 키(source_term의 ^ 앞부분)는 번역하지 않고, ^ 뒤의 표시 문자열만 표준 번역으로 사용
filesystem_path_system^Volumes	볼륨	ボリューム	卷	term		gettext 문맥 키(source_term의 ^ 앞부분)는 번역하지 않고, ^ 뒤의 표시 문자열만 표준 번역으로 사용
fire	화염	火炎	火焰	attack_type		
fire breath	불타는 숨결	火炎のブレス	火焰吐息	attack_type		
fire claws	화염의 갈퀴	炎の爪	火焰爪	attack_type		
fireball	화염공	ファイアボール	火球	attack_type		
first strike	선공	先制	先制	term		
first verse	첫 소절	第１小節	第一乐章	term		
firststrike	선제 공격	先制	先制	term	선공	
fist	주먹	拳	拳头	attack_type		
flail	도리깨	フレイル	连枷	attack_type		
flame blast	화염 폭발	爆炎	火球术	attack_type		
flamethrower	화염 방사기	火炎放射器	火焰喷射器	attack_type		
flaming sword	불타는 칼	炎の剣	烈焰神剑	attack_type		
flat	평지 타일	平地	平原	term		
forcefield	힘의 장벽	力場	力场	term		
forceful scimitar strike	강력한 시미타 공격	力強いシミターの打ち込み	强力弯刀打击	attack_type		
forest	삼림 타일	森林	森林	term		
formation	진형	隊列	布阵	term		
friend	친구	友人	好友	term		
friends and ignores list	친구 및 무시 목록	友人/無視リスト	好友与忽略列表	term		
friends list	친구 목록	友人リスト	好友列表	term		
frost nova	냉기 폭발	冷気爆発	霜冻新星	term		
frozen	냉동 타일	凍土	雪地	term		
fury	분노	狂戦	狂怒	trait		
game^Play	플레이	プレイ	开始游玩	term		gettext 문맥 키(source_term의 ^ 앞부분)는 번역하지 않고, ^ 뒤의 표시 문자열만 표준 번역으로 사용
game_hotkeys^G	G	ゲ	G	term		gettext 문맥 키(source_term의 ^ 앞부분)는 번역하지 않고, ^ 뒤의 표시 문자열만 표준 번역으로 사용
game_version^Current Version	현재 버전	現在のバージョン	当前版本	term		gettext 문맥 키(source_term의 ^ 앞부분)는 번역하지 않고, ^ 뒤의 표시 문자열만 표준 번역으로 사용
gaze	응시	凝視	凝视	attack_type		
gender^Random	무작위	ランダム	随机	term		gettext 문맥 키(source_term의 ^ 앞부분)는 번역하지 않고, ^ 뒤의 표시 문자열만 표준 번역으로 사용
ghoulfication	구울화	グール化	食尸鬼化	term		
glaive	언월도	グレイブ	阔剑	attack_type		
gossamer	거미줄	クモの巣	蛛丝	attack_type		
greater drains	강화 흡수	生命収奪	增强吸血	term		
greathammer	대형 망치	大槌	巨锤	attack_type		
greatsword	대검	大剣	巨剑	attack_type		
halberd	도끼창	ハルバード	戟	attack_type		
hammer	망치	ハンマー	锤	attack_type		
haste	신속	高速	疾行	trait		
hatch	부화	孵化	孵化	term		
hatchet	손도끼	手斧	小斧	attack_type		
heals	치유	not found	not found	term	치료	
healthy	건강함	壮健	康健	trait		
help	도움말	help	帮助	term		
heroic	영웅적인	英雄	英雄	trait		
holy sword	성검	聖なる剣	圣剑	attack_type		
holy water^Leave it	놔둔다	使わない	留下圣水	term		gettext 문맥 키(source_term의 ^ 앞부분)는 번역하지 않고, ^ 뒤의 표시 문자열만 표준 번역으로 사용
holy water^Take it	가진다	聖水を使う	拿走圣水	term		gettext 문맥 키(source_term의 ^ 앞부분)는 번역하지 않고, ^ 뒤의 표시 문자열만 표준 번역으로 사용
hooves	발굽	蹄	踢击	attack_type		
hysteria	히스테리	興奮	歇斯底里	term		
i	i	i	i	term		
ice blast	얼음 폭발	氷弾	冷冻波	attack_type		
ice bow	얼음 활	氷の弓	冰弓	attack_type		
ignored	무시자	無視	忽略	term		
ignores list	무시할 목록	無視リスト	忽略列表	term		
illuminates	조명	照明	照明	term		
impact	충격	打撃	冲击	term		
impetuity	맹렬함	焦燥	鲁莽	attack_type		
infix_binary^i	i	i	i	term		gettext 문맥 키(source_term의 ^ 앞부분)는 번역하지 않고, ^ 뒤의 표시 문자열만 표준 번역으로 사용
initiative	주도권	先導	主导	term		
ink	먹물	墨	墨汁	attack_type		
input	입력	入力	输入	term		
inspector tree item^•	•	•	•	term		gettext 문맥 키(source_term의 ^ 앞부분)는 번역하지 않고, ^ 뒤의 표시 문자열만 표준 번역으로 사용
inspire	영감	鼓舞	鼓舞	term		
intelligent	지능	知的	聪慧	trait		
invisible	투명	不可視	隐形	term		
island factor	섬 요소	島の係数	岛屿因子	term		
iterations	반복 횟수	反復回数	迭代次数	term		
jarid	자리드	ジャリド	贾里德标枪	attack_type		
javelin	투창	投げ槍	标枪	attack_type		
jaw	턱	顎爪	颚	attack_type		
keep size	거점 크기	主塔のサイズ	主楼尺寸	term		
kick	발차기	キック	踢击	attack_type		
kill bonus	처리 보너스	とどめをさした場合	杀敌奖励	term		
lance	기창	ランス	长枪	attack_type		
language code for localized resources^en_US	ko	ja	zh_CN	term		gettext 문맥 키(source_term의 ^ 앞부분)는 번역하지 않고, ^ 뒤의 표시 문자열만 표준 번역으로 사용
lawful	주행성	秩序	守序	alignment		
leadership	지도력	統率	领导	term	통솔	
legendary	전설적인	伝説	传奇	trait		
library^Build version	빌드 버전	ビルドバージョン	构建版本	term		gettext 문맥 키(source_term의 ^ 앞부분)는 번역하지 않고, ^ 뒤의 표시 문자열만 표준 번역으로 사용
library^Name	이름	名前	名称	term		gettext 문맥 키(source_term의 ^ 앞부분)는 번역하지 않고, ^ 뒤의 표시 문자열만 표준 번역으로 사용
library^Runtime version	런타임 버전	ランタイムバージョン	运行时版本	term		gettext 문맥 키(source_term의 ^ 앞부분)는 번역하지 않고, ^ 뒤의 표시 문자열만 표준 번역으로 사용
lifeblood	생명의 피	生き血	命脉	term		
lightbeam	빛의 기둥	光線	光束	attack_type		
lightning	번개	雷	闪电	attack_type		
liminal	여명	薄明	边缘	alignment		
lobby	로비	ロビー	大厅	term		
log_level^Debug	디버그	デバッグ	调试	term		gettext 문맥 키(source_term의 ^ 앞부분)는 번역하지 않고, ^ 뒤의 표시 문자열만 표준 번역으로 사용
log_level^Error	오류	エラー	错误	term		gettext 문맥 키(source_term의 ^ 앞부분)는 번역하지 않고, ^ 뒤의 표시 문자열만 표준 번역으로 사용
log_level^Info	정보	情報	信息	term		gettext 문맥 키(source_term의 ^ 앞부분)는 번역하지 않고, ^ 뒤의 표시 문자열만 표준 번역으로 사용
log_level^None	없음	なし	无	term		gettext 문맥 키(source_term의 ^ 앞부분)는 번역하지 않고, ^ 뒤의 표시 문자열만 표준 번역으로 사용
log_level^Warning	경고	警告	警告	term		gettext 문맥 키(source_term의 ^ 앞부분)는 번역하지 않고, ^ 뒤의 표시 문자열만 표준 번역으로 사용
longbow	장궁	大弓	长弓	attack_type		
longsword	장검	長剣	长剑	attack_type		
loyal	충성스러운	忠義	忠诚	trait		
lua console	Lua 콘솔	Luaコンソール	Lua控制台	term		
mace	철퇴	メイス	狼牙棒	attack_type		
made of^Coral	산호로 만든	珊瑚礁	珊瑚	term		gettext 문맥 키(source_term의 ^ 앞부분)는 번역하지 않고, ^ 뒤의 표시 문자열만 표준 번역으로 사용
magic	마법	魔法	魔法	attack_type		
magic blast	마법탄	魔力弾	魔法冲击波	attack_type		
magical	마법	魔法	魔法	term		
maimed	불구의	不具	伤残	trait		
mainmenu_hotkeys^M	M	タ	M	term		gettext 문맥 키(source_term의 ^ 앞부분)는 번역하지 않고, ^ 뒤의 표시 문자열만 표준 번역으로 사용
male^Dark Horse	검은 말	闇馬	黯骏	term		gettext 문맥 키(source_term의 ^ 앞부분)는 번역하지 않고, ^ 뒤의 표시 문자열만 표준 번역으로 사용
malevolence	악의	悪意	怨毒	term		
malice	악의	悪意	恶意	term		
map size	지도 크기	マップサイズ	地图尺寸	term		
marksman	저격	精密	精准	term		
masochism	피학성	マゾヒズム	受虐狂	term		
maximum^max.	최대.	（最大値）	最大值。	contextual		gettext 문맥 키(source_term의 ^ 앞부분)는 번역하지 않고, ^ 뒤의 표시 문자열만 표준 번역으로 사용
mechanical	기계	機械	机械	trait		
melee	근접	近接	近战	combat_range		
mercenary	용병	傭兵	雇佣兵	trait		
minimum^min.	최소.	（最小値）	最小值。	contextual		gettext 문맥 키(source_term의 ^ 앞부분)는 번역하지 않고, ^ 뒤의 표시 문자열만 표준 번역으로 사용
mining	광업	鉱業	矿业	term		
minion	권속	not found	not found	unit_role		
missile	미사일	魔法の矢	魔法飞弹	attack_type		
morning star	모닝스타	モーニングスター	晨星锤	attack_type		
mp_game_available_slots^Full	만석	満席	已满	term		gettext 문맥 키(source_term의 ^ 앞부분)는 번역하지 않고, ^ 뒤의 표시 문자열만 표준 번역으로 사용
mud glob	진흙 덩어리	泥のしずく	黏土块	attack_type		
multimenu^All Selected	모두 선택됨	全て選択済み	全部选中	term		gettext 문맥 키(source_term의 ^ 앞부분)는 번역하지 않고, ^ 뒤의 표시 문자열만 표준 번역으로 사용
multimenu^None Selected	선택된 항목 없음	未選択	未选中	term		gettext 문맥 키(source_term의 ^ 앞부분)는 번역하지 않고, ^ 뒤의 표시 문자열만 표준 번역으로 사용
naia touch	물의 정령의 손길	水精の接触	水仙之触	attack_type		
net	그물	網	网	attack_type		
neutral	중립	中立	中立	alignment		
newest to oldest	최신 순에서 오래된 순	新しい順	从最新到最旧	term		
nick registration	대화명 등록	ニックネームの登録	昵称注册	term		
nightskirmish	야간 전투	闇歩	夜间游击	term		
nightstalk	은밀	隠密	夜遁	term	암습	
no	아니오	いいえ	否	term	없음	
nova	신성	NOVA	新星	term		
number of keeps	거점 수	主塔の数	主楼数量	term		
o o	o o	o o	o o	term		
obfuscates	혼란시킴	冥転	混淆	term		
obstacle	장애 타일	障害物	障碍物	term		
oldest to newest	오래된 순에서 최신 순	古い順	从最旧到最新	term		
onager	오나거	火球	弩炮	attack_type		
once per turn	차례당 한번	１ターンに１回	每回合一次	term		
opportunist	기회주의자	日和見主義	机会主义者	term		
page^Copy	복사	コピー	复制	term		gettext 문맥 키(source_term의 ^ 앞부분)는 번역하지 않고, ^ 뒤의 표시 문자열만 표준 번역으로 사용
pause	일시정지	一時停止	暂停	term		
pause after current move	현재 이동 후 일시정지	現在の動作が完了してから、一時停止します	播放完当前一手后暂停	term		
petrified	석화	石化	石化	term		
petrifies	석화	石化	石化	term		
pick	곡괭이	ツルハシ	镐	attack_type		
pierce	관통	刺突	穿刺	term		
piercing shot	관통 사격	刺突放弓	穿透射击	attack_type		
pike	극창	長槍	长矛	attack_type		
pincers	집게	ハサミ	钳击	attack_type		
pitchfork	쇠스랑	熊手	干草叉	attack_type		
pixel_scale_multiplier^Automatic scale	자동 배율	自動倍率	自动缩放	term		gettext 문맥 키(source_term의 ^ 앞부분)는 번역하지 않고, ^ 뒤의 표시 문자열만 표준 번역으로 사용
place	배치	場所	地点	term		
plague	역병	疫病	瘟疫	term		
plague staff	역병 지팡이	疫病の杖	瘟疫法杖	attack_type		
play side turn	차례를 바꾸기	次の陣営にコントロールが移るまでリプレイを進めます	播放阵营回合	term		
play turn	한 차례를 진행	1ターン分リプレイを進めます	播放此回合	term		
plural^You may watch.	구경해도 됩니다.	君たちは監視されておるぞ。	你们就看着吧。	contextual		gettext 문맥 키(source_term의 ^ 앞부분)는 번역하지 않고, ^ 뒤의 표시 문자열만 표준 번역으로 사용
poison	중독	毒	毒素	term		
poisoned	중독됨	毒	中毒	term		
polybolos	연속 쇠뇌 발사	ポリボロス	多重投射机	attack_type		
pommel strike	검자루 타격	パメルストライク	剑柄攻击	attack_type		
prefix_atto^a	a	a	a	term		gettext 문맥 키(source_term의 ^ 앞부분)는 번역하지 않고, ^ 뒤의 표시 문자열만 표준 번역으로 사용
prefix_exa^E	E	E	E	term		gettext 문맥 키(source_term의 ^ 앞부분)는 번역하지 않고, ^ 뒤의 표시 문자열만 표준 번역으로 사용
prefix_femto^f	f	f	f	term		gettext 문맥 키(source_term의 ^ 앞부분)는 번역하지 않고, ^ 뒤의 표시 문자열만 표준 번역으로 사용
prefix_giga^G	G	G	G	term		gettext 문맥 키(source_term의 ^ 앞부분)는 번역하지 않고, ^ 뒤의 표시 문자열만 표준 번역으로 사용
prefix_kibi^K	K	K	K	term		gettext 문맥 키(source_term의 ^ 앞부분)는 번역하지 않고, ^ 뒤의 표시 문자열만 표준 번역으로 사용
prefix_kilo^k	k	k	k	term		gettext 문맥 키(source_term의 ^ 앞부분)는 번역하지 않고, ^ 뒤의 표시 문자열만 표준 번역으로 사용
prefix_mega^M	M	M	M	term		gettext 문맥 키(source_term의 ^ 앞부분)는 번역하지 않고, ^ 뒤의 표시 문자열만 표준 번역으로 사용
prefix_micro^µ	µ	µ	µ	term		gettext 문맥 키(source_term의 ^ 앞부분)는 번역하지 않고, ^ 뒤의 표시 문자열만 표준 번역으로 사용
prefix_milli^m	m	m	m	term		gettext 문맥 키(source_term의 ^ 앞부분)는 번역하지 않고, ^ 뒤의 표시 문자열만 표준 번역으로 사용
prefix_nano^n	n	n	n	term		gettext 문맥 키(source_term의 ^ 앞부분)는 번역하지 않고, ^ 뒤의 표시 문자열만 표준 번역으로 사용
prefix_peta^P	P	P	P	term		gettext 문맥 키(source_term의 ^ 앞부분)는 번역하지 않고, ^ 뒤의 표시 문자열만 표준 번역으로 사용
prefix_pico^p	p	p	p	term		gettext 문맥 키(source_term의 ^ 앞부분)는 번역하지 않고, ^ 뒤의 표시 문자열만 표준 번역으로 사용
prefix_tera^T	T	T	T	term		gettext 문맥 키(source_term의 ^ 앞부분)는 번역하지 않고, ^ 뒤의 표시 문자열만 표준 번역으로 사용
prefix_yocto^y	y	y	y	term		gettext 문맥 키(source_term의 ^ 앞부분)는 번역하지 않고, ^ 뒤의 표시 문자열만 표준 번역으로 사용
prefix_yotta^Y	Y	Y	Y	term		gettext 문맥 키(source_term의 ^ 앞부분)는 번역하지 않고, ^ 뒤의 표시 문자열만 표준 번역으로 사용
prefix_zepto^z	z	z	z	term		gettext 문맥 키(source_term의 ^ 앞부분)는 번역하지 않고, ^ 뒤의 표시 문자열만 표준 번역으로 사용
prefix_zetta^Z	Z	Z	Z	term		gettext 문맥 키(source_term의 ^ 앞부분)는 번역하지 않고, ^ 뒤의 표시 문자열만 표준 번역으로 사용
promote to leader	대장으로 승진	予備のリーダー	提升为首领	term		
puncture	찌름	穿刺	穿刺	term		
quick	빠름	敏捷	迅捷	trait		
quiver	화살통	矢筒	箭筒	item_name		
race+female^Bat	박쥐	コウモリ	蝙蝠	race_name		gettext 문맥 키(source_term의 ^ 앞부분)는 번역하지 않고, ^ 뒤의 표시 문자열만 표준 번역으로 사용
race+female^Drake	반룡	ドレーク族	龙人	race_name		gettext 문맥 키(source_term의 ^ 앞부분)는 번역하지 않고, ^ 뒤의 표시 문자열만 표준 번역으로 사용
race+female^Dunefolk Human	모래언덕 사람	デューンフォーク（人間）	沙丘游民	race_name		gettext 문맥 키(source_term의 ^ 앞부분)는 번역하지 않고, ^ 뒤의 표시 문자열만 표준 번역으로 사용
race+female^Dwarf	난쟁이	ドワーフ	矮人	race_name		gettext 문맥 키(source_term의 ^ 앞부분)는 번역하지 않고, ^ 뒤의 표시 문자열만 표준 번역으로 사용
race+female^Elf	엘프	エルフ	精灵	race_name		gettext 문맥 키(source_term의 ^ 앞부분)는 번역하지 않고, ^ 뒤의 표시 문자열만 표준 번역으로 사용
race+female^Falcon	매	隼	猎鹰	race_name		gettext 문맥 키(source_term의 ^ 앞부분)는 번역하지 않고, ^ 뒤의 표시 문자열만 표준 번역으로 사용
race+female^Goblin	고블린	ゴブリン	地精	race_name		gettext 문맥 키(source_term의 ^ 앞부분)는 번역하지 않고, ^ 뒤의 표시 문자열만 표준 번역으로 사용
race+female^Gryphon	그리폰(Gryphon)	グリフォン	狮鹫	race_name		gettext 문맥 키(source_term의 ^ 앞부분)는 번역하지 않고, ^ 뒤의 표시 문자열만 표준 번역으로 사용
race+female^Horse	말	雌馬	马	race_name		gettext 문맥 키(source_term의 ^ 앞부분)는 번역하지 않고, ^ 뒤의 표시 문자열만 표준 번역으로 사용
race+female^Human	인간	人間	人类	race_name		gettext 문맥 키(source_term의 ^ 앞부분)는 번역하지 않고, ^ 뒤의 표시 문자열만 표준 번역으로 사용
race+female^Monster	괴물	モンスター	怪物	race_name		gettext 문맥 키(source_term의 ^ 앞부분)는 번역하지 않고, ^ 뒤의 표시 문자열만 표준 번역으로 사용
race+female^Ogre	오우거(Ogre)	オーガ	食人魔	race_name		gettext 문맥 키(source_term의 ^ 앞부분)는 번역하지 않고, ^ 뒤의 표시 문자열만 표준 번역으로 사용
race+female^Orc	오크	オーク	兽人	race_name		gettext 문맥 키(source_term의 ^ 앞부분)는 번역하지 않고, ^ 뒤의 표시 문자열만 표준 번역으로 사용
race+female^Quenoth Elf	퀴노스(Quenoth) 요정	Quenoth エルフ	奎诺精灵	race_name		gettext 문맥 키(source_term의 ^ 앞부분)는 번역하지 않고, ^ 뒤의 표시 문자열만 표준 번역으로 사용
race+female^Raven	까마귀	カラス	渡鸦	race_name		gettext 문맥 키(source_term의 ^ 앞부분)는 번역하지 않고, ^ 뒤의 표시 문자열만 표준 번역으로 사용
race+female^Saurian	도마뱀족	トカゲ	蜥蜴人	race_name		gettext 문맥 키(source_term의 ^ 앞부분)는 번역하지 않고, ^ 뒤의 표시 문자열만 표준 번역으로 사용
race+female^Troll	트롤(Troll)	トロル	巨魔	race_name		gettext 문맥 키(source_term의 ^ 앞부분)는 번역하지 않고, ^ 뒤의 표시 문자열만 표준 번역으로 사용
race+female^Undead	언데드	アンデッド	亡灵	race_name		gettext 문맥 키(source_term의 ^ 앞부분)는 번역하지 않고, ^ 뒤의 표시 문자열만 표준 번역으로 사용
race+female^Wolf	늑대과	狼	狼	race_name		gettext 문맥 키(source_term의 ^ 앞부분)는 번역하지 않고, ^ 뒤의 표시 문자열만 표준 번역으로 사용
race+plural^Dunefolk	모래언덕 사람들	デューンフォーク	沙丘游民	race_name		gettext 문맥 키(source_term의 ^ 앞부분)는 번역하지 않고, ^ 뒤의 표시 문자열만 표준 번역으로 사용
race+plural^Mechanical	기계	機械	机械	race_name		gettext 문맥 키(source_term의 ^ 앞부분)는 번역하지 않고, ^ 뒤의 표시 문자열만 표준 번역으로 사용
race+plural^Undead	언데드	アンデッド	亡灵	race_name		gettext 문맥 키(source_term의 ^ 앞부분)는 번역하지 않고, ^ 뒤의 표시 문자열만 표준 번역으로 사용
race^Bat	박쥐	コウモリ	蝙蝠	race_name		gettext 문맥 키(source_term의 ^ 앞부분)는 번역하지 않고, ^ 뒤의 표시 문자열만 표준 번역으로 사용
race^Bats	박쥐들	コウモリ	蝙蝠	race_name		gettext 문맥 키(source_term의 ^ 앞부분)는 번역하지 않고, ^ 뒤의 표시 문자열만 표준 번역으로 사용
race^Drake	반룡	ドレーク	龙人	race_name		gettext 문맥 키(source_term의 ^ 앞부분)는 번역하지 않고, ^ 뒤의 표시 문자열만 표준 번역으로 사용
race^Drakes	반룡들	ドレーク	龙人	race_name		gettext 문맥 키(source_term의 ^ 앞부분)는 번역하지 않고, ^ 뒤의 표시 문자열만 표준 번역으로 사용
race^Dunefolk Human	모래언덕 사람	デューンフォーク（人間）	沙丘游民	race_name		gettext 문맥 키(source_term의 ^ 앞부분)는 번역하지 않고, ^ 뒤의 표시 문자열만 표준 번역으로 사용
race^Dwarf	난쟁이	ドワーフ	矮人	race_name		gettext 문맥 키(source_term의 ^ 앞부분)는 번역하지 않고, ^ 뒤의 표시 문자열만 표준 번역으로 사용
race^Dwarves	난쟁이들	ドワーフ	矮人	race_name		gettext 문맥 키(source_term의 ^ 앞부분)는 번역하지 않고, ^ 뒤의 표시 문자열만 표준 번역으로 사용
race^Elf	엘프	エルフ	精灵	race_name		gettext 문맥 키(source_term의 ^ 앞부분)는 번역하지 않고, ^ 뒤의 표시 문자열만 표준 번역으로 사용
race^Elves	엘프들	エルフ	精灵	race_name		gettext 문맥 키(source_term의 ^ 앞부분)는 번역하지 않고, ^ 뒤의 표시 문자열만 표준 번역으로 사용
race^Falcon	매	隼	猎鹰	race_name		gettext 문맥 키(source_term의 ^ 앞부분)는 번역하지 않고, ^ 뒤의 표시 문자열만 표준 번역으로 사용
race^Falcons	매들	隼	猎鹰	race_name		gettext 문맥 키(source_term의 ^ 앞부분)는 번역하지 않고, ^ 뒤의 표시 문자열만 표준 번역으로 사용
race^Goblin	고블린	ゴブリン	地精	race_name		gettext 문맥 키(source_term의 ^ 앞부분)는 번역하지 않고, ^ 뒤의 표시 문자열만 표준 번역으로 사용
race^Goblins	고블린들	ゴブリン	地精	race_name		gettext 문맥 키(source_term의 ^ 앞부분)는 번역하지 않고, ^ 뒤의 표시 문자열만 표준 번역으로 사용
race^Gryphon	그리폰(Gryphon)	グリフォン	狮鹫	race_name		gettext 문맥 키(source_term의 ^ 앞부분)는 번역하지 않고, ^ 뒤의 표시 문자열만 표준 번역으로 사용
race^Gryphons	그리폰들	グリフォン	狮鹫	race_name		gettext 문맥 키(source_term의 ^ 앞부분)는 번역하지 않고, ^ 뒤의 표시 문자열만 표준 번역으로 사용
race^Horse	말	馬	马	race_name		gettext 문맥 키(source_term의 ^ 앞부분)는 번역하지 않고, ^ 뒤의 표시 문자열만 표준 번역으로 사용
race^Horses	말들	馬	马	race_name		gettext 문맥 키(source_term의 ^ 앞부분)는 번역하지 않고, ^ 뒤의 표시 문자열만 표준 번역으로 사용
race^Human	인간	人間	人类	race_name		gettext 문맥 키(source_term의 ^ 앞부분)는 번역하지 않고, ^ 뒤의 표시 문자열만 표준 번역으로 사용
race^Humans	인간들	人間	人类	race_name		gettext 문맥 키(source_term의 ^ 앞부분)는 번역하지 않고, ^ 뒤의 표시 문자열만 표준 번역으로 사용
race^Mechanical	기계	機械	机械	race_name		gettext 문맥 키(source_term의 ^ 앞부분)는 번역하지 않고, ^ 뒤의 표시 문자열만 표준 번역으로 사용
race^Merfolk	인어족	マーフォーク	人鱼	race_name		gettext 문맥 키(source_term의 ^ 앞부분)는 번역하지 않고, ^ 뒤의 표시 문자열만 표준 번역으로 사용
race^Mermaid	여성 인어	マーフォーク	人鱼	race_name		gettext 문맥 키(source_term의 ^ 앞부분)는 번역하지 않고, ^ 뒤의 표시 문자열만 표준 번역으로 사용
race^Merman	남성 인어	マーフォーク	人鱼	race_name		gettext 문맥 키(source_term의 ^ 앞부분)는 번역하지 않고, ^ 뒤의 표시 문자열만 표준 번역으로 사용
race^Miscellaneous	기타	その他	杂项	term		gettext 문맥 키(source_term의 ^ 앞부분)는 번역하지 않고, ^ 뒤의 표시 문자열만 표준 번역으로 사용
race^Monster	괴물	モンスター	怪物	race_name		gettext 문맥 키(source_term의 ^ 앞부분)는 번역하지 않고, ^ 뒤의 표시 문자열만 표준 번역으로 사용
race^Monsters	괴물들	モンスター	怪物	race_name		gettext 문맥 키(source_term의 ^ 앞부분)는 번역하지 않고, ^ 뒤의 표시 문자열만 표준 번역으로 사용
race^Naga	나가(Naga) ♂	ナーガ	娜迦	race_name		gettext 문맥 키(source_term의 ^ 앞부분)는 번역하지 않고, ^ 뒤의 표시 문자열만 표준 번역으로 사용
race^Nagas	나가족	ナーガ	娜迦	race_name		gettext 문맥 키(source_term의 ^ 앞부분)는 번역하지 않고, ^ 뒤의 표시 문자열만 표준 번역으로 사용
race^Nagini	나가 ♀	ナーガ	娜迦	race_name		gettext 문맥 키(source_term의 ^ 앞부분)는 번역하지 않고, ^ 뒤의 표시 문자열만 표준 번역으로 사용
race^Ogre	오우거(Ogre)	オーガ	食人魔	race_name		gettext 문맥 키(source_term의 ^ 앞부분)는 번역하지 않고, ^ 뒤의 표시 문자열만 표준 번역으로 사용
race^Ogres	오우거들	オーガ	食人魔	race_name		gettext 문맥 키(source_term의 ^ 앞부분)는 번역하지 않고, ^ 뒤의 표시 문자열만 표준 번역으로 사용
race^Orc	오크	オーク	兽人	race_name		gettext 문맥 키(source_term의 ^ 앞부분)는 번역하지 않고, ^ 뒤의 표시 문자열만 표준 번역으로 사용
race^Orcs	오크들	オーク	兽人	race_name		gettext 문맥 키(source_term의 ^ 앞부분)는 번역하지 않고, ^ 뒤의 표시 문자열만 표준 번역으로 사용
race^Quenoth Elf	퀴노스(Quenoth) 엘프	Quenoth エルフ	奎诺精灵	race_name		gettext 문맥 키(source_term의 ^ 앞부분)는 번역하지 않고, ^ 뒤의 표시 문자열만 표준 번역으로 사용
race^Quenoth Elves	퀴노스(Quenoth) 엘프들	Quenoth エルフ	奎诺精灵	race_name		gettext 문맥 키(source_term의 ^ 앞부분)는 번역하지 않고, ^ 뒤의 표시 문자열만 표준 번역으로 사용
race^Raven	까마귀	カラス	渡鸦	race_name		gettext 문맥 키(source_term의 ^ 앞부분)는 번역하지 않고, ^ 뒤의 표시 문자열만 표준 번역으로 사용
race^Ravens	까마귀들	カラス	渡鸦	race_name		gettext 문맥 키(source_term의 ^ 앞부분)는 번역하지 않고, ^ 뒤의 표시 문자열만 표준 번역으로 사용
race^Saurian	도마뱀족	トカゲ	蜥蜴人	race_name		gettext 문맥 키(source_term의 ^ 앞부분)는 번역하지 않고, ^ 뒤의 표시 문자열만 표준 번역으로 사용
race^Saurians	도마뱀족	トカゲ	蜥蜴人	race_name		gettext 문맥 키(source_term의 ^ 앞부분)는 번역하지 않고, ^ 뒤의 표시 문자열만 표준 번역으로 사용
race^Troll	트롤(Troll)	トロル	巨魔	race_name		gettext 문맥 키(source_term의 ^ 앞부분)는 번역하지 않고, ^ 뒤의 표시 문자열만 표준 번역으로 사용
race^Trolls	트롤들	トロル	巨魔	race_name		gettext 문맥 키(source_term의 ^ 앞부분)는 번역하지 않고, ^ 뒤의 표시 문자열만 표준 번역으로 사용
race^Undead	언데드	アンデッド	亡灵	race_name		gettext 문맥 키(source_term의 ^ 앞부분)는 번역하지 않고, ^ 뒤의 표시 문자열만 표준 번역으로 사용
race^Wolf	늑대	狼	狼	race_name		gettext 문맥 키(source_term의 ^ 앞부분)는 번역하지 않고, ^ 뒤의 표시 문자열만 표준 번역으로 사용
race^Wolves	늑대들	狼	狼	race_name		gettext 문맥 키(source_term의 ^ 앞부분)는 번역하지 않고, ^ 뒤의 표시 문자열만 표준 번역으로 사용
race^Wose	나모	ウーズ	树人	race_name		gettext 문맥 키(source_term의 ^ 앞부분)는 번역하지 않고, ^ 뒤의 표시 문자열만 표준 번역으로 사용
race^Woses	나모들	ウーズ	树人	race_name		gettext 문맥 키(source_term의 ^ 앞부분)는 번역하지 않고, ^ 뒤의 표시 문자열만 표준 번역으로 사용
raging blizzard	맹렬한 눈보라	猛烈な吹雪	狂怒暴雪	attack_type		
rain of arrows	화살비	矢の雨	箭雨	term		
ram	충각	角	巨槌	attack_type		
ranged	원격	遠隔	远程	combat_range		
ray	광선	光線	光束	term		
reanimation	재생	死者復活	复生术	term		
reap	수확	収穫	收割	term		
recruit^Swimming Corpse	헤엄치는 시체	泳ぐ死体	征募^水行僵尸	term		gettext 문맥 키(source_term의 ^ 앞부분)는 번역하지 않고, ^ 뒤의 표시 문자열만 표준 번역으로 사용
refreshed	회복됨	リフレッシュ	恢复	term		
regenerates	재생	再生	再生	item_name		
replay	리플레이 파일	リプレイ	游戏录像	term		
replay^Play	재생	再生	播放	term		gettext 문맥 키(source_term의 ^ 앞부분)는 번역하지 않고, ^ 뒤의 표시 문자열만 표준 번역으로 사용
replay^Reset	초기화	リセット	重置	term		gettext 문맥 키(source_term의 ^ 앞부분)는 번역하지 않고, ^ 뒤의 표시 문자열만 표준 번역으로 사용
replay^Stop	중지	停止	停止	term		gettext 문맥 키(source_term의 ^ 앞부분)는 번역하지 않고, ^ 뒤의 표시 문자열만 표준 번역으로 사용
reset to beginning	처음으로 돌아가기	リプレイを始めの状態に戻します	重置到开局状态	term		
resilient	튼튼한	頑強	坚韧	trait		
righteous rage	정의로운 분노	義憤	正义之怒	term		
ring	반지	指輪	指环	item_name		
river^Delta	델타	三角州	三角洲	term		gettext 문맥 키(source_term의 ^ 앞부분)는 번역하지 않고, ^ 뒤의 표시 문자열만 표준 번역으로 사용
rock	돌	岩	岩石	attack_type		
rod of justice	정의의 지팡이	裁きの杖	公正之杖	attack_type		
rod of justice^Leave it	내려놓기	拾わない	放下	term		gettext 문맥 키(source_term의 ^ 앞부분)는 번역하지 않고, ^ 뒤의 표시 문자열만 표준 번역으로 사용
rod of justice^Take it	가지기	拾う	拿起	term		gettext 문맥 키(source_term의 ^ 앞부분)는 번역하지 않고, ^ 뒤의 표시 문자열만 표준 번역으로 사용
rotting	부패하는	腐敗	腐烂	term		
rough	구릉 타일	荒地	粗糙	term		
royalty	왕족	君主	王室成员	term		
ruby of fire	불의 루비	炎のルビー	圣火之红宝石	attack_type		
saber	기병도	サーベル	轻剑	attack_type		
sand	모래	砂	沙	attack_type		
sand storm	모래 폭풍	砂嵐	沙暴	attack_type		
sandstorm	모래 폭풍	砂嵐	沙暴	attack_type		
sapphire of ice	얼음의 사파이어	氷のサファイア	冰之蓝宝石	attack_type		
save_compression^Bzip2	Bzip2	Bzip2	Bzip2	term		gettext 문맥 키(source_term의 ^ 앞부분)는 번역하지 않고, ^ 뒤의 표시 문자열만 표준 번역으로 사용
save_compression^Gzip	Gzip	Gzip	Gzip	term		gettext 문맥 키(source_term의 ^ 앞부분)는 번역하지 않고, ^ 뒤의 표시 문자열만 표준 번역으로 사용
save_compression^No	압축 안함	圧縮無し	不压缩	term		gettext 문맥 키(source_term의 ^ 앞부분)는 번역하지 않고, ^ 뒤의 표시 문자열만 표준 번역으로 사용
save_compression_desc^Large plain text files	용량이 큰 일반 텍스트 파일	プレーンテキストファイル、サイズは大きい	大号纯文本文件	term		gettext 문맥 키(source_term의 ^ 앞부분)는 번역하지 않고, ^ 뒤의 표시 문자열만 표준 번역으로 사용
scenario name^Blackwater Port	검은물(Blackwater) 항구	黒水港	黑水港	campaign_name		gettext 문맥 키(source_term의 ^ 앞부분)는 번역하지 않고, ^ 뒤의 표시 문자열만 표준 번역으로 사용
scenario_abbreviation^S	S	シ	S	term		gettext 문맥 키(source_term의 ^ 앞부분)는 번역하지 않고, ^ 뒤의 표시 문자열만 표준 번역으로 사용
scepter	홀	笏	权杖	attack_type		
sceptre of fire	화염의 홀	炎の笏	圣火权杖	attack_type	불의 왕홀	
scimitar	시미타	シミター	弯刀	attack_type		
scuttler	재빠른 것	砂走り	凿击	term		
second verse	두 번째 소절	第２小節	第二乐章	term		
sentinel	파수꾼	衛士	哨兵	item_name		
servant	하인	not found	not found	unit_role		
shadow blast	그림자 폭발	影破	暗影波	attack_type		
shadow bolt	그림자 화살	影の矢	暗影箭	attack_type		
shadow wave	그림자 파동	影の波動	暗影波	attack_type		
shield	방패	盾	盾击	attack_type		
shield bash	방패 찍기	シールドバッシュ	盾击	attack_type		
shock	충격	衝撃	震击	attack_type		
short sword	단검	短剣	短剑	attack_type		
shriek	날카로운 외침	金切り声	尖叫	attack_type		
shroud	장막	幕	遮蔽	term		
skirmisher	척후병	散兵	散兵	term	척후	
slam	밟아 찍기	強打	猛击	attack_type		
sling	돌팔매	スリング	投石器	attack_type		
slow	느림	鈍重	缓慢	trait		
slowed	둔화	遅化	减速	term		
slows	둔화	遅化	减速	term		
smash	강타	強打	粉碎	attack_type		
smashing frenzy	분쇄하는 광란	粉砕する熱狂	粉碎狂怒	attack_type		
some experienced warriors	숙련된 전사들	経験を積んだ戦士の何人か	一些久经沙场的战士	term		
sorrow	슬픔	悲哀	悲哀	term		
soul eater	영혼 포식자	魂喰	噬魂者	term		
soul rend	영혼 분쇄	魂裂	灵魂撕裂	term		
spear	창	槍	矛	attack_type		
special	특수 타일	特殊地形	特殊	term		
speed strike	속공	瞬斬	迅击	attack_type		
spell bind	주문 속박	呪縛	咒缚	term		
squall	돌풍	突風	狂风	attack_type		
staff	지팡이	杖	法杖	attack_type		
staff of power	힘의 지팡이	力の杖	强力法杖	attack_type		
staff of radiance	빛의 지팡이	光輝の杖	光芒之杖	attack_type		
starving	굶주림	飢餓	饥饿	term		
state	상태	状態	状态	term		
stats^Recruits	모집	雇用	次征募	term		gettext 문맥 키(source_term의 ^ 앞부분)는 번역하지 않고, ^ 뒤의 표시 문자열만 표준 번역으로 사용
statue	조각상	像	雕像	trait		
statuspanel^lvl	수준	Lv	等级	term		gettext 문맥 키(source_term의 ^ 앞부분)는 번역하지 않고, ^ 뒤의 표시 문자열만 표준 번역으로 사용
steadfast	굳건함	装甲	坚定	term	철벽	
stiletto beak	단검 부리	鋭いくちばし	尖喙	attack_type		
sting	침	毒針	蛰刺	attack_type		
storm trident	폭풍의 삼지창	ストームトライデント	风暴三叉戟	attack_type		
storm trident^Leave it	놔둔다	置いて行く	留下风暴三叉戟	term		gettext 문맥 키(source_term의 ^ 앞부분)는 번역하지 않고, ^ 뒤의 표시 문자열만 표준 번역으로 사용
storm trident^Take it	가진다	手に取る	拿走风暴三叉戟	term		gettext 문맥 키(source_term의 ^ 앞부분)는 번역하지 않고, ^ 뒤의 표시 문자열만 표준 번역으로 사용
strong	힘센	強力	强壮	trait		
stun	기절	スタン	击晕	term		
stunned	기절됨	スタン	眩晕	term		
submerge	잠수	潜水	潜水	term		
sun incarnate	태양의 화신	太陽の化身	旭日具现	attack_type		
sun invocation	태양에 간구	太陽召喚	旭日召令	attack_type		
sun ray	태양 광선	太陽光線	旭日光束	attack_type		
support	지원	支援	支援	term		
survivor	생존자	生存者	幸存者	trait		
swamp lurk	늪 잠복	沼隠れ	沼泽潜伏	term		
swarm	난무	群れ	群击	term		
swift	신속	刹那	速攻	attack_type		
sword	검	剣	剑	attack_type		
sword dance	칼춤	剣の舞	剑舞	term		
tail	꼬리치기	尾	尾巴	attack_type		
tar bomb	타르 폭탄	タール爆弾	焦油炸弹	attack_type		
taunt	조롱	嘲笑	嘲讽	term		
taunted	조롱당함	被嘲笑	被嘲讽	term		
taunting strike	도발 공격	挑発攻撃	嘲讽打击	attack_type		
teaching	가르침	指導	传授	term		
team_name^Dwarves	난쟁이들	ドワーフ	矮人	faction		gettext 문맥 키(source_term의 ^ 앞부분)는 번역하지 않고, ^ 뒤의 표시 문자열만 표준 번역으로 사용
team_name^Orcs	오크들	オーク	兽人	faction		gettext 문맥 키(source_term의 ^ 앞부분)는 번역하지 않고, ^ 뒤의 표시 문자열만 표준 번역으로 사용
team_name^Quenoth Elves	퀴노스(Quenoth) 엘프족	Quenoth エルフ	奎诺精灵	faction		gettext 문맥 키(source_term의 ^ 앞부분)는 번역하지 않고, ^ 뒤의 표시 문자열만 표준 번역으로 사용
team_name^Student	학생	生徒	学生	faction		gettext 문맥 키(source_term의 ^ 앞부분)는 번역하지 않고, ^ 뒤의 표시 문자열만 표준 번역으로 사용
team_name^Trolls	트롤들	トロル	巨魔	faction		gettext 문맥 키(source_term의 ^ 앞부분)는 번역하지 않고, ^ 뒤의 표시 문자열만 표준 번역으로 사용
teamname^Center	중앙 팀	中央軍	中军	faction		gettext 문맥 키(source_term의 ^ 앞부분)는 번역하지 않고, ^ 뒤의 표시 문자열만 표준 번역으로 사용
teamname^Defenders	수비대	防衛者	守卫者	faction		gettext 문맥 키(source_term의 ^ 앞부분)는 번역하지 않고, ^ 뒤의 표시 문자열만 표준 번역으로 사용
teamname^East	동쪽 팀	東軍	东军	faction		gettext 문맥 키(source_term의 ^ 앞부분)는 번역하지 않고, ^ 뒤의 표시 문자열만 표준 번역으로 사용
teamname^Enemies	적	敵軍	敌人	faction		gettext 문맥 키(source_term의 ^ 앞부분)는 번역하지 않고, ^ 뒤의 표시 문자열만 표준 번역으로 사용
teamname^Human	인간	人間	人类	faction		gettext 문맥 키(source_term의 ^ 앞부분)는 번역하지 않고, ^ 뒤의 표시 문자열만 표준 번역으로 사용
teamname^Illusion	환영	幻影	幻影	faction		gettext 문맥 키(source_term의 ^ 앞부분)는 번역하지 않고, ^ 뒤의 표시 문자열만 표준 번역으로 사용
teamname^Inky	먹물(Inky)	Inky	墨墨	faction		gettext 문맥 키(source_term의 ^ 앞부분)는 번역하지 않고, ^ 뒤의 표시 문자열만 표준 번역으로 사용
teamname^Invaders	침략자	侵略者	入侵者	faction		gettext 문맥 키(source_term의 ^ 앞부분)는 번역하지 않고, ^ 뒤의 표시 문자열만 표준 번역으로 사용
teamname^Monsters	괴물들	モンスター	怪物	faction	레지스탕스	gettext 문맥 키(source_term의 ^ 앞부분)는 번역하지 않고, ^ 뒤의 표시 문자열만 표준 번역으로 사용
teamname^North	북쪽 팀	北軍	北军	faction		gettext 문맥 키(source_term의 ^ 앞부분)는 번역하지 않고, ^ 뒤의 표시 문자열만 표준 번역으로 사용
teamname^Northeast	북동 팀	北東軍	东北	faction		gettext 문맥 키(source_term의 ^ 앞부분)는 번역하지 않고, ^ 뒤의 표시 문자열만 표준 번역으로 사용
teamname^Northwest	북서 팀	北西軍	西北	faction		gettext 문맥 키(source_term의 ^ 앞부분)는 번역하지 않고, ^ 뒤의 표시 문자열만 표준 번역으로 사용
teamname^Opposers	반대자들	妨害者	压迫者	faction		gettext 문맥 키(source_term의 ^ 앞부분)는 번역하지 않고, ^ 뒤의 표시 문자열만 표준 번역으로 사용
teamname^Prisoners	포로	囚人たち	囚徒	faction		gettext 문맥 키(source_term의 ^ 앞부분)는 번역하지 않고, ^ 뒤의 표시 문자열만 표준 번역으로 사용
teamname^Revolt	반란	暴徒	反抗者	faction		gettext 문맥 키(source_term의 ^ 앞부분)는 번역하지 않고, ^ 뒤의 표시 문자열만 표준 번역으로 사용
teamname^Settlers	정착민	移民たち	移民	faction		gettext 문맥 키(source_term의 ^ 앞부분)는 번역하지 않고, ^ 뒤의 표시 문자열만 표준 번역으로 사용
teamname^Shapeshifter	변신자	シェイプシフター	化形者	faction		gettext 문맥 키(source_term의 ^ 앞부분)는 번역하지 않고, ^ 뒤의 표시 문자열만 표준 번역으로 사용
teamname^South	남쪽 팀	南軍	南军	faction		gettext 문맥 키(source_term의 ^ 앞부분)는 번역하지 않고, ^ 뒤의 표시 문자열만 표준 번역으로 사용
teamname^Southeast	남동 팀	南東軍	东南	faction		gettext 문맥 키(source_term의 ^ 앞부분)는 번역하지 않고, ^ 뒤의 표시 문자열만 표준 번역으로 사용
teamname^Southwest	남서 팀	南西軍	西南	faction		gettext 문맥 키(source_term의 ^ 앞부분)는 번역하지 않고, ^ 뒤의 표시 문자열만 표준 번역으로 사용
teamname^Squid	오징어	イカ	乌贼	faction		gettext 문맥 키(source_term의 ^ 앞부분)는 번역하지 않고, ^ 뒤의 표시 문자열만 표준 번역으로 사용
teamname^Statues	조각상	石像	雕像	faction		gettext 문맥 키(source_term의 ^ 앞부분)는 번역하지 않고, ^ 뒤의 표시 문자열만 표준 번역으로 사용
teamname^Team 1	1팀	チーム 1	团队1	faction		gettext 문맥 키(source_term의 ^ 앞부분)는 번역하지 않고, ^ 뒤의 표시 문자열만 표준 번역으로 사용
teamname^Team 2	2팀	チーム 2	团队2	faction		gettext 문맥 키(source_term의 ^ 앞부분)는 번역하지 않고, ^ 뒤의 표시 문자열만 표준 번역으로 사용
teamname^Team 3	3 팀	チーム 3	团队3	faction		gettext 문맥 키(source_term의 ^ 앞부분)는 번역하지 않고, ^ 뒤의 표시 문자열만 표준 번역으로 사용
teamname^Team 4	4 팀	チーム 4	团队4	faction		gettext 문맥 키(source_term의 ^ 앞부분)는 번역하지 않고, ^ 뒤의 표시 문자열만 표준 번역으로 사용
teamname^Void	공허	なし	空缺	faction		gettext 문맥 키(source_term의 ^ 앞부분)는 번역하지 않고, ^ 뒤의 표시 문자열만 표준 번역으로 사용
teamname^West	서쪽 팀	西軍	西军	faction		gettext 문맥 키(source_term의 ^ 앞부분)는 번역하지 않고, ^ 뒤의 표시 문자열만 표준 번역으로 사용
teleport	순간 이동	瞬間移動	传送	item_name	전이	
tenacity	불굴	不屈	顽强	term		
tentacle	촉수	触手	触须	attack_type		
terrain factor	지형 요소	地形の係数	地形因子	term		
terror	공포	恐怖	恐惧光环	term		
theme^Default	기본값	デフォルト	默认	term		gettext 문맥 키(source_term의 ^ 앞부분)는 번역하지 않고, ^ 뒤의 표시 문자열만 표준 번역으로 사용
theme^Editor	편집기	エディタ	编辑器	term		gettext 문맥 키(source_term의 ^ 앞부분)는 번역하지 않고, ^ 뒤의 표시 문자열만 표준 번역으로 사용
third verse	세번째 소절	第３小節	第三乐章	term		
third verse illuminates	세 번째 소절 빛내기	第３小節が「照明」効果をもたらします	第三乐章可照明	term		
thirst	목마름	脱水症状	口渴	term		
this game	이 게임	このゲーム	此游戏	term		
thorns	가시나무	刺の術	荆棘	attack_type		
throwing knives	단도 투척	投げナイフ	飞刀	attack_type		
thunderstick	벽력포	雷撃棒	雷霆棍	attack_type		
time limit^none	없음	なし	无	term		gettext 문맥 키(source_term의 ^ 앞부분)는 번역하지 않고, ^ 뒤의 표시 문자열만 표준 번역으로 사용
time of day^None	없음	なし	无	term		gettext 문맥 키(source_term의 ^ 앞부분)는 번역하지 않고, ^ 뒤의 표시 문자열만 표준 번역으로 사용
timespan^expired	만료됨	期限切れ	过期	ui		gettext 문맥 키(source_term의 ^ 앞부분)는 번역하지 않고, ^ 뒤의 표시 문자열만 표준 번역으로 사용
to himself	자신에게	彼自身への	对他自己	trait		
torch	횃불	松明	火炬	attack_type		
touch	손길	接触	触碰	unit_name		
trained	훈련됨	訓練	训练有素	term		
training sword	수련검	訓練用の剣	受训剑术	attack_type		
trample	짓밟기	踏みつけ	践踏	attack_type		
translations^None	없음	なし	无	term		gettext 문맥 키(source_term의 ^ 앞부분)는 번역하지 않고, ^ 뒤의 표시 문자열만 표준 번역으로 사용
trident	삼지창	トライデント	三叉戟	attack_type		
true strike	진정한 일격	真の一撃	准确打击	term		
tusk	엄니	牙	长牙	attack_type		
twister	회오리	竜巻	旋风	attack_type		
unarmed	비무장	素手	未武装	attack_type		
undead	언데드	アンデッド	亡灵	trait		
unhealable	치료불가	回復不能	不可治疗	term		
unit help^Attacks	공격	攻撃	攻击手段	term		gettext 문맥 키(source_term의 ^ 앞부분)는 번역하지 않고, ^ 뒤의 표시 문자열만 표준 번역으로 사용
unit help^Name	이름	名前	名称	term		gettext 문맥 키(source_term의 ^ 앞부분)는 번역하지 않고, ^ 뒤의 표시 문자열만 표준 번역으로 사용
unit_byte^B	B	B	B	term		gettext 문맥 키(source_term의 ^ 앞부분)는 번역하지 않고, ^ 뒤의 표시 문자열만 표준 번역으로 사용
unit_variation^Default Variation	기본 변형	デフォルトのバリエーション	默认变化	term		gettext 문맥 키(source_term의 ^ 앞부분)는 번역하지 않고, ^ 뒤의 표시 문자열만 표준 번역으로 사용
units	유닛	ユニット	单位	term		
unlimited	무제한	無制限	无限制	term		
url^None	없음	なし	无	term		gettext 문맥 키(source_term의 ^ 앞부분)는 번역하지 않고, ^ 뒤의 표시 문자열만 표준 번역으로 사용
user_team_name^Merfolk	인어	マーフォーク	人鱼	term		gettext 문맥 키(source_term의 ^ 앞부분)는 번역하지 않고, ^ 뒤의 표시 문자열만 표준 번역으로 사용
uses 1 attack	1개 공격을 사용	攻撃１回分を使用	使用1个攻击次数	term		
uses 2 attacks	2개 공격을 사용	攻撃２回分を使用	使用2个攻击次数	term		
uses 3 attacks	3개 공격을 사용	攻撃３回分を使用	使用3个攻击次数	term		
uses 4 attacks	4개 공격을 사용	攻撃４回分を使用	使用4个攻击次数	term		
uses 5 attacks	5개 공격을 사용	攻撃５回分を使用	使用5个攻击次数	term		
uses 6 attacks	6개 공격을 사용	攻撃６回分を使用	使用6个攻击次数	term		
vanguard	선봉	前衛	先锋	term		
variation^Elder	장로	年長者	长者	term		gettext 문맥 키(source_term의 ^ 앞부분)는 번역하지 않고, ^ 뒤의 표시 문자열만 표준 번역으로 사용
variation^Novice	초보자	見習い	新手	term		gettext 문맥 키(source_term의 ^ 앞부분)는 번역하지 않고, ^ 뒤의 표시 문자열만 표준 번역으로 사용
version	판번호	バージョン	版本	term		
village	마을 타일	村	村庄	term		
village density	마을 밀도	村の密度	村庄密度	term		
villages	마을들	村	村庄	term		
vision^All	모두	全て	全部	term		gettext 문맥 키(source_term의 ^ 앞부분)는 번역하지 않고, ^ 뒤의 표시 문자열만 표준 번역으로 사용
vision^None	없음	なし	无	term		gettext 문맥 키(source_term의 ^ 앞부분)는 번역하지 않고, ^ 뒤의 표시 문자열만 표준 번역으로 사용
vision^Shroud	장막	幕	战场黑幕	term		gettext 문맥 키(source_term의 ^ 앞부분)는 번역하지 않고, ^ 뒤의 표시 문자열만 표준 번역으로 사용
vision^none	없음	なし	无	term		gettext 문맥 키(source_term의 ^ 앞부분)는 번역하지 않고, ^ 뒤의 표시 문자열만 표준 번역으로 사용
vitalize	활력	活性	活化	term		
void armor	공허의 갑옷	虚無の鎧	虚空战甲	trait		
wail	벽	叫び声	哀嚎	attack_type		
waiting for^a global variable	전역 변수	グローバル変数	全局变量	term		gettext 문맥 키(source_term의 ^ 앞부분)는 번역하지 않고, ^ 뒤의 표시 문자열만 표준 번역으로 사용
waiting for^an advancement choice	승급 선택	レベルアップ先の選択	升级选择	term		gettext 문맥 키(source_term의 ^ 앞부분)는 번역하지 않고, ^ 뒤의 표시 문자열만 표준 번역으로 사용
waiting for^input	입력	入力	输入	term		gettext 문맥 키(source_term의 ^ 앞부분)는 번역하지 않고, ^ 뒤의 표시 문자열만 표준 번역으로 사용
war blade	전투 칼날	戦刀	战刃	attack_type		
war claws	전쟁 갈퀴	戦爪	战爪	attack_type		
war talon	전투용 갈고리	戦爪	战争利爪	attack_type		
warfare	전쟁	戦術	军事	term		
water	수상 타일	水域	水	term		
water spray	물보라	水撃	水浪	attack_type		
water^Springs	봄	水源地	泉水	term		gettext 문맥 키(source_term의 ^ 앞부분)는 번역하지 않고, ^ 뒤의 표시 문자열만 표준 번역으로 사용
waterbreathing	수중 호흡	水中呼吸	水下呼吸	trait		
wc_variation^Ant	개미	アリ	蚂蚁	term		gettext 문맥 키(source_term의 ^ 앞부분)는 번역하지 않고, ^ 뒤의 표시 문자열만 표준 번역으로 사용
wc_variation^Bat	박쥐	コウモリ	蝙蝠	term		gettext 문맥 키(source_term의 ^ 앞부분)는 번역하지 않고, ^ 뒤의 표시 문자열만 표준 번역으로 사용
wc_variation^Beast-Rider	짐승 기수	ビーストライダー	兽骑士	term		gettext 문맥 키(source_term의 ^ 앞부분)는 번역하지 않고, ^ 뒤의 표시 문자열만 표준 번역으로 사용
wc_variation^Boar	멧돼지	猪	野猪	term		gettext 문맥 키(source_term의 ^ 앞부분)는 번역하지 않고, ^ 뒤의 표시 문자열만 표준 번역으로 사용
wc_variation^Bug	벌레	虫	臭虫	term		gettext 문맥 키(source_term의 ^ 앞부분)는 번역하지 않고, ^ 뒤의 표시 문자열만 표준 번역으로 사용
wc_variation^Drake	반룡	ドレーク	龙人	term		gettext 문맥 키(source_term의 ^ 앞부분)는 번역하지 않고, ^ 뒤의 표시 문자열만 표준 번역으로 사용
wc_variation^Dwarf	난쟁이	ドワーフ	矮人	term		gettext 문맥 키(source_term의 ^ 앞부분)는 번역하지 않고, ^ 뒤의 표시 문자열만 표준 번역으로 사용
wc_variation^Falcon	매	隼	猎隼	term		gettext 문맥 키(source_term의 ^ 앞부분)는 번역하지 않고, ^ 뒤의 표시 문자열만 표준 번역으로 사용
wc_variation^Fish	물고기	魚	鱼	term		gettext 문맥 키(source_term의 ^ 앞부분)는 번역하지 않고, ^ 뒤의 표시 문자열만 표준 번역으로 사용
wc_variation^Goblin	고블린	ゴブリン	地精	term		gettext 문맥 키(source_term의 ^ 앞부분)는 번역하지 않고, ^ 뒤의 표시 문자열만 표준 번역으로 사용
wc_variation^Gryphon	그리폰(Gryphon)	グリフォン	狮鹫	term		gettext 문맥 키(source_term의 ^ 앞부분)는 번역하지 않고, ^ 뒤의 표시 문자열만 표준 번역으로 사용
wc_variation^Horse	말	馬	马	term		gettext 문맥 키(source_term의 ^ 앞부분)는 번역하지 않고, ^ 뒤의 표시 문자열만 표준 번역으로 사용
wc_variation^Mounted	기마	騎乗	骑手	term		gettext 문맥 키(source_term의 ^ 앞부분)는 번역하지 않고, ^ 뒤의 표시 문자열만 표준 번역으로 사용
wc_variation^Rat	쥐	ネズミ	鼠	term		gettext 문맥 키(source_term의 ^ 앞부분)는 번역하지 않고, ^ 뒤의 표시 문자열만 표준 번역으로 사용
wc_variation^Saurian	사우리안	トカゲ	蜥蜴人	term		gettext 문맥 키(source_term의 ^ 앞부분)는 번역하지 않고, ^ 뒤의 표시 문자열만 표준 번역으로 사용
wc_variation^Scorpion	전갈	サソリ	蝎	term		gettext 문맥 키(source_term의 ^ 앞부분)는 번역하지 않고, ^ 뒤의 표시 문자열만 표준 번역으로 사용
wc_variation^Scuttler	재빠른 것	砂走り	快跑者	term		gettext 문맥 키(source_term의 ^ 앞부분)는 번역하지 않고, ^ 뒤의 표시 문자열만 표준 번역으로 사용
wc_variation^Serpent	뱀	サーペント	海蛇	term		gettext 문맥 키(source_term의 ^ 앞부분)는 번역하지 않고, ^ 뒤의 표시 문자열만 표준 번역으로 사용
wc_variation^Spider	거미	クモ	蜘蛛	term		gettext 문맥 키(source_term의 ^ 앞부분)는 번역하지 않고, ^ 뒤의 표시 문자열만 표준 번역으로 사용
wc_variation^Swimmer	수영하는 자	水棲生物	泳者	term		gettext 문맥 키(source_term의 ^ 앞부분)는 번역하지 않고, ^ 뒤의 표시 문자열만 표준 번역으로 사용
wc_variation^Troll	트롤(Troll)	トロル	巨魔	term		gettext 문맥 키(source_term의 ^ 앞부분)는 번역하지 않고, ^ 뒤의 표시 문자열만 표준 번역으로 사용
wc_variation^Wolf	늑대	狼	狼	term		gettext 문맥 키(source_term의 ^ 앞부분)는 번역하지 않고, ^ 뒤의 표시 문자열만 표준 번역으로 사용
wc_variation^Wose	나모	ウーズ	树人	term		gettext 문맥 키(source_term의 ^ 앞부분)는 번역하지 않고, ^ 뒤의 표시 문자열만 표준 번역으로 사용
weak	약함	非力	虚弱	trait		
weapon^None	없음	なし	无	term		gettext 문맥 키(source_term의 ^ 앞부분)는 번역하지 않고, ^ 뒤의 표시 문자열만 표준 번역으로 사용
web	그물	蜘蛛の巣	蛛网	attack_type		
wesnoth	웨스노스(wesnoth)	wesnoth	wesnoth	term		
wesnothd	wesnothd	wesnothd	wesnothd	term		
whinny	히힝	いななき	嘶鸣	attack_type		
whip	채찍	鞭	鞭子	attack_type		
whirlwind	회오리바람	竜巻	旋风	attack_type		
whiteboard^Delete Action	행동 삭제	アクションを削除	删除行动	term		gettext 문맥 키(source_term의 ^ 앞부분)는 번역하지 않고, ^ 뒤의 표시 문자열만 표준 번역으로 사용
whiteboard^Execute Action	행동 실행	アクションを実行	执行行动	term		gettext 문맥 키(source_term의 ^ 앞부분)는 번역하지 않고, ^ 뒤의 표시 문자열만 표준 번역으로 사용
whiteboard^Execute All Actions	모든 행동 실행	全てのアクションを実行	执行全部行动	term		gettext 문맥 키(source_term의 ^ 앞부분)는 번역하지 않고, ^ 뒤의 표시 문자열만 표준 번역으로 사용
whiteboard^Move Action Down	행동 순서 내리기	アクションの順番を遅くする	后移行动	term		gettext 문맥 키(source_term의 ^ 앞부분)는 번역하지 않고, ^ 뒤의 표시 문자열만 표준 번역으로 사용
whiteboard^Move Action Up	행동 순서 올리기	アクションの順番を早める	前移行动	term		gettext 문맥 키(source_term의 ^ 앞부분)는 번역하지 않고, ^ 뒤의 표시 문자열만 표준 번역으로 사용
whiteboard^Planning Mode	계획 모드	計画モードの切り替え	计划模式	term		gettext 문맥 키(source_term의 ^ 앞부분)는 번역하지 않고, ^ 뒤의 표시 문자열만 표준 번역으로 사용
whiteboard^Suppose Dead	사망으로 가정	死亡を仮定（計画モード）	认为已死亡	term		gettext 문맥 키(source_term의 ^ 앞부분)는 번역하지 않고, ^ 뒤의 표시 문자열만 표준 번역으로 사용
with sceptre	홀을 든	笏装備	持有权杖	term		
wmlindent	wmlindent	wmlindent	wmlindent	term		
wmlindent mode	wmlindent 모드	wmlindent モード	wmlindent模式	term		
wmlindent options	wmlindent 옵션	wmlindent オプション	wmlindent选项	term		
wmllint	wmllint	wmllint	wmllint	term		
wmllint mode	wmllint 모드	wmllint モード	wmllint模式	term		
wmllint options	wmllint 옵션	wmllint オプション	wmllint选项	term		
wmlscope	wmlscope	wmlscope	wmlscope	term		
wmlscope options	wmlscope 옵션	wmlscope オプション	wmlscope选项	term		
wmlxgettext	wmlxgettext	wmlxgettext	wmlxgettext	term		
yes	예	はい	是	term	있음	
yetiburger	예티버거	イエティバーガー	雪人堡	item_name		
zombie frenzy	좀비 광란	死体狂乱	僵尸狂热	term		
Üurgh	위르그(Üurgh)	Üurgh	物戈	faction		
↑ ↓ to adjust speed	↑ ↓로 속도 조절	↑ ↓：スクロールスピードの調節	↑ ↓ 调整速度	term		
∞	∞	無限	∞	identifier		
